index_code,trade_date,open,high,low,close,volume,amount,source,run_id,update_time
000300,2023-01-03,3864.836,3893.99,3831.245,3887.899,11505187500,,akshare.stock_zh_index_daily,week1_data_engineer_20260707_20260707T140842,2026-07-07T14:09:03
000300,2023-01-04,3886.25,3905.903,3873.655,3892.948,11066074300,,akshare.stock_zh_index_daily,week1_data_engineer_20260707_20260707T140842,2026-07-07T14:09:03
000300,2023-01-05,3913.493,3974.875,3912.26,3968.578,11650239500,,akshare.stock_zh_index_daily,week1_data_engineer_20260707_20260707T140842,2026-07-07T14:09:03
000300,2023-01-06,3969.549,4000.414,3966.47,3980.889,11095303800,,akshare.stock_zh_index_daily,week1_data_engineer_20260707_20260707T140842,2026-07-07T14:09:03
000300,2023-01-09,3998.528,4023.09,3990.707,4013.12,11705442500,,akshare.stock_zh_index_daily,week1_data_engineer_20260707_20260707T140842,2026-07-07T14:09:03
000300,2023-01-10,4014.713,4030.457,4002.23,4017.474,10175114100,,akshare.stock_zh_index_daily,week1_data_engineer_20260707_20260707T140842,2026-07-07T14:09:03
000300,2023-01-11,4019.884,4043.399,4008.015,4010.031,9999788900,,akshare.stock_zh_index_daily,week1_data_engineer_20260707_20260707T140842,2026-07-07T14:09:03
000300,2023-01-12,4021.755,4030.288,4003.508,4017.869,9055262700,,akshare.stock_zh_index_daily,week1_data_engineer_20260707_20260707T140842,2026-07-07T14:09:03
000300,2023-01-13,4032.291,4074.377,4027.886,4074.377,9587189600,,akshare.stock_zh_index_daily,week1_data_engineer_20260707_20260707T140842,2026-07-07T14:09:03
000300,2023-01-16,4077.879,4177.104,4076.639,4137.964,15139545500,,akshare.stock_zh_index_daily,week1_data_engineer_20260707_20260707T140842,2026-07-07T14:09:03
000300,2023-01-17,4138.843,4148.584,4118.157,4137.242,9547904000,,akshare.stock_zh_index_daily,week1_data_engineer_20260707_20260707T140842,2026-07-07T14:09:03
000300,2023-01-18,4140.102,4151.458,4125.769,4130.314,8420064500,,akshare.stock_zh_index_daily,week1_data_engineer_20260707_20260707T140842,2026-07-07T14:09:03
000300,2023-01-19,4125.577,4156.008,4105.98,4156.008,9460839800,,akshare.stock_zh_index_daily,week1_data_engineer_20260707_20260707T140842,2026-07-07T14:09:03
000300,2023-01-20,4166.844,4189.831,4161.67,4181.527,12355380900,,akshare.stock_zh_index_daily,week1_data_engineer_20260707_20260707T140842,2026-07-07T14:09:03
000300,2023-01-30,4267.625,4268.152,4197.86,4201.345,16460706400,,akshare.stock_zh_index_daily,week1_data_engineer_20260707_20260707T140842,2026-07-07T14:09:03
000300,2023-01-31,4200.581,4212.735,4153.048,4156.858,12455083500,,akshare.stock_zh_index_daily,week1_data_engineer_20260707_20260707T140842,2026-07-07T14:09:03
000300,2023-02-01,4170.132,4195.933,4137.766,4195.933,14100895400,,akshare.stock_zh_index_daily,week1_data_engineer_20260707_20260707T140842,2026-07-07T14:09:03
000300,2023-02-02,4207.412,4207.412,4170.557,4181.149,13382373600,,akshare.stock_zh_index_daily,week1_data_engineer_20260707_20260707T140842,2026-07-07T14:09:03
000300,2023-02-03,4162.026,4162.026,4103.165,4141.632,11704122100,,akshare.stock_zh_index_daily,week1_data_engineer_20260707_20260707T140842,2026-07-07T14:09:03
000300,2023-02-06,4103.831,4105.945,4065.222,4086.878,11019271700,,akshare.stock_zh_index_daily,week1_data_engineer_20260707_20260707T140842,2026-07-07T14:09:03
000300,2023-02-07,4098.312,4107.344,4077.962,4094.234,9136007200,,akshare.stock_zh_index_daily,week1_data_engineer_20260707_20260707T140842,2026-07-07T14:09:03
000300,2023-02-08,4099.857,4111.475,4072.647,4076.141,8478609900,,akshare.stock_zh_index_daily,week1_data_engineer_20260707_20260707T140842,2026-07-07T14:09:03
000300,2023-02-09,4067.563,4130.857,4064.749,4130.857,10228996100,,akshare.stock_zh_index_daily,week1_data_engineer_20260707_20260707T140842,2026-07-07T14:09:03
000300,2023-02-10,4124.099,4125.289,4092.347,4106.31,9671673300,,akshare.stock_zh_index_daily,week1_data_engineer_20260707_20260707T140842,2026-07-07T14:09:03
000300,2023-02-13,4098.88,4146.45,4092.273,4143.574,12889257700,,akshare.stock_zh_index_daily,week1_data_engineer_20260707_20260707T140842,2026-07-07T14:09:03
000300,2023-02-14,4151.247,4152.049,4125.258,4145.29,10249989000,,akshare.stock_zh_index_daily,week1_data_engineer_20260707_20260707T140842,2026-07-07T14:09:03
000300,2023-02-15,4146.855,4153.716,4115.967,4123.689,12166450800,,akshare.stock_zh_index_daily,week1_data_engineer_20260707_20260707T140842,2026-07-07T14:09:03
000300,2023-02-16,4125.409,4167.9,4068.859,4093.488,15931058500,,akshare.stock_zh_index_daily,week1_data_engineer_20260707_20260707T140842,2026-07-07T14:09:03
000300,2023-02-17,4086.224,4104.64,4032.929,4034.507,11614258900,,akshare.stock_zh_index_daily,week1_data_engineer_20260707_20260707T140842,2026-07-07T14:09:03
000300,2023-02-20,4039.962,4134.862,4035.476,4133.49,16179448100,,akshare.stock_zh_index_daily,week1_data_engineer_20260707_20260707T140842,2026-07-07T14:09:03
000300,2023-02-21,4130.063,4151.799,4116.272,4144.354,14577617300,,akshare.stock_zh_index_daily,week1_data_engineer_20260707_20260707T140842,2026-07-07T14:09:03
000300,2023-02-22,4118.967,4134.876,4101.86,4106.951,10429029500,,akshare.stock_zh_index_daily,week1_data_engineer_20260707_20260707T140842,2026-07-07T14:09:03
000300,2023-02-23,4106.214,4132.39,4088.207,4103.646,10356490600,,akshare.stock_zh_index_daily,week1_data_engineer_20260707_20260707T140842,2026-07-07T14:09:03
000300,2023-02-24,4100.99,4102.609,4048.237,4061.046,10098942500,,akshare.stock_zh_index_daily,week1_data_engineer_20260707_20260707T140842,2026-07-07T14:09:03
000300,2023-02-27,4040.457,4067.03,4034.524,4043.844,9378763000,,akshare.stock_zh_index_daily,week1_data_engineer_20260707_20260707T140842,2026-07-07T14:09:03
000300,2023-02-28,4058.13,4074.264,4026.448,4069.459,11032359100,,akshare.stock_zh_index_daily,week1_data_engineer_20260707_20260707T140842,2026-07-07T14:09:03
000300,2023-03-01,4068.733,4135.481,4061.217,4126.942,15601579400,,akshare.stock_zh_index_daily,week1_data_engineer_20260707_20260707T140842,2026-07-07T14:09:03
000300,2023-03-02,4119.992,4137.253,4113.826,4117.738,14821763700,,akshare.stock_zh_index_daily,week1_data_engineer_20260707_20260707T140842,2026-07-07T14:09:03
000300,2023-03-03,4126.018,4135.212,4100.383,4130.551,16033174100,,akshare.stock_zh_index_daily,week1_data_engineer_20260707_20260707T140842,2026-07-07T14:09:03
000300,2023-03-06,4131.153,4132.837,4088.448,4109.01,16297180700,,akshare.stock_zh_index_daily,week1_data_engineer_20260707_20260707T140842,2026-07-07T14:09:03
000300,2023-03-07,4103.642,4124.961,4046.568,4048.852,19591206800,,akshare.stock_zh_index_daily,week1_data_engineer_20260707_20260707T140842,2026-07-07T14:09:03
000300,2023-03-08,4030.739,4037.287,4011.523,4034.108,11793649300,,akshare.stock_zh_index_daily,week1_data_engineer_20260707_20260707T140842,2026-07-07T14:09:03
000300,2023-03-09,4035.843,4043.849,4000.89,4019.851,11653962900,,akshare.stock_zh_index_daily,week1_data_engineer_20260707_20260707T140842,2026-07-07T14:09:03
000300,2023-03-10,3991.796,4004.361,3966.428,3967.135,12385540900,,akshare.stock_zh_index_daily,week1_data_engineer_20260707_20260707T140842,2026-07-07T14:09:03
000300,2023-03-13,3962.643,4008.686,3962.643,4008.686,14356137000,,akshare.stock_zh_index_daily,week1_data_engineer_20260707_20260707T140842,2026-07-07T14:09:03
000300,2023-03-14,3999.88,4001.942,3946.941,3984.696,15054417400,,akshare.stock_zh_index_daily,week1_data_engineer_20260707_20260707T140842,2026-07-07T14:09:03
000300,2023-03-15,4011.844,4018.75,3986.902,3986.902,14202600700,,akshare.stock_zh_index_daily,week1_data_engineer_20260707_20260707T140842,2026-07-07T14:09:03
000300,2023-03-16,3958.196,3981.321,3936.476,3939.151,15251564400,,akshare.stock_zh_index_daily,week1_data_engineer_20260707_20260707T140842,2026-07-07T14:09:03
000300,2023-03-17,3971.159,4004.215,3945.25,3958.819,17743381800,,akshare.stock_zh_index_daily,week1_data_engineer_20260707_20260707T140842,2026-07-07T14:09:03
000300,2023-03-20,3962.663,3979.549,3935.016,3939.077,20526497000,,akshare.stock_zh_index_daily,week1_data_engineer_20260707_20260707T140842,2026-07-07T14:09:03
000300,2023-03-21,3948.157,3982.705,3948.157,3982.378,14509067900,,akshare.stock_zh_index_daily,week1_data_engineer_20260707_20260707T140842,2026-07-07T14:09:03
000300,2023-03-22,3993.785,4016.45,3986.709,3999.443,14922897000,,akshare.stock_zh_index_daily,week1_data_engineer_20260707_20260707T140842,2026-07-07T14:09:03
000300,2023-03-23,3985.993,4039.09,3983.999,4039.09,15888742100,,akshare.stock_zh_index_daily,week1_data_engineer_20260707_20260707T140842,2026-07-07T14:09:03
000300,2023-03-24,4035.156,4037.842,4017.003,4027.046,15944233000,,akshare.stock_zh_index_daily,week1_data_engineer_20260707_20260707T140842,2026-07-07T14:09:03
000300,2023-03-27,4023.303,4023.303,3987.03,4012.477,16848227900,,akshare.stock_zh_index_daily,week1_data_engineer_20260707_20260707T140842,2026-07-07T14:09:03
000300,2023-03-28,4015.697,4023.783,3994.6,3999.515,13189511700,,akshare.stock_zh_index_daily,week1_data_engineer_20260707_20260707T140842,2026-07-07T14:09:03
000300,2023-03-29,4013.593,4017.757,3992.666,4006.144,13374351000,,akshare.stock_zh_index_daily,week1_data_engineer_20260707_20260707T140842,2026-07-07T14:09:03
000300,2023-03-30,4009.557,4040.502,3983.896,4038.526,14990103700,,akshare.stock_zh_index_daily,week1_data_engineer_20260707_20260707T140842,2026-07-07T14:09:03
000300,2023-03-31,4045.454,4063.568,4039.959,4050.926,13884254600,,akshare.stock_zh_index_daily,week1_data_engineer_20260707_20260707T140842,2026-07-07T14:09:03
000300,2023-04-03,4059.623,4094.938,4059.061,4090.568,18212431300,,akshare.stock_zh_index_daily,week1_data_engineer_20260707_20260707T140842,2026-07-07T14:09:03
000300,2023-04-04,4089.293,4103.158,4080.068,4103.105,19714663100,,akshare.stock_zh_index_daily,week1_data_engineer_20260707_20260707T140842,2026-07-07T14:09:03
000300,2023-04-06,4084.132,4098.833,4078.405,4096.64,15070337400,,akshare.stock_zh_index_daily,week1_data_engineer_20260707_20260707T140842,2026-07-07T14:09:03
000300,2023-04-07,4096.901,4131.313,4092.185,4123.28,12867673800,,akshare.stock_zh_index_daily,week1_data_engineer_20260707_20260707T140842,2026-07-07T14:09:03
000300,2023-04-10,4132.01,4132.295,4099.052,4104.812,15245300200,,akshare.stock_zh_index_daily,week1_data_engineer_20260707_20260707T140842,2026-07-07T14:09:03
000300,2023-04-11,4108.506,4116.125,4083.495,4100.148,15390133300,,akshare.stock_zh_index_daily,week1_data_engineer_20260707_20260707T140842,2026-07-07T14:09:03
000300,2023-04-12,4102.397,4108.245,4090.278,4097.288,16596527800,,akshare.stock_zh_index_daily,week1_data_engineer_20260707_20260707T140842,2026-07-07T14:09:03
000300,2023-04-13,4081.387,4088.881,4059.574,4068.979,15644429500,,akshare.stock_zh_index_daily,week1_data_engineer_20260707_20260707T140842,2026-07-07T14:09:03
000300,2023-04-14,4078.97,4098.215,4075.205,4091.999,15069568200,,akshare.stock_zh_index_daily,week1_data_engineer_20260707_20260707T140842,2026-07-07T14:09:03
000300,2023-04-17,4090.072,4149.384,4089.509,4149.384,18877309500,,akshare.stock_zh_index_daily,week1_data_engineer_20260707_20260707T140842,2026-07-07T14:09:03
000300,2023-04-18,4139.309,4169.668,4138.462,4162.032,17018413000,,akshare.stock_zh_index_daily,week1_data_engineer_20260707_20260707T140842,2026-07-07T14:09:03
000300,2023-04-19,4159.394,4159.394,4118.626,4124.559,16255459200,,akshare.stock_zh_index_daily,week1_data_engineer_20260707_20260707T140842,2026-07-07T14:09:03
000300,2023-04-20,4122.946,4125.823,4094.002,4113.019,16270667700,,akshare.stock_zh_index_daily,week1_data_engineer_20260707_20260707T140842,2026-07-07T14:09:03
000300,2023-04-21,4114.264,4114.264,4031.912,4032.567,18080243500,,akshare.stock_zh_index_daily,week1_data_engineer_20260707_20260707T140842,2026-07-07T14:09:03
000300,2023-04-24,4031.303,4033.637,3967.907,3982.643,17009921700,,akshare.stock_zh_index_daily,week1_data_engineer_20260707_20260707T140842,2026-07-07T14:09:03
000300,2023-04-25,3985.106,3991.687,3925.436,3962.666,17255540900,,akshare.stock_zh_index_daily,week1_data_engineer_20260707_20260707T140842,2026-07-07T14:09:03
000300,2023-04-26,3950.255,3975.656,3934.663,3959.232,16270200600,,akshare.stock_zh_index_daily,week1_data_engineer_20260707_20260707T140842,2026-07-07T14:09:03
000300,2023-04-27,3948.031,3999.13,3942.815,3988.419,15382819500,,akshare.stock_zh_index_daily,week1_data_engineer_20260707_20260707T140842,2026-07-07T14:09:03
000300,2023-04-28,3993.256,4030.447,3993.256,4029.086,17950848800,,akshare.stock_zh_index_daily,week1_data_engineer_20260707_20260707T140842,2026-07-07T14:09:03
000300,2023-05-04,4013.471,4035.783,4001.126,4030.247,22758284600,,akshare.stock_zh_index_daily,week1_data_engineer_20260707_20260707T140842,2026-07-07T14:09:03
000300,2023-05-05,4031.095,4047.602,3998.392,4016.877,20662692400,,akshare.stock_zh_index_daily,week1_data_engineer_20260707_20260707T140842,2026-07-07T14:09:03
000300,2023-05-08,4028.106,4070.772,4018.961,4062.662,25558308500,,akshare.stock_zh_index_daily,week1_data_engineer_20260707_20260707T140842,2026-07-07T14:09:03
000300,2023-05-09,4065.439,4092.85,4026.389,4027.875,27930604800,,akshare.stock_zh_index_daily,week1_data_engineer_20260707_20260707T140842,2026-07-07T14:09:03
000300,2023-05-10,4017.936,4019.059,3984.629,3996.87,20755270900,,akshare.stock_zh_index_daily,week1_data_engineer_20260707_20260707T140842,2026-07-07T14:09:03
000300,2023-05-11,4005.782,4018.058,3988.482,3990.664,14480461900,,akshare.stock_zh_index_daily,week1_data_engineer_20260707_20260707T140842,2026-07-07T14:09:03
000300,2023-05-12,3987.769,3999.383,3937.527,3937.762,14442172800,,akshare.stock_zh_index_daily,week1_data_engineer_20260707_20260707T140842,2026-07-07T14:09:03
000300,2023-05-15,3938.83,3998.887,3923.032,3998.887,17625736200,,akshare.stock_zh_index_daily,week1_data_engineer_20260707_20260707T140842,2026-07-07T14:09:03
000300,2023-05-16,4002.524,4005.015,3966.992,3978.205,13683327100,,akshare.stock_zh_index_daily,week1_data_engineer_20260707_20260707T140842,2026-07-07T14:09:03
000300,2023-05-17,3971.702,3982.604,3945.714,3960.165,11844818500,,akshare.stock_zh_index_daily,week1_data_engineer_20260707_20260707T140842,2026-07-07T14:09:03
000300,2023-05-18,3965.516,3982.718,3939.553,3956.07,13653394700,,akshare.stock_zh_index_daily,week1_data_engineer_20260707_20260707T140842,2026-07-07T14:09:03
000300,2023-05-19,3946.222,3967.282,3928.316,3944.54,12021247900,,akshare.stock_zh_index_daily,week1_data_engineer_20260707_20260707T140842,2026-07-07T14:09:03
000300,2023-05-22,3941.002,3985.403,3935.802,3969.328,10911660500,,akshare.stock_zh_index_daily,week1_data_engineer_20260707_20260707T140842,2026-07-07T14:09:03
000300,2023-05-23,3968.235,3971.939,3913.188,3913.188,11868507700,,akshare.stock_zh_index_daily,week1_data_engineer_20260707_20260707T140842,2026-07-07T14:09:03
000300,2023-05-24,3903.782,3903.782,3859.094,3859.094,13725826500,,akshare.stock_zh_index_daily,week1_data_engineer_20260707_20260707T140842,2026-07-07T14:09:03
000300,2023-05-25,3851.405,3861.382,3817.837,3850.5,12415077000,,akshare.stock_zh_index_daily,week1_data_engineer_20260707_20260707T140842,2026-07-07T14:09:03
000300,2023-05-26,3848.417,3859.629,3815.57,3850.951,10032643900,,akshare.stock_zh_index_daily,week1_data_engineer_20260707_20260707T140842,2026-07-07T14:09:03
000300,2023-05-29,3862.084,3866.724,3819.182,3833.942,13185996700,,akshare.stock_zh_index_daily,week1_data_engineer_20260707_20260707T140842,2026-07-07T14:09:03
000300,2023-05-30,3827.792,3844.005,3789.274,3837.753,13761962900,,akshare.stock_zh_index_daily,week1_data_engineer_20260707_20260707T140842,2026-07-07T14:09:03
000300,2023-05-31,3827.163,3827.163,3781.403,3798.543,12638736800,,akshare.stock_zh_index_daily,week1_data_engineer_20260707_20260707T140842,2026-07-07T14:09:03
000300,2023-06-01,3788.59,3832.205,3786.734,3806.868,13456188100,,akshare.stock_zh_index_daily,week1_data_engineer_20260707_20260707T140842,2026-07-07T14:09:03
000300,2023-06-02,3821.62,3865.284,3821.62,3861.834,12501511000,,akshare.stock_zh_index_daily,week1_data_engineer_20260707_20260707T140842,2026-07-07T14:09:03
000300,2023-06-05,3860.556,3860.556,3832.458,3844.249,11616398900,,akshare.stock_zh_index_daily,week1_data_engineer_20260707_20260707T140842,2026-07-07T14:09:03
000300,2023-06-06,3840.459,3867.845,3802.845,3808.163,12578125800,,akshare.stock_zh_index_daily,week1_data_engineer_20260707_20260707T140842,2026-07-07T14:09:03
000300,2023-06-07,3815.482,3823.112,3780.102,3789.342,9886243200,,akshare.stock_zh_index_daily,week1_data_engineer_20260707_20260707T140842,2026-07-07T14:09:03
000300,2023-06-08,3791.083,3834.389,3777.775,3820.187,11870093400,,akshare.stock_zh_index_daily,week1_data_engineer_20260707_20260707T140842,2026-07-07T14:09:03
000300,2023-06-09,3822.409,3836.703,3811.219,3836.703,13431986300,,akshare.stock_zh_index_daily,week1_data_engineer_20260707_20260707T140842,2026-07-07T14:09:03
000300,2023-06-12,3827.325,3859.716,3813.858,3844.432,12675854300,,akshare.stock_zh_index_daily,week1_data_engineer_20260707_20260707T140842,2026-07-07T14:09:03
000300,2023-06-13,3838.129,3867.303,3833.46,3864.907,11092494600,,akshare.stock_zh_index_daily,week1_data_engineer_20260707_20260707T140842,2026-07-07T14:09:03
000300,2023-06-14,3872.716,3891.666,3862.061,3864.025,12495575900,,akshare.stock_zh_index_daily,week1_data_engineer_20260707_20260707T140842,2026-07-07T14:09:03
000300,2023-06-15,3871.775,3925.499,3871.775,3925.499,12836993800,,akshare.stock_zh_index_daily,week1_data_engineer_20260707_20260707T140842,2026-07-07T14:09:03
000300,2023-06-16,3932.211,3968.013,3928.542,3963.351,13976007600,,akshare.stock_zh_index_daily,week1_data_engineer_20260707_20260707T140842,2026-07-07T14:09:03
000300,2023-06-19,3957.033,3957.033,3922.474,3930.908,13490584800,,akshare.stock_zh_index_daily,week1_data_engineer_20260707_20260707T140842,2026-07-07T14:09:03
000300,2023-06-20,3926.094,3937.495,3918.473,3924.238,12252031800,,akshare.stock_zh_index_daily,week1_data_engineer_20260707_20260707T140842,2026-07-07T14:09:03
000300,2023-06-21,3909.104,3920.128,3864.032,3864.032,11834657500,,akshare.stock_zh_index_daily,week1_data_engineer_20260707_20260707T140842,2026-07-07T14:09:03
000300,2023-06-26,3833.444,3841.286,3801.054,3809.696,13399041900,,akshare.stock_zh_index_daily,week1_data_engineer_20260707_20260707T140842,2026-07-07T14:09:03
000300,2023-06-27,3811.687,3851.896,3806.324,3845.433,11699268100,,akshare.stock_zh_index_daily,week1_data_engineer_20260707_20260707T140842,2026-07-07T14:09:03
000300,2023-06-28,3836.609,3846.852,3808.161,3840.799,10702154100,,akshare.stock_zh_index_daily,week1_data_engineer_20260707_20260707T140842,2026-07-07T14:09:03
000300,2023-06-29,3836.731,3840.713,3817.376,3821.844,9828927400,,akshare.stock_zh_index_daily,week1_data_engineer_20260707_20260707T140842,2026-07-07T14:09:03
000300,2023-06-30,3816.335,3860.031,3813.552,3842.452,10126842900,,akshare.stock_zh_index_daily,week1_data_engineer_20260707_20260707T140842,2026-07-07T14:09:03
000300,2023-07-03,3853.292,3897.327,3853.292,3892.882,13315805100,,akshare.stock_zh_index_daily,week1_data_engineer_20260707_20260707T140842,2026-07-07T14:09:03
000300,2023-07-04,3888.033,3899.976,3878.398,3899.013,10949452700,,akshare.stock_zh_index_daily,week1_data_engineer_20260707_20260707T140842,2026-07-07T14:09:03
000300,2023-07-05,3895.195,3899.519,3864.13,3868.805,9763638400,,akshare.stock_zh_index_daily,week1_data_engineer_20260707_20260707T140842,2026-07-07T14:09:03
000300,2023-07-06,3857.03,3876.89,3836.457,3842.755,10012184200,,akshare.stock_zh_index_daily,week1_data_engineer_20260707_20260707T140842,2026-07-07T14:09:03
000300,2023-07-07,3831.596,3844.844,3819.077,3825.699,10090692000,,akshare.stock_zh_index_daily,week1_data_engineer_20260707_20260707T140842,2026-07-07T14:09:03
000300,2023-07-10,3841.559,3865.457,3831.92,3844.327,9203344100,,akshare.stock_zh_index_daily,week1_data_engineer_20260707_20260707T140842,2026-07-07T14:09:03
000300,2023-07-11,3853.796,3870.655,3844.524,3869.486,8651071600,,akshare.stock_zh_index_daily,week1_data_engineer_20260707_20260707T140842,2026-07-07T14:09:03
000300,2023-07-12,3864.601,3874.04,3838.563,3843.437,11152202400,,akshare.stock_zh_index_daily,week1_data_engineer_20260707_20260707T140842,2026-07-07T14:09:03
000300,2023-07-13,3855.662,3901.102,3855.662,3898.423,12030023200,,akshare.stock_zh_index_daily,week1_data_engineer_20260707_20260707T140842,2026-07-07T14:09:03
000300,2023-07-14,3904.603,3908.487,3893.786,3899.103,12236484600,,akshare.stock_zh_index_daily,week1_data_engineer_20260707_20260707T140842,2026-07-07T14:09:03
000300,2023-07-17,3881.623,3881.623,3852.263,3867.175,9834014400,,akshare.stock_zh_index_daily,week1_data_engineer_20260707_20260707T140842,2026-07-07T14:09:03
000300,2023-07-18,3871.044,3871.044,3844.513,3854.939,9143861500,,akshare.stock_zh_index_daily,week1_data_engineer_20260707_20260707T140842,2026-07-07T14:09:03
000300,2023-07-19,3848.483,3860.009,3830.407,3850.866,7958570000,,akshare.stock_zh_index_daily,week1_data_engineer_20260707_20260707T140842,2026-07-07T14:09:03
000300,2023-07-20,3857.773,3875.624,3818.713,3823.695,9204207600,,akshare.stock_zh_index_daily,week1_data_engineer_20260707_20260707T140842,2026-07-07T14:09:03
000300,2023-07-21,3816.984,3849.511,3808.803,3821.91,7950756300,,akshare.stock_zh_index_daily,week1_data_engineer_20260707_20260707T140842,2026-07-07T14:09:03
000300,2023-07-24,3803.349,3828.785,3798.805,3805.221,7548354500,,akshare.stock_zh_index_daily,week1_data_engineer_20260707_20260707T140842,2026-07-07T14:09:03
000300,2023-07-25,3866.645,3915.815,3866.645,3915.115,16306632000,,akshare.stock_zh_index_daily,week1_data_engineer_20260707_20260707T140842,2026-07-07T14:09:03
000300,2023-07-26,3908.174,3912.983,3893.399,3907.013,10788171700,,akshare.stock_zh_index_daily,week1_data_engineer_20260707_20260707T140842,2026-07-07T14:09:03
000300,2023-07-27,3914.23,3935.358,3894.692,3902.346,11066710900,,akshare.stock_zh_index_daily,week1_data_engineer_20260707_20260707T140842,2026-07-07T14:09:03
000300,2023-07-28,3889.793,4000.919,3886.554,3992.738,17973548100,,akshare.stock_zh_index_daily,week1_data_engineer_20260707_20260707T140842,2026-07-07T14:09:03
000300,2023-07-31,4018.89,4064.362,4002.078,4014.63,19960683000,,akshare.stock_zh_index_daily,week1_data_engineer_20260707_20260707T140842,2026-07-07T14:09:03
000300,2023-08-01,4009.183,4031.701,3983.027,3998.001,14228685900,,akshare.stock_zh_index_daily,week1_data_engineer_20260707_20260707T140842,2026-07-07T14:09:03
000300,2023-08-02,3985.695,4008.334,3958.513,3969.895,12585569000,,akshare.stock_zh_index_daily,week1_data_engineer_20260707_20260707T140842,2026-07-07T14:09:03
000300,2023-08-03,3962.13,4005.0,3962.13,4004.984,12900664000,,akshare.stock_zh_index_daily,week1_data_engineer_20260707_20260707T140842,2026-07-07T14:09:03
000300,2023-08-04,4033.724,4058.243,4011.62,4020.579,17826718900,,akshare.stock_zh_index_daily,week1_data_engineer_20260707_20260707T140842,2026-07-07T14:09:03
000300,2023-08-07,4002.968,4002.968,3977.017,3990.153,12131066200,,akshare.stock_zh_index_daily,week1_data_engineer_20260707_20260707T140842,2026-07-07T14:09:03
000300,2023-08-08,3980.042,4002.29,3963.463,3979.732,10987169900,,akshare.stock_zh_index_daily,week1_data_engineer_20260707_20260707T140842,2026-07-07T14:09:03
000300,2023-08-09,3967.357,3982.109,3961.843,3967.565,9464026900,,akshare.stock_zh_index_daily,week1_data_engineer_20260707_20260707T140842,2026-07-07T14:09:03
000300,2023-08-10,3962.857,3976.464,3945.387,3975.717,9717684900,,akshare.stock_zh_index_daily,week1_data_engineer_20260707_20260707T140842,2026-07-07T14:09:03
000300,2023-08-11,3977.983,3977.983,3884.254,3884.254,12608293100,,akshare.stock_zh_index_daily,week1_data_engineer_20260707_20260707T140842,2026-07-07T14:09:03
000300,2023-08-14,3840.887,3859.472,3814.071,3855.906,11596633600,,akshare.stock_zh_index_daily,week1_data_engineer_20260707_20260707T140842,2026-07-07T14:09:03
000300,2023-08-15,3858.366,3865.284,3811.684,3846.536,10309711100,,akshare.stock_zh_index_daily,week1_data_engineer_20260707_20260707T140842,2026-07-07T14:09:03
000300,2023-08-16,3830.827,3852.42,3817.632,3818.334,9461694600,,akshare.stock_zh_index_daily,week1_data_engineer_20260707_20260707T140842,2026-07-07T14:09:03
000300,2023-08-17,3801.197,3836.151,3782.497,3831.101,9841549300,,akshare.stock_zh_index_daily,week1_data_engineer_20260707_20260707T140842,2026-07-07T14:09:03
000300,2023-08-18,3832.455,3844.195,3784.004,3784.004,9554963800,,akshare.stock_zh_index_daily,week1_data_engineer_20260707_20260707T140842,2026-07-07T14:09:03
000300,2023-08-21,3773.225,3782.111,3729.555,3729.555,9870836900,,akshare.stock_zh_index_daily,week1_data_engineer_20260707_20260707T140842,2026-07-07T14:09:03
000300,2023-08-22,3748.068,3770.056,3704.679,3758.227,12031832700,,akshare.stock_zh_index_daily,week1_data_engineer_20260707_20260707T140842,2026-07-07T14:09:03
000300,2023-08-23,3751.774,3756.166,3695.031,3696.634,9708163800,,akshare.stock_zh_index_daily,week1_data_engineer_20260707_20260707T140842,2026-07-07T14:09:03
000300,2023-08-24,3711.54,3748.857,3701.572,3723.429,11961452100,,akshare.stock_zh_index_daily,week1_data_engineer_20260707_20260707T140842,2026-07-07T14:09:03
000300,2023-08-25,3703.514,3734.219,3695.844,3709.152,10518261000,,akshare.stock_zh_index_daily,week1_data_engineer_20260707_20260707T140842,2026-07-07T14:09:03
000300,2023-08-28,3911.549,3911.549,3740.528,3752.619,19799037900,,akshare.stock_zh_index_daily,week1_data_engineer_20260707_20260707T140842,2026-07-07T14:09:03
000300,2023-08-29,3743.053,3810.377,3742.076,3790.107,15248614600,,akshare.stock_zh_index_daily,week1_data_engineer_20260707_20260707T140842,2026-07-07T14:09:03
000300,2023-08-30,3803.119,3813.703,3780.241,3788.51,12967166100,,akshare.stock_zh_index_daily,week1_data_engineer_20260707_20260707T140842,2026-07-07T14:09:03
000300,2023-08-31,3786.926,3793.997,3762.005,3765.268,11896164600,,akshare.stock_zh_index_daily,week1_data_engineer_20260707_20260707T140842,2026-07-07T14:09:03
000300,2023-09-01,3778.913,3808.531,3778.913,3791.491,10531904500,,akshare.stock_zh_index_daily,week1_data_engineer_20260707_20260707T140842,2026-07-07T14:09:03
000300,2023-09-04,3812.987,3854.261,3804.589,3848.952,14238520100,,akshare.stock_zh_index_daily,week1_data_engineer_20260707_20260707T140842,2026-07-07T14:09:03
000300,2023-09-05,3839.578,3839.578,3814.334,3820.317,10405233300,,akshare.stock_zh_index_daily,week1_data_engineer_20260707_20260707T140842,2026-07-07T14:09:03
000300,2023-09-06,3808.1,3817.524,3790.895,3812.028,9344239300,,akshare.stock_zh_index_daily,week1_data_engineer_20260707_20260707T140842,2026-07-07T14:09:03
000300,2023-09-07,3802.227,3802.227,3756.853,3758.475,9510390300,,akshare.stock_zh_index_daily,week1_data_engineer_20260707_20260707T140842,2026-07-07T14:09:03
000300,2023-09-08,3747.651,3753.263,3724.987,3739.993,7163816600,,akshare.stock_zh_index_daily,week1_data_engineer_20260707_20260707T140842,2026-07-07T14:09:03
000300,2023-09-11,3740.585,3788.322,3734.723,3767.537,10535801600,,akshare.stock_zh_index_daily,week1_data_engineer_20260707_20260707T140842,2026-07-07T14:09:03
000300,2023-09-12,3764.333,3775.093,3755.416,3760.605,7938537800,,akshare.stock_zh_index_daily,week1_data_engineer_20260707_20260707T140842,2026-07-07T14:09:03
000300,2023-09-13,3759.609,3768.816,3719.111,3736.651,8157690100,,akshare.stock_zh_index_daily,week1_data_engineer_20260707_20260707T140842,2026-07-07T14:09:03
000300,2023-09-14,3736.936,3748.818,3717.311,3733.508,10038607500,,akshare.stock_zh_index_daily,week1_data_engineer_20260707_20260707T140842,2026-07-07T14:09:03
000300,2023-09-15,3740.785,3749.025,3699.381,3708.777,10939568900,,akshare.stock_zh_index_daily,week1_data_engineer_20260707_20260707T140842,2026-07-07T14:09:03
000300,2023-09-18,3698.934,3737.531,3691.111,3727.711,8672774100,,akshare.stock_zh_index_daily,week1_data_engineer_20260707_20260707T140842,2026-07-07T14:09:03
000300,2023-09-19,3723.424,3724.072,3702.693,3720.502,8319903800,,akshare.stock_zh_index_daily,week1_data_engineer_20260707_20260707T140842,2026-07-07T14:09:03
000300,2023-09-20,3715.958,3718.521,3705.127,3705.69,7544820900,,akshare.stock_zh_index_daily,week1_data_engineer_20260707_20260707T140842,2026-07-07T14:09:03
000300,2023-09-21,3698.313,3708.456,3672.445,3672.445,8303100500,,akshare.stock_zh_index_daily,week1_data_engineer_20260707_20260707T140842,2026-07-07T14:09:03
000300,2023-09-22,3672.64,3740.418,3664.766,3738.933,11023116600,,akshare.stock_zh_index_daily,week1_data_engineer_20260707_20260707T140842,2026-07-07T14:09:03
000300,2023-09-25,3738.062,3738.062,3711.205,3714.604,9259647900,,akshare.stock_zh_index_daily,week1_data_engineer_20260707_20260707T140842,2026-07-07T14:09:03
000300,2023-09-26,3711.711,3723.848,3692.617,3692.893,7804452500,,akshare.stock_zh_index_daily,week1_data_engineer_20260707_20260707T140842,2026-07-07T14:09:03
000300,2023-09-27,3694.961,3731.141,3694.394,3700.495,9162921000,,akshare.stock_zh_index_daily,week1_data_engineer_20260707_20260707T140842,2026-07-07T14:09:03
000300,2023-09-28,3711.212,3716.057,3685.3,3689.517,8522171900,,akshare.stock_zh_index_daily,week1_data_engineer_20260707_20260707T140842,2026-07-07T14:09:03
000300,2023-10-09,3678.929,3694.171,3641.997,3684.727,10214805800,,akshare.stock_zh_index_daily,week1_data_engineer_20260707_20260707T140842,2026-07-07T14:09:03
000300,2023-10-10,3696.254,3701.256,3655.589,3657.126,9916373000,,akshare.stock_zh_index_daily,week1_data_engineer_20260707_20260707T140842,2026-07-07T14:09:03
000300,2023-10-11,3674.751,3689.535,3658.355,3667.548,10209158700,,akshare.stock_zh_index_daily,week1_data_engineer_20260707_20260707T140842,2026-07-07T14:09:03
000300,2023-10-12,3697.934,3711.499,3682.842,3702.382,11436322500,,akshare.stock_zh_index_daily,week1_data_engineer_20260707_20260707T140842,2026-07-07T14:09:03
000300,2023-10-13,3677.959,3678.191,3652.309,3663.41,9828798700,,akshare.stock_zh_index_daily,week1_data_engineer_20260707_20260707T140842,2026-07-07T14:09:03
000300,2023-10-16,3664.039,3664.039,3615.769,3626.597,9185311800,,akshare.stock_zh_index_daily,week1_data_engineer_20260707_20260707T140842,2026-07-07T14:09:03
000300,2023-10-17,3635.299,3645.565,3619.128,3639.402,9074518800,,akshare.stock_zh_index_daily,week1_data_engineer_20260707_20260707T140842,2026-07-07T14:09:03
000300,2023-10-18,3631.067,3632.058,3608.977,3610.577,9454587900,,akshare.stock_zh_index_daily,week1_data_engineer_20260707_20260707T140842,2026-07-07T14:09:03
000300,2023-10-19,3588.515,3588.515,3532.306,3533.545,11173752000,,akshare.stock_zh_index_daily,week1_data_engineer_20260707_20260707T140842,2026-07-07T14:09:03
000300,2023-10-20,3518.346,3535.662,3501.725,3510.589,9851860500,,akshare.stock_zh_index_daily,week1_data_engineer_20260707_20260707T140842,2026-07-07T14:09:03
000300,2023-10-23,3500.199,3505.347,3450.646,3474.244,9656165200,,akshare.stock_zh_index_daily,week1_data_engineer_20260707_20260707T140842,2026-07-07T14:09:03
000300,2023-10-24,3481.764,3495.004,3453.102,3487.13,11554728900,,akshare.stock_zh_index_daily,week1_data_engineer_20260707_20260707T140842,2026-07-07T14:09:03
000300,2023-10-25,3524.297,3531.831,3500.915,3504.458,12800961700,,akshare.stock_zh_index_daily,week1_data_engineer_20260707_20260707T140842,2026-07-07T14:09:03
000300,2023-10-26,3484.781,3515.572,3478.05,3514.145,10514356600,,akshare.stock_zh_index_daily,week1_data_engineer_20260707_20260707T140842,2026-07-07T14:09:03
000300,2023-10-27,3501.171,3576.586,3494.549,3562.385,12022510800,,akshare.stock_zh_index_daily,week1_data_engineer_20260707_20260707T140842,2026-07-07T14:09:03
000300,2023-10-30,3554.106,3592.719,3554.024,3583.772,14401042600,,akshare.stock_zh_index_daily,week1_data_engineer_20260707_20260707T140842,2026-07-07T14:09:03
000300,2023-10-31,3581.676,3581.676,3554.582,3572.506,11258726700,,akshare.stock_zh_index_daily,week1_data_engineer_20260707_20260707T140842,2026-07-07T14:09:03
000300,2023-11-01,3605.758,3606.413,3564.642,3571.027,9764553800,,akshare.stock_zh_index_daily,week1_data_engineer_20260707_20260707T140842,2026-07-07T14:09:03
000300,2023-11-02,3580.067,3597.17,3553.741,3554.189,9035964300,,akshare.stock_zh_index_daily,week1_data_engineer_20260707_20260707T140842,2026-07-07T14:09:03
000300,2023-11-03,3558.53,3596.101,3558.53,3584.136,9754210100,,akshare.stock_zh_index_daily,week1_data_engineer_20260707_20260707T140842,2026-07-07T14:09:03
000300,2023-11-06,3608.319,3635.79,3600.63,3632.608,15298246300,,akshare.stock_zh_index_daily,week1_data_engineer_20260707_20260707T140842,2026-07-07T14:09:03
000300,2023-11-07,3623.785,3628.462,3606.298,3619.759,11028859100,,akshare.stock_zh_index_daily,week1_data_engineer_20260707_20260707T140842,2026-07-07T14:09:03
000300,2023-11-08,3610.643,3627.048,3591.825,3611.072,11059423000,,akshare.stock_zh_index_daily,week1_data_engineer_20260707_20260707T140842,2026-07-07T14:09:03
000300,2023-11-09,3603.108,3624.414,3601.374,3612.826,11187205700,,akshare.stock_zh_index_daily,week1_data_engineer_20260707_20260707T140842,2026-07-07T14:09:03
000300,2023-11-10,3596.069,3599.452,3576.101,3586.489,10210703400,,akshare.stock_zh_index_daily,week1_data_engineer_20260707_20260707T140842,2026-07-07T14:09:03
000300,2023-11-13,3593.911,3599.39,3562.768,3579.414,9670764900,,akshare.stock_zh_index_daily,week1_data_engineer_20260707_20260707T140842,2026-07-07T14:09:03
000300,2023-11-14,3581.103,3600.148,3568.882,3582.058,10088415800,,akshare.stock_zh_index_daily,week1_data_engineer_20260707_20260707T140842,2026-07-07T14:09:03
000300,2023-11-15,3616.877,3620.601,3596.916,3607.245,10492921800,,akshare.stock_zh_index_daily,week1_data_engineer_20260707_20260707T140842,2026-07-07T14:09:03
000300,2023-11-16,3600.981,3605.29,3572.364,3572.364,8746478000,,akshare.stock_zh_index_daily,week1_data_engineer_20260707_20260707T140842,2026-07-07T14:09:03
000300,2023-11-17,3561.311,3573.682,3547.029,3568.069,8731920700,,akshare.stock_zh_index_daily,week1_data_engineer_20260707_20260707T140842,2026-07-07T14:09:03
000300,2023-11-20,3569.731,3586.973,3545.104,3576.323,9108044500,,akshare.stock_zh_index_daily,week1_data_engineer_20260707_20260707T140842,2026-07-07T14:09:03
000300,2023-11-21,3587.878,3615.057,3575.682,3581.067,10859431400,,akshare.stock_zh_index_daily,week1_data_engineer_20260707_20260707T140842,2026-07-07T14:09:03
000300,2023-11-22,3569.439,3574.378,3544.416,3544.416,8478438100,,akshare.stock_zh_index_daily,week1_data_engineer_20260707_20260707T140842,2026-07-07T14:09:03
000300,2023-11-23,3541.442,3562.068,3529.939,3561.52,8480016700,,akshare.stock_zh_index_daily,week1_data_engineer_20260707_20260707T140842,2026-07-07T14:09:03
000300,2023-11-24,3560.646,3560.646,3533.996,3538.009,8501840300,,akshare.stock_zh_index_daily,week1_data_engineer_20260707_20260707T140842,2026-07-07T14:09:03
000300,2023-11-27,3534.445,3534.445,3492.862,3511.942,9910231400,,akshare.stock_zh_index_daily,week1_data_engineer_20260707_20260707T140842,2026-07-07T14:09:03
000300,2023-11-28,3510.655,3521.046,3501.109,3518.523,8933578900,,akshare.stock_zh_index_daily,week1_data_engineer_20260707_20260707T140842,2026-07-07T14:09:03
000300,2023-11-29,3518.884,3519.198,3482.244,3488.307,9884141200,,akshare.stock_zh_index_daily,week1_data_engineer_20260707_20260707T140842,2026-07-07T14:09:03
000300,2023-11-30,3485.517,3505.127,3481.452,3496.203,10135082000,,akshare.stock_zh_index_daily,week1_data_engineer_20260707_20260707T140842,2026-07-07T14:09:03
000300,2023-12-01,3494.223,3494.223,3452.173,3482.881,10853094100,,akshare.stock_zh_index_daily,week1_data_engineer_20260707_20260707T140842,2026-07-07T14:09:03
000300,2023-12-04,3481.045,3488.133,3459.611,3460.138,9715682600,,akshare.stock_zh_index_daily,week1_data_engineer_20260707_20260707T140842,2026-07-07T14:09:03
000300,2023-12-05,3450.09,3450.09,3393.814,3394.257,10047200700,,akshare.stock_zh_index_daily,week1_data_engineer_20260707_20260707T140842,2026-07-07T14:09:03
000300,2023-12-06,3387.88,3420.277,3382.946,3399.598,10580551900,,akshare.stock_zh_index_daily,week1_data_engineer_20260707_20260707T140842,2026-07-07T14:09:03
000300,2023-12-07,3394.306,3404.407,3369.768,3391.282,9771324800,,akshare.stock_zh_index_daily,week1_data_engineer_20260707_20260707T140842,2026-07-07T14:09:03
000300,2023-12-08,3391.859,3409.385,3383.448,3399.462,12952205400,,akshare.stock_zh_index_daily,week1_data_engineer_20260707_20260707T140842,2026-07-07T14:09:03
000300,2023-12-11,3378.052,3426.611,3346.89,3419.455,13962624900,,akshare.stock_zh_index_daily,week1_data_engineer_20260707_20260707T140842,2026-07-07T14:09:03
000300,2023-12-12,3409.998,3427.546,3406.101,3426.803,10559001300,,akshare.stock_zh_index_daily,week1_data_engineer_20260707_20260707T140842,2026-07-07T14:09:03
000300,2023-12-13,3418.641,3418.641,3369.605,3369.605,9528536700,,akshare.stock_zh_index_daily,week1_data_engineer_20260707_20260707T140842,2026-07-07T14:09:03
000300,2023-12-14,3387.385,3399.139,3350.765,3351.964,8365513500,,akshare.stock_zh_index_daily,week1_data_engineer_20260707_20260707T140842,2026-07-07T14:09:03
000300,2023-12-15,3365.939,3388.505,3339.519,3341.552,9778778300,,akshare.stock_zh_index_daily,week1_data_engineer_20260707_20260707T140842,2026-07-07T14:09:03
000300,2023-12-18,3329.191,3352.346,3314.91,3329.366,9052682600,,akshare.stock_zh_index_daily,week1_data_engineer_20260707_20260707T140842,2026-07-07T14:09:03
000300,2023-12-19,3325.66,3345.78,3313.187,3334.041,8380811800,,akshare.stock_zh_index_daily,week1_data_engineer_20260707_20260707T140842,2026-07-07T14:09:03
000300,2023-12-20,3334.332,3338.543,3297.365,3297.502,9241286800,,akshare.stock_zh_index_daily,week1_data_engineer_20260707_20260707T140842,2026-07-07T14:09:03
000300,2023-12-21,3285.605,3339.355,3283.988,3330.87,10254619800,,akshare.stock_zh_index_daily,week1_data_engineer_20260707_20260707T140842,2026-07-07T14:09:03
000300,2023-12-22,3329.467,3359.06,3315.898,3337.228,10522013300,,akshare.stock_zh_index_daily,week1_data_engineer_20260707_20260707T140842,2026-07-07T14:09:03
000300,2023-12-25,3330.333,3348.882,3330.333,3347.451,7454269300,,akshare.stock_zh_index_daily,week1_data_engineer_20260707_20260707T140842,2026-07-07T14:09:03
000300,2023-12-26,3345.395,3345.417,3315.937,3324.79,7473293500,,akshare.stock_zh_index_daily,week1_data_engineer_20260707_20260707T140842,2026-07-07T14:09:03
000300,2023-12-27,3326.927,3341.266,3309.673,3336.357,9440392800,,akshare.stock_zh_index_daily,week1_data_engineer_20260707_20260707T140842,2026-07-07T14:09:03
000300,2023-12-28,3335.557,3423.402,3331.208,3414.54,14806485100,,akshare.stock_zh_index_daily,week1_data_engineer_20260707_20260707T140842,2026-07-07T14:09:03
000300,2023-12-29,3411.109,3432.541,3409.58,3431.11,11492893200,,akshare.stock_zh_index_daily,week1_data_engineer_20260707_20260707T140842,2026-07-07T14:09:03
000300,2024-01-02,3426.268,3426.268,3386.352,3386.352,11618072600,,akshare.stock_zh_index_daily,week1_data_engineer_20260707_20260707T140842,2026-07-07T14:09:03
000300,2024-01-03,3379.75,3392.85,3362.662,3378.297,10561385100,,akshare.stock_zh_index_daily,week1_data_engineer_20260707_20260707T140842,2026-07-07T14:09:03
000300,2024-01-04,3375.021,3375.021,3323.865,3347.052,10672101300,,akshare.stock_zh_index_daily,week1_data_engineer_20260707_20260707T140842,2026-07-07T14:09:03
000300,2024-01-05,3341.306,3372.544,3313.554,3329.111,12640057400,,akshare.stock_zh_index_daily,week1_data_engineer_20260707_20260707T140842,2026-07-07T14:09:03
000300,2024-01-08,3322.605,3333.516,3283.342,3286.056,11742948500,,akshare.stock_zh_index_daily,week1_data_engineer_20260707_20260707T140842,2026-07-07T14:09:03
000300,2024-01-09,3286.708,3304.601,3273.843,3292.499,10933046500,,akshare.stock_zh_index_daily,week1_data_engineer_20260707_20260707T140842,2026-07-07T14:09:03
000300,2024-01-10,3281.669,3312.916,3268.247,3277.129,9419936600,,akshare.stock_zh_index_daily,week1_data_engineer_20260707_20260707T140842,2026-07-07T14:09:03
000300,2024-01-11,3275.309,3311.114,3266.791,3295.672,10878973500,,akshare.stock_zh_index_daily,week1_data_engineer_20260707_20260707T140842,2026-07-07T14:09:03
000300,2024-01-12,3284.358,3310.47,3279.699,3284.167,9685355500,,akshare.stock_zh_index_daily,week1_data_engineer_20260707_20260707T140842,2026-07-07T14:09:03
000300,2024-01-15,3270.103,3306.922,3261.269,3280.92,8885153000,,akshare.stock_zh_index_daily,week1_data_engineer_20260707_20260707T140842,2026-07-07T14:09:03
000300,2024-01-16,3272.571,3300.876,3260.436,3300.876,11327666500,,akshare.stock_zh_index_daily,week1_data_engineer_20260707_20260707T140842,2026-07-07T14:09:03
000300,2024-01-17,3291.139,3291.139,3229.082,3229.082,10876972800,,akshare.stock_zh_index_daily,week1_data_engineer_20260707_20260707T140842,2026-07-07T14:09:03
000300,2024-01-18,3214.284,3279.254,3171.633,3274.729,17490916800,,akshare.stock_zh_index_daily,week1_data_engineer_20260707_20260707T140842,2026-07-07T14:09:03
000300,2024-01-19,3261.239,3286.942,3251.814,3269.776,11850140800,,akshare.stock_zh_index_daily,week1_data_engineer_20260707_20260707T140842,2026-07-07T14:09:03
000300,2024-01-22,3262.469,3281.421,3193.178,3218.902,14870562800,,akshare.stock_zh_index_daily,week1_data_engineer_20260707_20260707T140842,2026-07-07T14:09:03
000300,2024-01-23,3208.432,3249.531,3188.126,3231.933,12201200000,,akshare.stock_zh_index_daily,week1_data_engineer_20260707_20260707T140842,2026-07-07T14:09:03
000300,2024-01-24,3245.959,3281.489,3190.467,3277.109,15437195400,,akshare.stock_zh_index_daily,week1_data_engineer_20260707_20260707T140842,2026-07-07T14:09:03
000300,2024-01-25,3274.339,3344.243,3269.794,3342.919,19683361400,,akshare.stock_zh_index_daily,week1_data_engineer_20260707_20260707T140842,2026-07-07T14:09:03
000300,2024-01-26,3326.647,3351.969,3315.127,3333.821,18066400500,,akshare.stock_zh_index_daily,week1_data_engineer_20260707_20260707T140842,2026-07-07T14:09:03
000300,2024-01-29,3335.394,3351.372,3303.96,3303.96,18416479500,,akshare.stock_zh_index_daily,week1_data_engineer_20260707_20260707T140842,2026-07-07T14:09:03
000300,2024-01-30,3283.898,3300.204,3244.972,3245.039,14364935000,,akshare.stock_zh_index_daily,week1_data_engineer_20260707_20260707T140842,2026-07-07T14:09:03
000300,2024-01-31,3231.543,3252.148,3201.926,3215.352,15314346900,,akshare.stock_zh_index_daily,week1_data_engineer_20260707_20260707T140842,2026-07-07T14:09:03
000300,2024-02-01,3202.256,3251.758,3191.897,3217.711,14551679200,,akshare.stock_zh_index_daily,week1_data_engineer_20260707_20260707T140842,2026-07-07T14:09:03
000300,2024-02-02,3219.873,3235.408,3108.352,3179.628,17375808900,,akshare.stock_zh_index_daily,week1_data_engineer_20260707_20260707T140842,2026-07-07T14:09:03
000300,2024-02-05,3164.25,3233.849,3111.518,3200.422,20304297000,,akshare.stock_zh_index_daily,week1_data_engineer_20260707_20260707T140842,2026-07-07T14:09:03
000300,2024-02-06,3185.25,3314.512,3182.822,3311.692,20271309900,,akshare.stock_zh_index_daily,week1_data_engineer_20260707_20260707T140842,2026-07-07T14:09:03
000300,2024-02-07,3314.031,3343.63,3289.67,3343.63,21664793300,,akshare.stock_zh_index_daily,week1_data_engineer_20260707_20260707T140842,2026-07-07T14:09:03
000300,2024-02-08,3351.405,3367.21,3336.978,3364.93,18997757800,,akshare.stock_zh_index_daily,week1_data_engineer_20260707_20260707T140842,2026-07-07T14:09:03
000300,2024-02-19,3393.192,3403.808,3364.142,3403.808,18331980000,,akshare.stock_zh_index_daily,week1_data_engineer_20260707_20260707T140842,2026-07-07T14:09:03
000300,2024-02-20,3395.192,3415.894,3380.103,3410.854,14073458100,,akshare.stock_zh_index_daily,week1_data_engineer_20260707_20260707T140842,2026-07-07T14:09:03
000300,2024-02-21,3390.362,3500.134,3383.691,3456.871,18887936200,,akshare.stock_zh_index_daily,week1_data_engineer_20260707_20260707T140842,2026-07-07T14:09:03
000300,2024-02-22,3450.352,3486.683,3448.414,3486.675,14102078400,,akshare.stock_zh_index_daily,week1_data_engineer_20260707_20260707T140842,2026-07-07T14:09:03
000300,2024-02-23,3491.337,3507.559,3472.968,3489.742,14482127300,,akshare.stock_zh_index_daily,week1_data_engineer_20260707_20260707T140842,2026-07-07T14:09:03
000300,2024-02-26,3485.543,3492.606,3445.389,3453.359,15124833100,,akshare.stock_zh_index_daily,week1_data_engineer_20260707_20260707T140842,2026-07-07T14:09:03
000300,2024-02-27,3440.052,3494.787,3437.442,3494.787,13952824600,,akshare.stock_zh_index_daily,week1_data_engineer_20260707_20260707T140842,2026-07-07T14:09:03
000300,2024-02-28,3499.826,3521.657,3450.26,3450.26,18983754800,,akshare.stock_zh_index_daily,week1_data_engineer_20260707_20260707T140842,2026-07-07T14:09:03
000300,2024-02-29,3437.898,3516.083,3437.898,3516.083,15594453200,,akshare.stock_zh_index_daily,week1_data_engineer_20260707_20260707T140842,2026-07-07T14:09:03
000300,2024-03-01,3515.059,3544.36,3503.459,3537.804,16270957000,,akshare.stock_zh_index_daily,week1_data_engineer_20260707_20260707T140842,2026-07-07T14:09:03
000300,2024-03-04,3538.366,3548.69,3519.76,3540.869,16324461300,,akshare.stock_zh_index_daily,week1_data_engineer_20260707_20260707T140842,2026-07-07T14:09:03
000300,2024-03-05,3524.964,3570.694,3519.082,3565.514,16642238900,,akshare.stock_zh_index_daily,week1_data_engineer_20260707_20260707T140842,2026-07-07T14:09:03
000300,2024-03-06,3556.532,3577.388,3545.101,3551.048,14307661300,,akshare.stock_zh_index_daily,week1_data_engineer_20260707_20260707T140842,2026-07-07T14:09:03
000300,2024-03-07,3548.101,3569.919,3522.896,3529.72,14811051000,,akshare.stock_zh_index_daily,week1_data_engineer_20260707_20260707T140842,2026-07-07T14:09:03
000300,2024-03-08,3529.551,3548.506,3511.577,3544.91,12579266400,,akshare.stock_zh_index_daily,week1_data_engineer_20260707_20260707T140842,2026-07-07T14:09:03
000300,2024-03-11,3545.943,3589.264,3542.279,3589.264,14820282500,,akshare.stock_zh_index_daily,week1_data_engineer_20260707_20260707T140842,2026-07-07T14:09:03
000300,2024-03-12,3592.583,3605.698,3574.212,3597.494,18068556000,,akshare.stock_zh_index_daily,week1_data_engineer_20260707_20260707T140842,2026-07-07T14:09:03
000300,2024-03-13,3594.421,3594.421,3563.369,3572.361,14459059000,,akshare.stock_zh_index_daily,week1_data_engineer_20260707_20260707T140842,2026-07-07T14:09:03
000300,2024-03-14,3571.789,3597.46,3545.612,3562.223,14096272200,,akshare.stock_zh_index_daily,week1_data_engineer_20260707_20260707T140842,2026-07-07T14:09:03
000300,2024-03-15,3554.907,3572.809,3533.68,3569.993,13831604400,,akshare.stock_zh_index_daily,week1_data_engineer_20260707_20260707T140842,2026-07-07T14:09:03
000300,2024-03-18,3577.056,3604.052,3573.404,3603.528,16037943800,,akshare.stock_zh_index_daily,week1_data_engineer_20260707_20260707T140842,2026-07-07T14:09:03
000300,2024-03-19,3593.34,3610.739,3577.188,3577.63,14557178600,,akshare.stock_zh_index_daily,week1_data_engineer_20260707_20260707T140842,2026-07-07T14:09:03
000300,2024-03-20,3568.716,3589.546,3568.434,3585.384,12952896600,,akshare.stock_zh_index_daily,week1_data_engineer_20260707_20260707T140842,2026-07-07T14:09:03
000300,2024-03-21,3593.07,3601.115,3575.033,3581.09,13074337700,,akshare.stock_zh_index_daily,week1_data_engineer_20260707_20260707T140842,2026-07-07T14:09:03
000300,2024-03-22,3571.274,3575.717,3522.84,3545.002,13922735800,,akshare.stock_zh_index_daily,week1_data_engineer_20260707_20260707T140842,2026-07-07T14:09:03
000300,2024-03-25,3536.714,3564.96,3525.763,3525.763,13701572400,,akshare.stock_zh_index_daily,week1_data_engineer_20260707_20260707T140842,2026-07-07T14:09:03
000300,2024-03-26,3526.682,3547.646,3518.602,3543.747,12620953500,,akshare.stock_zh_index_daily,week1_data_engineer_20260707_20260707T140842,2026-07-07T14:09:03
000300,2024-03-27,3538.724,3542.962,3502.787,3502.787,12862676300,,akshare.stock_zh_index_daily,week1_data_engineer_20260707_20260707T140842,2026-07-07T14:09:03
000300,2024-03-28,3498.482,3551.214,3489.386,3520.965,14333471700,,akshare.stock_zh_index_daily,week1_data_engineer_20260707_20260707T140842,2026-07-07T14:09:03
000300,2024-03-29,3516.883,3538.238,3516.883,3537.484,12864329000,,akshare.stock_zh_index_daily,week1_data_engineer_20260707_20260707T140842,2026-07-07T14:09:03
000300,2024-04-01,3551.582,3600.919,3551.582,3595.647,16277656100,,akshare.stock_zh_index_daily,week1_data_engineer_20260707_20260707T140842,2026-07-07T14:09:03
000300,2024-04-02,3593.221,3596.19,3568.754,3580.676,14127297200,,akshare.stock_zh_index_daily,week1_data_engineer_20260707_20260707T140842,2026-07-07T14:09:03
000300,2024-04-03,3578.684,3582.432,3558.874,3567.803,13559233100,,akshare.stock_zh_index_daily,week1_data_engineer_20260707_20260707T140842,2026-07-07T14:09:03
000300,2024-04-08,3553.555,3567.82,3535.769,3536.408,15530428300,,akshare.stock_zh_index_daily,week1_data_engineer_20260707_20260707T140842,2026-07-07T14:09:03
000300,2024-04-09,3533.385,3543.714,3518.86,3533.487,12967094200,,akshare.stock_zh_index_daily,week1_data_engineer_20260707_20260707T140842,2026-07-07T14:09:03
000300,2024-04-10,3528.968,3531.23,3490.053,3504.709,12879027400,,akshare.stock_zh_index_daily,week1_data_engineer_20260707_20260707T140842,2026-07-07T14:09:03
000300,2024-04-11,3485.029,3520.589,3484.925,3504.245,12653439500,,akshare.stock_zh_index_daily,week1_data_engineer_20260707_20260707T140842,2026-07-07T14:09:03
000300,2024-04-12,3505.75,3516.699,3470.061,3475.839,12892111600,,akshare.stock_zh_index_daily,week1_data_engineer_20260707_20260707T140842,2026-07-07T14:09:03
000300,2024-04-15,3473.505,3552.413,3473.505,3549.076,18394125000,,akshare.stock_zh_index_daily,week1_data_engineer_20260707_20260707T140842,2026-07-07T14:09:03
000300,2024-04-16,3533.364,3545.503,3503.616,3511.115,17615306500,,akshare.stock_zh_index_daily,week1_data_engineer_20260707_20260707T140842,2026-07-07T14:09:03
000300,2024-04-17,3509.132,3565.939,3498.032,3565.403,16846639800,,akshare.stock_zh_index_daily,week1_data_engineer_20260707_20260707T140842,2026-07-07T14:09:03
000300,2024-04-18,3550.556,3602.79,3547.6,3569.802,17857410500,,akshare.stock_zh_index_daily,week1_data_engineer_20260707_20260707T140842,2026-07-07T14:09:03
000300,2024-04-19,3550.609,3560.949,3529.324,3541.662,14728150500,,akshare.stock_zh_index_daily,week1_data_engineer_20260707_20260707T140842,2026-07-07T14:09:03
000300,2024-04-22,3536.184,3558.164,3528.019,3530.905,15057904200,,akshare.stock_zh_index_daily,week1_data_engineer_20260707_20260707T140842,2026-07-07T14:09:03
000300,2024-04-23,3525.668,3533.758,3499.984,3506.225,14311350400,,akshare.stock_zh_index_daily,week1_data_engineer_20260707_20260707T140842,2026-07-07T14:09:03
000300,2024-04-24,3514.011,3524.537,3495.649,3521.622,12173985100,,akshare.stock_zh_index_daily,week1_data_engineer_20260707_20260707T140842,2026-07-07T14:09:03
000300,2024-04-25,3510.64,3543.97,3505.2,3530.281,11518772200,,akshare.stock_zh_index_daily,week1_data_engineer_20260707_20260707T140842,2026-07-07T14:09:03
000300,2024-04-26,3531.965,3588.4,3531.965,3584.269,19721613300,,akshare.stock_zh_index_daily,week1_data_engineer_20260707_20260707T140842,2026-07-07T14:09:03
000300,2024-04-29,3584.543,3645.823,3578.76,3623.912,22272138100,,akshare.stock_zh_index_daily,week1_data_engineer_20260707_20260707T140842,2026-07-07T14:09:03
000300,2024-04-30,3619.259,3630.709,3604.394,3604.394,19129689900,,akshare.stock_zh_index_daily,week1_data_engineer_20260707_20260707T140842,2026-07-07T14:09:03
000300,2024-05-06,3654.049,3668.257,3645.738,3657.877,20801800700,,akshare.stock_zh_index_daily,week1_data_engineer_20260707_20260707T140842,2026-07-07T14:09:03
000300,2024-05-07,3657.001,3665.684,3648.376,3659.008,16483428600,,akshare.stock_zh_index_daily,week1_data_engineer_20260707_20260707T140842,2026-07-07T14:09:03
000300,2024-05-08,3650.748,3650.936,3628.698,3630.223,13003533600,,akshare.stock_zh_index_daily,week1_data_engineer_20260707_20260707T140842,2026-07-07T14:09:03
000300,2024-05-09,3630.414,3669.759,3630.414,3664.561,14655901700,,akshare.stock_zh_index_daily,week1_data_engineer_20260707_20260707T140842,2026-07-07T14:09:03
000300,2024-05-10,3669.087,3674.609,3641.764,3666.277,15072053600,,akshare.stock_zh_index_daily,week1_data_engineer_20260707_20260707T140842,2026-07-07T14:09:03
000300,2024-05-13,3646.349,3673.621,3634.605,3664.691,15726745500,,akshare.stock_zh_index_daily,week1_data_engineer_20260707_20260707T140842,2026-07-07T14:09:03
000300,2024-05-14,3668.225,3675.776,3646.709,3657.045,13340649000,,akshare.stock_zh_index_daily,week1_data_engineer_20260707_20260707T140842,2026-07-07T14:09:03
000300,2024-05-15,3651.054,3656.528,3624.002,3626.056,12352276400,,akshare.stock_zh_index_daily,week1_data_engineer_20260707_20260707T140842,2026-07-07T14:09:03
000300,2024-05-16,3636.601,3657.483,3626.334,3640.359,15463050300,,akshare.stock_zh_index_daily,week1_data_engineer_20260707_20260707T140842,2026-07-07T14:09:03
000300,2024-05-17,3638.561,3677.97,3627.447,3677.97,16457041700,,akshare.stock_zh_index_daily,week1_data_engineer_20260707_20260707T140842,2026-07-07T14:09:03
000300,2024-05-20,3682.062,3703.029,3677.443,3690.962,18460942300,,akshare.stock_zh_index_daily,week1_data_engineer_20260707_20260707T140842,2026-07-07T14:09:03
000300,2024-05-21,3682.287,3684.611,3665.152,3676.161,13067828300,,akshare.stock_zh_index_daily,week1_data_engineer_20260707_20260707T140842,2026-07-07T14:09:03
000300,2024-05-22,3675.647,3691.88,3667.089,3684.451,15191460500,,akshare.stock_zh_index_daily,week1_data_engineer_20260707_20260707T140842,2026-07-07T14:09:03
000300,2024-05-23,3672.84,3674.365,3633.505,3641.792,14257299000,,akshare.stock_zh_index_daily,week1_data_engineer_20260707_20260707T140842,2026-07-07T14:09:03
000300,2024-05-24,3630.827,3650.873,3599.668,3601.475,12479117700,,akshare.stock_zh_index_daily,week1_data_engineer_20260707_20260707T140842,2026-07-07T14:09:03
000300,2024-05-27,3606.645,3638.151,3603.713,3635.708,13127264400,,akshare.stock_zh_index_daily,week1_data_engineer_20260707_20260707T140842,2026-07-07T14:09:03
000300,2024-05-28,3633.254,3638.97,3605.921,3609.172,12353223800,,akshare.stock_zh_index_daily,week1_data_engineer_20260707_20260707T140842,2026-07-07T14:09:03
000300,2024-05-29,3609.071,3633.197,3602.82,3613.522,11590632100,,akshare.stock_zh_index_daily,week1_data_engineer_20260707_20260707T140842,2026-07-07T14:09:03
000300,2024-05-30,3607.052,3624.035,3586.754,3594.312,12260299500,,akshare.stock_zh_index_daily,week1_data_engineer_20260707_20260707T140842,2026-07-07T14:09:03
000300,2024-05-31,3599.82,3614.644,3579.925,3579.925,11246201900,,akshare.stock_zh_index_daily,week1_data_engineer_20260707_20260707T140842,2026-07-07T14:09:03
000300,2024-06-03,3577.38,3600.604,3567.871,3588.748,14105459100,,akshare.stock_zh_index_daily,week1_data_engineer_20260707_20260707T140842,2026-07-07T14:09:03
000300,2024-06-04,3583.81,3622.501,3580.277,3615.671,12454509600,,akshare.stock_zh_index_daily,week1_data_engineer_20260707_20260707T140842,2026-07-07T14:09:03
000300,2024-06-05,3610.36,3623.323,3594.106,3594.794,11090676600,,akshare.stock_zh_index_daily,week1_data_engineer_20260707_20260707T140842,2026-07-07T14:09:03
000300,2024-06-06,3602.155,3625.011,3584.171,3592.245,13789351700,,akshare.stock_zh_index_daily,week1_data_engineer_20260707_20260707T140842,2026-07-07T14:09:03
000300,2024-06-07,3594.634,3603.07,3552.085,3574.114,13110302600,,akshare.stock_zh_index_daily,week1_data_engineer_20260707_20260707T140842,2026-07-07T14:09:03
000300,2024-06-11,3555.819,3565.311,3525.895,3542.877,13452230600,,akshare.stock_zh_index_daily,week1_data_engineer_20260707_20260707T140842,2026-07-07T14:09:03
000300,2024-06-12,3539.095,3551.171,3531.566,3544.123,12281372900,,akshare.stock_zh_index_daily,week1_data_engineer_20260707_20260707T140842,2026-07-07T14:09:03
000300,2024-06-13,3548.216,3551.077,3520.18,3526.131,12324546200,,akshare.stock_zh_index_daily,week1_data_engineer_20260707_20260707T140842,2026-07-07T14:09:03
000300,2024-06-14,3514.8,3547.147,3503.523,3541.533,17151694200,,akshare.stock_zh_index_daily,week1_data_engineer_20260707_20260707T140842,2026-07-07T14:09:03
000300,2024-06-17,3521.437,3540.793,3520.738,3536.199,13743343800,,akshare.stock_zh_index_daily,week1_data_engineer_20260707_20260707T140842,2026-07-07T14:09:03
000300,2024-06-18,3533.488,3551.709,3532.785,3545.59,12367183800,,akshare.stock_zh_index_daily,week1_data_engineer_20260707_20260707T140842,2026-07-07T14:09:03
000300,2024-06-19,3543.36,3543.36,3524.845,3528.749,10664279700,,akshare.stock_zh_index_daily,week1_data_engineer_20260707_20260707T140842,2026-07-07T14:09:03
000300,2024-06-20,3525.169,3533.987,3500.131,3503.282,11161739600,,akshare.stock_zh_index_daily,week1_data_engineer_20260707_20260707T140842,2026-07-07T14:09:03
000300,2024-06-21,3496.343,3505.512,3473.828,3495.62,10918661500,,akshare.stock_zh_index_daily,week1_data_engineer_20260707_20260707T140842,2026-07-07T14:09:03
000300,2024-06-24,3473.639,3505.775,3471.216,3476.81,11799018400,,akshare.stock_zh_index_daily,week1_data_engineer_20260707_20260707T140842,2026-07-07T14:09:03
000300,2024-06-25,3475.165,3483.219,3440.646,3457.902,11844811800,,akshare.stock_zh_index_daily,week1_data_engineer_20260707_20260707T140842,2026-07-07T14:09:03
000300,2024-06-26,3451.539,3487.396,3442.298,3480.265,10589886100,,akshare.stock_zh_index_daily,week1_data_engineer_20260707_20260707T140842,2026-07-07T14:09:03
000300,2024-06-27,3467.289,3471.142,3452.578,3454.118,11491810100,,akshare.stock_zh_index_daily,week1_data_engineer_20260707_20260707T140842,2026-07-07T14:09:03
000300,2024-06-28,3443.674,3484.678,3443.674,3461.657,13540915300,,akshare.stock_zh_index_daily,week1_data_engineer_20260707_20260707T140842,2026-07-07T14:09:03
000300,2024-07-01,3458.264,3479.955,3443.809,3478.183,12182977000,,akshare.stock_zh_index_daily,week1_data_engineer_20260707_20260707T140842,2026-07-07T14:09:03
000300,2024-07-02,3472.453,3488.319,3464.524,3471.786,12165012100,,akshare.stock_zh_index_daily,week1_data_engineer_20260707_20260707T140842,2026-07-07T14:09:03
000300,2024-07-03,3471.556,3478.705,3454.994,3463.414,10385710800,,akshare.stock_zh_index_daily,week1_data_engineer_20260707_20260707T140842,2026-07-07T14:09:03
000300,2024-07-04,3468.296,3483.31,3444.928,3445.813,10442990900,,akshare.stock_zh_index_daily,week1_data_engineer_20260707_20260707T140842,2026-07-07T14:09:03
000300,2024-07-05,3443.359,3451.039,3399.669,3431.061,11660965900,,akshare.stock_zh_index_daily,week1_data_engineer_20260707_20260707T140842,2026-07-07T14:09:03
000300,2024-07-08,3420.803,3428.042,3395.912,3401.76,11552821800,,akshare.stock_zh_index_daily,week1_data_engineer_20260707_20260707T140842,2026-07-07T14:09:03
000300,2024-07-09,3396.804,3448.928,3384.809,3439.811,13162944300,,akshare.stock_zh_index_daily,week1_data_engineer_20260707_20260707T140842,2026-07-07T14:09:03
000300,2024-07-10,3425.882,3447.505,3423.648,3428.966,12720345600,,akshare.stock_zh_index_daily,week1_data_engineer_20260707_20260707T140842,2026-07-07T14:09:03
000300,2024-07-11,3451.044,3473.984,3438.118,3468.169,14589246600,,akshare.stock_zh_index_daily,week1_data_engineer_20260707_20260707T140842,2026-07-07T14:09:03
000300,2024-07-12,3459.956,3479.096,3457.363,3472.401,13087458900,,akshare.stock_zh_index_daily,week1_data_engineer_20260707_20260707T140842,2026-07-07T14:09:03
000300,2024-07-15,3462.611,3481.461,3460.792,3476.247,11851708300,,akshare.stock_zh_index_daily,week1_data_engineer_20260707_20260707T140842,2026-07-07T14:09:03
000300,2024-07-16,3466.852,3500.294,3464.366,3498.283,12065901700,,akshare.stock_zh_index_daily,week1_data_engineer_20260707_20260707T140842,2026-07-07T14:09:03
000300,2024-07-17,3494.209,3514.475,3486.223,3501.584,13180206200,,akshare.stock_zh_index_daily,week1_data_engineer_20260707_20260707T140842,2026-07-07T14:09:03
000300,2024-07-18,3483.298,3522.8,3475.724,3520.931,12376819900,,akshare.stock_zh_index_daily,week1_data_engineer_20260707_20260707T140842,2026-07-07T14:09:03
000300,2024-07-19,3500.805,3545.338,3493.073,3539.016,13244797500,,akshare.stock_zh_index_daily,week1_data_engineer_20260707_20260707T140842,2026-07-07T14:09:03
000300,2024-07-22,3538.401,3540.187,3494.014,3514.925,13212633700,,akshare.stock_zh_index_daily,week1_data_engineer_20260707_20260707T140842,2026-07-07T14:09:03
000300,2024-07-23,3509.789,3509.789,3439.878,3439.878,12889766000,,akshare.stock_zh_index_daily,week1_data_engineer_20260707_20260707T140842,2026-07-07T14:09:03
000300,2024-07-24,3432.346,3451.42,3408.413,3418.166,12703626300,,akshare.stock_zh_index_daily,week1_data_engineer_20260707_20260707T140842,2026-07-07T14:09:03
000300,2024-07-25,3404.611,3415.856,3383.799,3399.272,13102224200,,akshare.stock_zh_index_daily,week1_data_engineer_20260707_20260707T140842,2026-07-07T14:09:03
000300,2024-07-26,3403.708,3420.82,3388.66,3409.293,12419555800,,akshare.stock_zh_index_daily,week1_data_engineer_20260707_20260707T140842,2026-07-07T14:09:03
000300,2024-07-29,3404.366,3408.502,3388.844,3390.742,10978778600,,akshare.stock_zh_index_daily,week1_data_engineer_20260707_20260707T140842,2026-07-07T14:09:03
000300,2024-07-30,3380.689,3380.689,3352.804,3369.382,10495216400,,akshare.stock_zh_index_daily,week1_data_engineer_20260707_20260707T140842,2026-07-07T14:09:03
000300,2024-07-31,3364.027,3445.004,3364.027,3442.084,17195917700,,akshare.stock_zh_index_daily,week1_data_engineer_20260707_20260707T140842,2026-07-07T14:09:03
000300,2024-08-01,3443.14,3448.336,3419.187,3419.267,13632346400,,akshare.stock_zh_index_daily,week1_data_engineer_20260707_20260707T140842,2026-07-07T14:09:03
000300,2024-08-02,3393.917,3419.102,3380.965,3384.392,11661525500,,akshare.stock_zh_index_daily,week1_data_engineer_20260707_20260707T140842,2026-07-07T14:09:03
000300,2024-08-05,3362.112,3409.031,3343.321,3343.321,14281251600,,akshare.stock_zh_index_daily,week1_data_engineer_20260707_20260707T140842,2026-07-07T14:09:03
000300,2024-08-06,3367.352,3376.796,3318.625,3342.979,11934027900,,akshare.stock_zh_index_daily,week1_data_engineer_20260707_20260707T140842,2026-07-07T14:09:03
000300,2024-08-07,3338.591,3362.384,3329.966,3341.489,9508437700,,akshare.stock_zh_index_daily,week1_data_engineer_20260707_20260707T140842,2026-07-07T14:09:03
000300,2024-08-08,3332.428,3364.786,3320.843,3342.937,9249569500,,akshare.stock_zh_index_daily,week1_data_engineer_20260707_20260707T140842,2026-07-07T14:09:03
000300,2024-08-09,3358.128,3366.669,3331.627,3331.627,9151162600,,akshare.stock_zh_index_daily,week1_data_engineer_20260707_20260707T140842,2026-07-07T14:09:03
000300,2024-08-12,3327.556,3338.077,3319.891,3325.865,7993875400,,akshare.stock_zh_index_daily,week1_data_engineer_20260707_20260707T140842,2026-07-07T14:09:03
000300,2024-08-13,3328.014,3335.014,3310.191,3334.39,8448967900,,akshare.stock_zh_index_daily,week1_data_engineer_20260707_20260707T140842,2026-07-07T14:09:03
000300,2024-08-14,3332.787,3332.787,3309.1,3309.239,7874240700,,akshare.stock_zh_index_daily,week1_data_engineer_20260707_20260707T140842,2026-07-07T14:09:03
000300,2024-08-15,3301.446,3356.764,3297.971,3341.953,10476639900,,akshare.stock_zh_index_daily,week1_data_engineer_20260707_20260707T140842,2026-07-07T14:09:03
000300,2024-08-16,3342.035,3356.907,3335.624,3345.634,9651908300,,akshare.stock_zh_index_daily,week1_data_engineer_20260707_20260707T140842,2026-07-07T14:09:03
000300,2024-08-19,3344.261,3375.962,3343.712,3356.968,10557111000,,akshare.stock_zh_index_daily,week1_data_engineer_20260707_20260707T140842,2026-07-07T14:09:03
000300,2024-08-20,3361.639,3362.334,3321.64,3332.703,10166833100,,akshare.stock_zh_index_daily,week1_data_engineer_20260707_20260707T140842,2026-07-07T14:09:03
000300,2024-08-21,3322.913,3339.443,3307.992,3321.635,8995475100,,akshare.stock_zh_index_daily,week1_data_engineer_20260707_20260707T140842,2026-07-07T14:09:03
000300,2024-08-22,3322.872,3327.696,3305.245,3313.136,10036650400,,akshare.stock_zh_index_daily,week1_data_engineer_20260707_20260707T140842,2026-07-07T14:09:03
000300,2024-08-23,3305.931,3336.241,3305.64,3327.191,8952577400,,akshare.stock_zh_index_daily,week1_data_engineer_20260707_20260707T140842,2026-07-07T14:09:03
000300,2024-08-26,3330.718,3336.527,3311.57,3324.223,9399077200,,akshare.stock_zh_index_daily,week1_data_engineer_20260707_20260707T140842,2026-07-07T14:09:03
000300,2024-08-27,3315.686,3320.567,3299.564,3305.334,9580815700,,akshare.stock_zh_index_daily,week1_data_engineer_20260707_20260707T140842,2026-07-07T14:09:03
000300,2024-08-28,3298.909,3305.35,3274.588,3286.496,9269665000,,akshare.stock_zh_index_daily,week1_data_engineer_20260707_20260707T140842,2026-07-07T14:09:03
000300,2024-08-29,3273.541,3290.786,3269.529,3277.681,13070233300,,akshare.stock_zh_index_daily,week1_data_engineer_20260707_20260707T140842,2026-07-07T14:09:03
000300,2024-08-30,3273.753,3351.625,3273.65,3321.432,18869544300,,akshare.stock_zh_index_daily,week1_data_engineer_20260707_20260707T140842,2026-07-07T14:09:03
000300,2024-09-02,3307.543,3307.763,3264.757,3265.011,14761235300,,akshare.stock_zh_index_daily,week1_data_engineer_20260707_20260707T140842,2026-07-07T14:09:03
000300,2024-09-03,3261.741,3281.594,3261.188,3273.428,12289730600,,akshare.stock_zh_index_daily,week1_data_engineer_20260707_20260707T140842,2026-07-07T14:09:03
000300,2024-09-04,3253.898,3272.986,3249.981,3252.165,10483248200,,akshare.stock_zh_index_daily,week1_data_engineer_20260707_20260707T140842,2026-07-07T14:09:03
000300,2024-09-05,3252.96,3266.882,3247.173,3257.758,9710945000,,akshare.stock_zh_index_daily,week1_data_engineer_20260707_20260707T140842,2026-07-07T14:09:03
000300,2024-09-06,3261.154,3274.814,3231.069,3231.346,8840041700,,akshare.stock_zh_index_daily,week1_data_engineer_20260707_20260707T140842,2026-07-07T14:09:03
000300,2024-09-09,3214.8,3222.928,3180.928,3192.952,10867306900,,akshare.stock_zh_index_daily,week1_data_engineer_20260707_20260707T140842,2026-07-07T14:09:03
000300,2024-09-10,3193.456,3205.097,3171.793,3195.755,9729007800,,akshare.stock_zh_index_daily,week1_data_engineer_20260707_20260707T140842,2026-07-07T14:09:03
000300,2024-09-11,3187.051,3197.336,3174.034,3186.13,10248211000,,akshare.stock_zh_index_daily,week1_data_engineer_20260707_20260707T140842,2026-07-07T14:09:03
000300,2024-09-12,3189.427,3201.554,3171.878,3172.475,9286865700,,akshare.stock_zh_index_daily,week1_data_engineer_20260707_20260707T140842,2026-07-07T14:09:03
000300,2024-09-13,3174.034,3188.915,3159.247,3159.247,8833667700,,akshare.stock_zh_index_daily,week1_data_engineer_20260707_20260707T140842,2026-07-07T14:09:03
000300,2024-09-18,3158.818,3179.901,3145.791,3171.01,8472281400,,akshare.stock_zh_index_daily,week1_data_engineer_20260707_20260707T140842,2026-07-07T14:09:03
000300,2024-09-19,3178.396,3213.838,3149.793,3196.036,12543927200,,akshare.stock_zh_index_daily,week1_data_engineer_20260707_20260707T140842,2026-07-07T14:09:03
000300,2024-09-20,3192.432,3207.988,3173.224,3201.05,11806409800,,akshare.stock_zh_index_daily,week1_data_engineer_20260707_20260707T140842,2026-07-07T14:09:03
000300,2024-09-23,3200.868,3230.161,3198.025,3212.764,9534485500,,akshare.stock_zh_index_daily,week1_data_engineer_20260707_20260707T140842,2026-07-07T14:09:03
000300,2024-09-24,3244.647,3351.968,3222.489,3351.909,20407221700,,akshare.stock_zh_index_daily,week1_data_engineer_20260707_20260707T140842,2026-07-07T14:09:03
000300,2024-09-25,3403.702,3465.488,3393.438,3401.533,24156425500,,akshare.stock_zh_index_daily,week1_data_engineer_20260707_20260707T140842,2026-07-07T14:09:03
000300,2024-09-26,3399.319,3545.325,3391.677,3545.32,24313401000,,akshare.stock_zh_index_daily,week1_data_engineer_20260707_20260707T140842,2026-07-07T14:09:03
000300,2024-09-27,3617.92,3708.495,3596.583,3703.685,26548777400,,akshare.stock_zh_index_daily,week1_data_engineer_20260707_20260707T140842,2026-07-07T14:09:03
000300,2024-09-30,3846.652,4038.697,3796.505,4017.855,51021770700,,akshare.stock_zh_index_daily,week1_data_engineer_20260707_20260707T140842,2026-07-07T14:09:03
000300,2024-10-08,4450.368,4450.368,4094.352,4256.096,58986789400,,akshare.stock_zh_index_daily,week1_data_engineer_20260707_20260707T140842,2026-07-07T14:09:03
000300,2024-10-09,4168.844,4197.6,3942.512,3955.984,48226929500,,akshare.stock_zh_index_daily,week1_data_engineer_20260707_20260707T140842,2026-07-07T14:09:03
000300,2024-10-10,3979.612,4098.497,3912.771,3997.788,39505309900,,akshare.stock_zh_index_daily,week1_data_engineer_20260707_20260707T140842,2026-07-07T14:09:03
000300,2024-10-11,3969.758,3978.239,3847.123,3887.167,27409650500,,akshare.stock_zh_index_daily,week1_data_engineer_20260707_20260707T140842,2026-07-07T14:09:03
000300,2024-10-14,3915.219,3979.543,3868.779,3961.342,30757899300,,akshare.stock_zh_index_daily,week1_data_engineer_20260707_20260707T140842,2026-07-07T14:09:03
000300,2024-10-15,3942.534,3967.871,3855.995,3855.995,24248644800,,akshare.stock_zh_index_daily,week1_data_engineer_20260707_20260707T140842,2026-07-07T14:09:03
000300,2024-10-16,3806.137,3877.748,3805.087,3831.589,21886640700,,akshare.stock_zh_index_daily,week1_data_engineer_20260707_20260707T140842,2026-07-07T14:09:03
000300,2024-10-17,3853.841,3882.073,3787.75,3788.222,21231382000,,akshare.stock_zh_index_daily,week1_data_engineer_20260707_20260707T140842,2026-07-07T14:09:03
000300,2024-10-18,3780.314,3998.214,3765.162,3925.234,31295883400,,akshare.stock_zh_index_daily,week1_data_engineer_20260707_20260707T140842,2026-07-07T14:09:03
000300,2024-10-21,3946.902,3979.264,3896.165,3935.197,29118563400,,akshare.stock_zh_index_daily,week1_data_engineer_20260707_20260707T140842,2026-07-07T14:09:03
000300,2024-10-22,3923.744,3965.908,3917.522,3957.776,22343339600,,akshare.stock_zh_index_daily,week1_data_engineer_20260707_20260707T140842,2026-07-07T14:09:03
000300,2024-10-23,3955.319,4012.18,3939.099,3973.209,24587394900,,akshare.stock_zh_index_daily,week1_data_engineer_20260707_20260707T140842,2026-07-07T14:09:03
000300,2024-10-24,3950.899,3957.983,3914.089,3928.833,17472406200,,akshare.stock_zh_index_daily,week1_data_engineer_20260707_20260707T140842,2026-07-07T14:09:03
000300,2024-10-25,3931.321,3992.892,3921.94,3956.421,21069488500,,akshare.stock_zh_index_daily,week1_data_engineer_20260707_20260707T140842,2026-07-07T14:09:03
000300,2024-10-28,3953.106,3964.157,3917.204,3964.157,21616041500,,akshare.stock_zh_index_daily,week1_data_engineer_20260707_20260707T140842,2026-07-07T14:09:03
000300,2024-10-29,3970.008,3991.309,3921.58,3924.649,21729398400,,akshare.stock_zh_index_daily,week1_data_engineer_20260707_20260707T140842,2026-07-07T14:09:03
000300,2024-10-30,3904.16,3926.058,3864.305,3889.449,21943662600,,akshare.stock_zh_index_daily,week1_data_engineer_20260707_20260707T140842,2026-07-07T14:09:03
000300,2024-10-31,3888.423,3923.9,3859.108,3891.04,30063671800,,akshare.stock_zh_index_daily,week1_data_engineer_20260707_20260707T140842,2026-07-07T14:09:03
000300,2024-11-01,3882.458,3933.22,3879.959,3890.02,30798648100,,akshare.stock_zh_index_daily,week1_data_engineer_20260707_20260707T140842,2026-07-07T14:09:03
000300,2024-11-04,3897.714,3944.762,3891.211,3944.762,22923906000,,akshare.stock_zh_index_daily,week1_data_engineer_20260707_20260707T140842,2026-07-07T14:09:03
000300,2024-11-05,3937.623,4046.698,3925.414,4044.573,31686279400,,akshare.stock_zh_index_daily,week1_data_engineer_20260707_20260707T140842,2026-07-07T14:09:03
000300,2024-11-06,4051.289,4091.703,4002.503,4024.283,33580793800,,akshare.stock_zh_index_daily,week1_data_engineer_20260707_20260707T140842,2026-07-07T14:09:03
000300,2024-11-07,3987.267,4146.151,3984.665,4145.695,34143641400,,akshare.stock_zh_index_daily,week1_data_engineer_20260707_20260707T140842,2026-07-07T14:09:03
000300,2024-11-08,4192.079,4200.908,4094.163,4104.047,33235038500,,akshare.stock_zh_index_daily,week1_data_engineer_20260707_20260707T140842,2026-07-07T14:09:03
000300,2024-11-11,4066.934,4132.511,4048.039,4131.131,28959422700,,akshare.stock_zh_index_daily,week1_data_engineer_20260707_20260707T140842,2026-07-07T14:09:03
000300,2024-11-12,4133.353,4181.71,4060.794,4085.743,29777808600,,akshare.stock_zh_index_daily,week1_data_engineer_20260707_20260707T140842,2026-07-07T14:09:03
000300,2024-11-13,4059.59,4121.074,4059.59,4110.89,24048409900,,akshare.stock_zh_index_daily,week1_data_engineer_20260707_20260707T140842,2026-07-07T14:09:03
000300,2024-11-14,4101.223,4118.169,4034.944,4039.619,23015278400,,akshare.stock_zh_index_daily,week1_data_engineer_20260707_20260707T140842,2026-07-07T14:09:03
000300,2024-11-15,4025.648,4049.071,3968.831,3968.831,24739946300,,akshare.stock_zh_index_daily,week1_data_engineer_20260707_20260707T140842,2026-07-07T14:09:03
000300,2024-11-18,3982.104,4034.06,3931.187,3950.381,30677794600,,akshare.stock_zh_index_daily,week1_data_engineer_20260707_20260707T140842,2026-07-07T14:09:03
000300,2024-11-19,3954.604,3979.151,3896.749,3976.891,24294646500,,akshare.stock_zh_index_daily,week1_data_engineer_20260707_20260707T140842,2026-07-07T14:09:03
000300,2024-11-20,3966.124,4001.085,3958.338,3985.773,18459937200,,akshare.stock_zh_index_daily,week1_data_engineer_20260707_20260707T140842,2026-07-07T14:09:03
000300,2024-11-21,3979.455,3999.569,3966.066,3989.298,16612592700,,akshare.stock_zh_index_daily,week1_data_engineer_20260707_20260707T140842,2026-07-07T14:09:03
000300,2024-11-22,3984.244,3990.265,3865.699,3865.699,21628580900,,akshare.stock_zh_index_daily,week1_data_engineer_20260707_20260707T140842,2026-07-07T14:09:03
000300,2024-11-25,3875.613,3889.707,3812.318,3848.091,19070295300,,akshare.stock_zh_index_daily,week1_data_engineer_20260707_20260707T140842,2026-07-07T14:09:03
000300,2024-11-26,3836.259,3875.229,3833.284,3840.185,14989244100,,akshare.stock_zh_index_daily,week1_data_engineer_20260707_20260707T140842,2026-07-07T14:09:03
000300,2024-11-27,3829.344,3907.164,3817.913,3907.045,17413609600,,akshare.stock_zh_index_daily,week1_data_engineer_20260707_20260707T140842,2026-07-07T14:09:03
000300,2024-11-28,3904.253,3908.392,3866.014,3872.551,15011729100,,akshare.stock_zh_index_daily,week1_data_engineer_20260707_20260707T140842,2026-07-07T14:09:03
000300,2024-11-29,3869.89,3962.7,3869.89,3916.583,18765671300,,akshare.stock_zh_index_daily,week1_data_engineer_20260707_20260707T140842,2026-07-07T14:09:03
000300,2024-12-02,3909.703,3955.125,3902.17,3947.632,19728978400,,akshare.stock_zh_index_daily,week1_data_engineer_20260707_20260707T140842,2026-07-07T14:09:03
000300,2024-12-03,3946.703,3963.947,3922.843,3951.891,18249686700,,akshare.stock_zh_index_daily,week1_data_engineer_20260707_20260707T140842,2026-07-07T14:09:03
000300,2024-12-04,3948.13,3957.365,3917.747,3930.557,17462631800,,akshare.stock_zh_index_daily,week1_data_engineer_20260707_20260707T140842,2026-07-07T14:09:03
000300,2024-12-05,3916.564,3936.336,3910.083,3921.588,13853403800,,akshare.stock_zh_index_daily,week1_data_engineer_20260707_20260707T140842,2026-07-07T14:09:03
000300,2024-12-06,3923.895,3995.117,3923.895,3973.141,19205790700,,akshare.stock_zh_index_daily,week1_data_engineer_20260707_20260707T140842,2026-07-07T14:09:03
000300,2024-12-09,3970.663,3995.512,3948.421,3966.571,17595995800,,akshare.stock_zh_index_daily,week1_data_engineer_20260707_20260707T140842,2026-07-07T14:09:03
000300,2024-12-10,4094.05,4098.38,3988.968,3995.637,25346379500,,akshare.stock_zh_index_daily,week1_data_engineer_20260707_20260707T140842,2026-07-07T14:09:03
000300,2024-12-11,3988.018,4005.325,3977.352,3988.831,17725284600,,akshare.stock_zh_index_daily,week1_data_engineer_20260707_20260707T140842,2026-07-07T14:09:03
000300,2024-12-12,3987.153,4031.744,3981.349,4028.505,18162177700,,akshare.stock_zh_index_daily,week1_data_engineer_20260707_20260707T140842,2026-07-07T14:09:03
000300,2024-12-13,4000.985,4000.985,3931.739,3933.181,23035307900,,akshare.stock_zh_index_daily,week1_data_engineer_20260707_20260707T140842,2026-07-07T14:09:03
000300,2024-12-16,3930.781,3938.76,3901.647,3911.842,17851125100,,akshare.stock_zh_index_daily,week1_data_engineer_20260707_20260707T140842,2026-07-07T14:09:03
000300,2024-12-17,3908.126,3955.945,3908.126,3922.033,16093909000,,akshare.stock_zh_index_daily,week1_data_engineer_20260707_20260707T140842,2026-07-07T14:09:03
000300,2024-12-18,3934.543,3956.144,3933.969,3941.89,15773832100,,akshare.stock_zh_index_daily,week1_data_engineer_20260707_20260707T140842,2026-07-07T14:09:03
000300,2024-12-19,3911.89,3954.349,3899.748,3945.464,16108104000,,akshare.stock_zh_index_daily,week1_data_engineer_20260707_20260707T140842,2026-07-07T14:09:03
000300,2024-12-20,3937.472,3958.634,3923.256,3927.744,15498649600,,akshare.stock_zh_index_daily,week1_data_engineer_20260707_20260707T140842,2026-07-07T14:09:03
000300,2024-12-23,3928.149,3965.85,3928.149,3933.572,19006736200,,akshare.stock_zh_index_daily,week1_data_engineer_20260707_20260707T140842,2026-07-07T14:09:03
000300,2024-12-24,3934.942,3985.859,3934.734,3983.688,16149458900,,akshare.stock_zh_index_daily,week1_data_engineer_20260707_20260707T140842,2026-07-07T14:09:03
000300,2024-12-25,3987.956,4007.763,3969.477,3985.629,15939074700,,akshare.stock_zh_index_daily,week1_data_engineer_20260707_20260707T140842,2026-07-07T14:09:03
000300,2024-12-26,3981.732,3991.533,3965.546,3987.48,14342528600,,akshare.stock_zh_index_daily,week1_data_engineer_20260707_20260707T140842,2026-07-07T14:09:03
000300,2024-12-27,3987.019,4007.131,3970.937,3981.031,16926866600,,akshare.stock_zh_index_daily,week1_data_engineer_20260707_20260707T140842,2026-07-07T14:09:03
000300,2024-12-30,3976.7,4005.778,3976.7,3999.055,16461248500,,akshare.stock_zh_index_daily,week1_data_engineer_20260707_20260707T140842,2026-07-07T14:09:03
000300,2024-12-31,3995.871,4004.346,3934.911,3934.911,18392839700,,akshare.stock_zh_index_daily,week1_data_engineer_20260707_20260707T140842,2026-07-07T14:09:03
000300,2025-01-02,3931.816,3934.203,3796.339,3820.395,21789872400,,akshare.stock_zh_index_daily,week1_data_engineer_20260707_20260707T140842,2026-07-07T14:09:03
000300,2025-01-03,3825.243,3835.935,3767.665,3775.165,17534267600,,akshare.stock_zh_index_daily,week1_data_engineer_20260707_20260707T140842,2026-07-07T14:09:03
000300,2025-01-06,3775.99,3788.849,3743.073,3768.97,15094667000,,akshare.stock_zh_index_daily,week1_data_engineer_20260707_20260707T140842,2026-07-07T14:09:03
000300,2025-01-07,3760.866,3797.602,3749.058,3796.106,14645577900,,akshare.stock_zh_index_daily,week1_data_engineer_20260707_20260707T140842,2026-07-07T14:09:03
000300,2025-01-08,3781.261,3810.736,3731.189,3789.215,16916696800,,akshare.stock_zh_index_daily,week1_data_engineer_20260707_20260707T140842,2026-07-07T14:09:03
000300,2025-01-09,3780.734,3795.261,3768.681,3779.877,12979400200,,akshare.stock_zh_index_daily,week1_data_engineer_20260707_20260707T140842,2026-07-07T14:09:03
000300,2025-01-10,3778.893,3786.807,3732.481,3732.481,13752317100,,akshare.stock_zh_index_daily,week1_data_engineer_20260707_20260707T140842,2026-07-07T14:09:03
000300,2025-01-13,3704.444,3737.885,3704.107,3722.513,13644619900,,akshare.stock_zh_index_daily,week1_data_engineer_20260707_20260707T140842,2026-07-07T14:09:03
000300,2025-01-14,3728.556,3826.64,3718.877,3820.54,17066465700,,akshare.stock_zh_index_daily,week1_data_engineer_20260707_20260707T140842,2026-07-07T14:09:03
000300,2025-01-15,3810.035,3816.828,3790.166,3796.026,14147552000,,akshare.stock_zh_index_daily,week1_data_engineer_20260707_20260707T140842,2026-07-07T14:09:03
000300,2025-01-16,3812.194,3842.947,3776.286,3800.384,14450587100,,akshare.stock_zh_index_daily,week1_data_engineer_20260707_20260707T140842,2026-07-07T14:09:03
000300,2025-01-17,3788.373,3831.64,3780.213,3812.343,12662196100,,akshare.stock_zh_index_daily,week1_data_engineer_20260707_20260707T140842,2026-07-07T14:09:03
000300,2025-01-20,3835.304,3858.668,3821.982,3829.676,13958127700,,akshare.stock_zh_index_daily,week1_data_engineer_20260707_20260707T140842,2026-07-07T14:09:03
000300,2025-01-21,3850.356,3850.911,3817.121,3832.615,14121840600,,akshare.stock_zh_index_daily,week1_data_engineer_20260707_20260707T140842,2026-07-07T14:09:03
000300,2025-01-22,3823.945,3823.945,3783.144,3797.017,13725506200,,akshare.stock_zh_index_daily,week1_data_engineer_20260707_20260707T140842,2026-07-07T14:09:03
000300,2025-01-23,3829.046,3864.259,3801.853,3803.744,18056955100,,akshare.stock_zh_index_daily,week1_data_engineer_20260707_20260707T140842,2026-07-07T14:09:03
000300,2025-01-24,3793.85,3847.6,3793.484,3832.864,14897172200,,akshare.stock_zh_index_daily,week1_data_engineer_20260707_20260707T140842,2026-07-07T14:09:03
000300,2025-01-27,3836.958,3851.997,3817.08,3817.08,14667077200,,akshare.stock_zh_index_daily,week1_data_engineer_20260707_20260707T140842,2026-07-07T14:09:03
000300,2025-02-05,3844.7,3844.7,3785.162,3795.085,15716830800,,akshare.stock_zh_index_daily,week1_data_engineer_20260707_20260707T140842,2026-07-07T14:09:03
000300,2025-02-06,3789.609,3843.494,3788.32,3842.831,16728817600,,akshare.stock_zh_index_daily,week1_data_engineer_20260707_20260707T140842,2026-07-07T14:09:03
000300,2025-02-07,3844.057,3919.35,3833.869,3892.703,22185770700,,akshare.stock_zh_index_daily,week1_data_engineer_20260707_20260707T140842,2026-07-07T14:09:03
000300,2025-02-10,3898.102,3906.368,3878.831,3901.062,18890304000,,akshare.stock_zh_index_daily,week1_data_engineer_20260707_20260707T140842,2026-07-07T14:09:03
000300,2025-02-11,3905.159,3905.159,3872.909,3883.135,16657490900,,akshare.stock_zh_index_daily,week1_data_engineer_20260707_20260707T140842,2026-07-07T14:09:03
000300,2025-02-12,3875.96,3920.723,3867.354,3919.862,16422854000,,akshare.stock_zh_index_daily,week1_data_engineer_20260707_20260707T140842,2026-07-07T14:09:03
000300,2025-02-13,3913.904,3939.198,3904.985,3905.14,17248587400,,akshare.stock_zh_index_daily,week1_data_engineer_20260707_20260707T140842,2026-07-07T14:09:03
000300,2025-02-14,3900.827,3942.036,3900.827,3939.009,17297645200,,akshare.stock_zh_index_daily,week1_data_engineer_20260707_20260707T140842,2026-07-07T14:09:03
000300,2025-02-17,3954.415,3955.896,3921.702,3947.398,21358824600,,akshare.stock_zh_index_daily,week1_data_engineer_20260707_20260707T140842,2026-07-07T14:09:03
000300,2025-02-18,3942.576,3965.423,3901.868,3912.783,20942510100,,akshare.stock_zh_index_daily,week1_data_engineer_20260707_20260707T140842,2026-07-07T14:09:03
000300,2025-02-19,3906.22,3943.674,3904.146,3940.16,18282951700,,akshare.stock_zh_index_daily,week1_data_engineer_20260707_20260707T140842,2026-07-07T14:09:03
000300,2025-02-20,3934.65,3940.678,3916.177,3928.896,16389523600,,akshare.stock_zh_index_daily,week1_data_engineer_20260707_20260707T140842,2026-07-07T14:09:03
000300,2025-02-21,3938.052,3981.048,3927.787,3978.444,22740033000,,akshare.stock_zh_index_daily,week1_data_engineer_20260707_20260707T140842,2026-07-07T14:09:03
000300,2025-02-24,3972.483,3995.946,3949.231,3969.717,22081061800,,akshare.stock_zh_index_daily,week1_data_engineer_20260707_20260707T140842,2026-07-07T14:09:03
000300,2025-02-25,3933.636,3955.434,3915.653,3925.651,17810858000,,akshare.stock_zh_index_daily,week1_data_engineer_20260707_20260707T140842,2026-07-07T14:09:03
000300,2025-02-26,3931.842,3960.33,3925.366,3959.941,19106250100,,akshare.stock_zh_index_daily,week1_data_engineer_20260707_20260707T140842,2026-07-07T14:09:03
000300,2025-02-27,3961.064,3973.932,3933.461,3968.116,20288796300,,akshare.stock_zh_index_daily,week1_data_engineer_20260707_20260707T140842,2026-07-07T14:09:03
000300,2025-02-28,3950.187,3972.481,3886.399,3890.049,19810414700,,akshare.stock_zh_index_daily,week1_data_engineer_20260707_20260707T140842,2026-07-07T14:09:03
000300,2025-03-03,3899.696,3930.005,3872.587,3888.474,17762316600,,akshare.stock_zh_index_daily,week1_data_engineer_20260707_20260707T140842,2026-07-07T14:09:03
000300,2025-03-04,3865.994,3890.424,3855.725,3885.221,14985096700,,akshare.stock_zh_index_daily,week1_data_engineer_20260707_20260707T140842,2026-07-07T14:09:03
000300,2025-03-05,3887.799,3906.421,3877.019,3902.571,15865275100,,akshare.stock_zh_index_daily,week1_data_engineer_20260707_20260707T140842,2026-07-07T14:09:03
000300,2025-03-06,3923.383,3964.494,3917.083,3956.237,19396091500,,akshare.stock_zh_index_daily,week1_data_engineer_20260707_20260707T140842,2026-07-07T14:09:03
000300,2025-03-07,3944.915,3967.074,3935.046,3944.014,16673237500,,akshare.stock_zh_index_daily,week1_data_engineer_20260707_20260707T140842,2026-07-07T14:09:03
000300,2025-03-10,3945.58,3949.145,3905.127,3928.802,15276523200,,akshare.stock_zh_index_daily,week1_data_engineer_20260707_20260707T140842,2026-07-07T14:09:03
000300,2025-03-11,3890.431,3941.416,3889.43,3941.416,14475440200,,akshare.stock_zh_index_daily,week1_data_engineer_20260707_20260707T140842,2026-07-07T14:09:03
000300,2025-03-12,3946.862,3953.613,3921.474,3927.232,15673219000,,akshare.stock_zh_index_daily,week1_data_engineer_20260707_20260707T140842,2026-07-07T14:09:03
000300,2025-03-13,3925.744,3939.285,3897.376,3911.579,15653644300,,akshare.stock_zh_index_daily,week1_data_engineer_20260707_20260707T140842,2026-07-07T14:09:03
000300,2025-03-14,3919.616,4014.159,3919.616,4006.557,21613900300,,akshare.stock_zh_index_daily,week1_data_engineer_20260707_20260707T140842,2026-07-07T14:09:03
000300,2025-03-17,4020.64,4021.728,3992.256,3996.788,16220291100,,akshare.stock_zh_index_daily,week1_data_engineer_20260707_20260707T140842,2026-07-07T14:09:03
000300,2025-03-18,4011.779,4016.873,3995.96,4007.723,14020849600,,akshare.stock_zh_index_daily,week1_data_engineer_20260707_20260707T140842,2026-07-07T14:09:03
000300,2025-03-19,4004.825,4025.299,3989.512,4010.168,14441942800,,akshare.stock_zh_index_daily,week1_data_engineer_20260707_20260707T140842,2026-07-07T14:09:03
000300,2025-03-20,4011.059,4012.042,3969.926,3974.992,13375467000,,akshare.stock_zh_index_daily,week1_data_engineer_20260707_20260707T140842,2026-07-07T14:09:03
000300,2025-03-21,3966.515,3983.148,3904.767,3914.696,16590529400,,akshare.stock_zh_index_daily,week1_data_engineer_20260707_20260707T140842,2026-07-07T14:09:03
000300,2025-03-24,3916.114,3938.183,3907.2,3934.849,15223467400,,akshare.stock_zh_index_daily,week1_data_engineer_20260707_20260707T140842,2026-07-07T14:09:03
000300,2025-03-25,3937.898,3946.357,3921.529,3932.295,14047539900,,akshare.stock_zh_index_daily,week1_data_engineer_20260707_20260707T140842,2026-07-07T14:09:03
000300,2025-03-26,3930.207,3942.026,3916.861,3919.357,13116418700,,akshare.stock_zh_index_daily,week1_data_engineer_20260707_20260707T140842,2026-07-07T14:09:03
000300,2025-03-27,3911.384,3952.985,3903.652,3932.412,12679373800,,akshare.stock_zh_index_daily,week1_data_engineer_20260707_20260707T140842,2026-07-07T14:09:03
000300,2025-03-28,3930.776,3934.234,3907.384,3915.166,12635621400,,akshare.stock_zh_index_daily,week1_data_engineer_20260707_20260707T140842,2026-07-07T14:09:03
000300,2025-03-31,3905.982,3928.448,3872.403,3887.306,16679852300,,akshare.stock_zh_index_daily,week1_data_engineer_20260707_20260707T140842,2026-07-07T14:09:03
000300,2025-04-01,3892.779,3905.262,3882.405,3887.684,14038027400,,akshare.stock_zh_index_daily,week1_data_engineer_20260707_20260707T140842,2026-07-07T14:09:03
000300,2025-04-02,3884.418,3900.495,3877.16,3884.386,11304317500,,akshare.stock_zh_index_daily,week1_data_engineer_20260707_20260707T140842,2026-07-07T14:09:03
000300,2025-04-03,3843.418,3883.703,3843.418,3861.503,14259978900,,akshare.stock_zh_index_daily,week1_data_engineer_20260707_20260707T140842,2026-07-07T14:09:03
000300,2025-04-07,3675.202,3707.777,3514.117,3589.441,31257858600,,akshare.stock_zh_index_daily,week1_data_engineer_20260707_20260707T140842,2026-07-07T14:09:03
000300,2025-04-08,3597.986,3650.759,3583.875,3650.759,28019731200,,akshare.stock_zh_index_daily,week1_data_engineer_20260707_20260707T140842,2026-07-07T14:09:03
000300,2025-04-09,3606.104,3686.794,3587.337,3686.794,26230570800,,akshare.stock_zh_index_daily,week1_data_engineer_20260707_20260707T140842,2026-07-07T14:09:03
000300,2025-04-10,3749.126,3756.139,3708.819,3735.115,22725222700,,akshare.stock_zh_index_daily,week1_data_engineer_20260707_20260707T140842,2026-07-07T14:09:03
000300,2025-04-11,3730.315,3762.365,3708.462,3750.517,16875969100,,akshare.stock_zh_index_daily,week1_data_engineer_20260707_20260707T140842,2026-07-07T14:09:03
000300,2025-04-14,3772.041,3776.634,3754.033,3759.142,16446240300,,akshare.stock_zh_index_daily,week1_data_engineer_20260707_20260707T140842,2026-07-07T14:09:03
000300,2025-04-15,3756.479,3764.486,3737.85,3761.235,13400604000,,akshare.stock_zh_index_daily,week1_data_engineer_20260707_20260707T140842,2026-07-07T14:09:03
000300,2025-04-16,3757.876,3775.166,3721.603,3772.82,15635900600,,akshare.stock_zh_index_daily,week1_data_engineer_20260707_20260707T140842,2026-07-07T14:09:03
000300,2025-04-17,3755.086,3779.125,3749.504,3772.222,12237100200,,akshare.stock_zh_index_daily,week1_data_engineer_20260707_20260707T140842,2026-07-07T14:09:03
000300,2025-04-18,3760.043,3782.044,3754.407,3772.523,10294850900,,akshare.stock_zh_index_daily,week1_data_engineer_20260707_20260707T140842,2026-07-07T14:09:03
000300,2025-04-21,3768.142,3790.178,3763.138,3784.881,12135573000,,akshare.stock_zh_index_daily,week1_data_engineer_20260707_20260707T140842,2026-07-07T14:09:03
000300,2025-04-22,3780.112,3799.23,3778.079,3783.952,12568825700,,akshare.stock_zh_index_daily,week1_data_engineer_20260707_20260707T140842,2026-07-07T14:09:03
000300,2025-04-23,3803.43,3807.954,3780.518,3786.882,13198687000,,akshare.stock_zh_index_daily,week1_data_engineer_20260707_20260707T140842,2026-07-07T14:09:03
000300,2025-04-24,3787.459,3807.26,3775.207,3784.357,11716456000,,akshare.stock_zh_index_daily,week1_data_engineer_20260707_20260707T140842,2026-07-07T14:09:03
000300,2025-04-25,3792.084,3801.577,3780.777,3786.994,12459113300,,akshare.stock_zh_index_daily,week1_data_engineer_20260707_20260707T140842,2026-07-07T14:09:03
000300,2025-04-28,3786.387,3792.008,3772.803,3781.619,12514509100,,akshare.stock_zh_index_daily,week1_data_engineer_20260707_20260707T140842,2026-07-07T14:09:03
000300,2025-04-29,3776.003,3785.316,3768.031,3775.077,11151469400,,akshare.stock_zh_index_daily,week1_data_engineer_20260707_20260707T140842,2026-07-07T14:09:03
000300,2025-04-30,3775.831,3787.564,3768.757,3770.571,14368165800,,akshare.stock_zh_index_daily,week1_data_engineer_20260707_20260707T140842,2026-07-07T14:09:03
000300,2025-05-06,3794.376,3809.094,3782.777,3808.542,15852045900,,akshare.stock_zh_index_daily,week1_data_engineer_20260707_20260707T140842,2026-07-07T14:09:03
000300,2025-05-07,3861.577,3863.678,3814.987,3831.627,16117229900,,akshare.stock_zh_index_daily,week1_data_engineer_20260707_20260707T140842,2026-07-07T14:09:03
000300,2025-05-08,3820.548,3867.331,3816.264,3852.896,12495983300,,akshare.stock_zh_index_daily,week1_data_engineer_20260707_20260707T140842,2026-07-07T14:09:03
000300,2025-05-09,3848.619,3853.663,3836.535,3846.157,11938952600,,akshare.stock_zh_index_daily,week1_data_engineer_20260707_20260707T140842,2026-07-07T14:09:03
000300,2025-05-12,3866.531,3890.734,3859.035,3890.61,15333246000,,akshare.stock_zh_index_daily,week1_data_engineer_20260707_20260707T140842,2026-07-07T14:09:03
000300,2025-05-13,3915.592,3915.592,3890.686,3896.258,14732029900,,akshare.stock_zh_index_daily,week1_data_engineer_20260707_20260707T140842,2026-07-07T14:09:03
000300,2025-05-14,3894.839,3960.523,3890.65,3943.211,17203377900,,akshare.stock_zh_index_daily,week1_data_engineer_20260707_20260707T140842,2026-07-07T14:09:03
000300,2025-05-15,3934.027,3936.465,3904.907,3907.199,13808174900,,akshare.stock_zh_index_daily,week1_data_engineer_20260707_20260707T140842,2026-07-07T14:09:03
000300,2025-05-16,3898.666,3903.853,3874.862,3889.085,11840534500,,akshare.stock_zh_index_daily,week1_data_engineer_20260707_20260707T140842,2026-07-07T14:09:03
000300,2025-05-19,3882.568,3885.589,3866.57,3877.145,9864341400,,akshare.stock_zh_index_daily,week1_data_engineer_20260707_20260707T140842,2026-07-07T14:09:03
000300,2025-05-20,3883.102,3911.474,3881.744,3898.171,10488523400,,akshare.stock_zh_index_daily,week1_data_engineer_20260707_20260707T140842,2026-07-07T14:09:03
000300,2025-05-21,3899.437,3928.634,3899.437,3916.381,10979134300,,akshare.stock_zh_index_daily,week1_data_engineer_20260707_20260707T140842,2026-07-07T14:09:03
000300,2025-05-22,3912.601,3923.02,3903.09,3913.865,10759705200,,akshare.stock_zh_index_daily,week1_data_engineer_20260707_20260707T140842,2026-07-07T14:09:03
000300,2025-05-23,3910.374,3931.551,3882.274,3882.274,12027741900,,akshare.stock_zh_index_daily,week1_data_engineer_20260707_20260707T140842,2026-07-07T14:09:03
000300,2025-05-26,3875.789,3884.537,3849.038,3860.107,10960120700,,akshare.stock_zh_index_daily,week1_data_engineer_20260707_20260707T140842,2026-07-07T14:09:03
000300,2025-05-27,3857.627,3865.429,3834.846,3839.397,9857242500,,akshare.stock_zh_index_daily,week1_data_engineer_20260707_20260707T140842,2026-07-07T14:09:03
000300,2025-05-28,3843.075,3849.736,3833.958,3836.237,8903102600,,akshare.stock_zh_index_daily,week1_data_engineer_20260707_20260707T140842,2026-07-07T14:09:03
000300,2025-05-29,3838.009,3869.791,3831.458,3858.7,10847188600,,akshare.stock_zh_index_daily,week1_data_engineer_20260707_20260707T140842,2026-07-07T14:09:03
000300,2025-05-30,3850.493,3858.613,3829.254,3840.232,11167222800,,akshare.stock_zh_index_daily,week1_data_engineer_20260707_20260707T140842,2026-07-07T14:09:03
000300,2025-06-03,3833.458,3863.295,3832.72,3852.013,13140309000,,akshare.stock_zh_index_daily,week1_data_engineer_20260707_20260707T140842,2026-07-07T14:09:03
000300,2025-06-04,3855.488,3875.857,3855.488,3868.743,11680387300,,akshare.stock_zh_index_daily,week1_data_engineer_20260707_20260707T140842,2026-07-07T14:09:03
000300,2025-06-05,3872.637,3883.135,3861.272,3877.556,12287818400,,akshare.stock_zh_index_daily,week1_data_engineer_20260707_20260707T140842,2026-07-07T14:09:03
000300,2025-06-06,3878.103,3889.456,3869.387,3873.984,11098797100,,akshare.stock_zh_index_daily,week1_data_engineer_20260707_20260707T140842,2026-07-07T14:09:03
000300,2025-06-09,3877.798,3894.652,3871.992,3885.246,13630629300,,akshare.stock_zh_index_daily,week1_data_engineer_20260707_20260707T140842,2026-07-07T14:09:03
000300,2025-06-10,3887.551,3897.457,3850.466,3865.465,14556385900,,akshare.stock_zh_index_daily,week1_data_engineer_20260707_20260707T140842,2026-07-07T14:09:03
000300,2025-06-11,3870.672,3911.611,3870.672,3894.625,14241477200,,akshare.stock_zh_index_daily,week1_data_engineer_20260707_20260707T140842,2026-07-07T14:09:03
000300,2025-06-12,3885.52,3900.041,3870.384,3892.199,13399869700,,akshare.stock_zh_index_daily,week1_data_engineer_20260707_20260707T140842,2026-07-07T14:09:03
000300,2025-06-13,3881.492,3889.16,3853.819,3864.182,17253953600,,akshare.stock_zh_index_daily,week1_data_engineer_20260707_20260707T140842,2026-07-07T14:09:03
000300,2025-06-16,3853.619,3876.17,3853.619,3873.795,13734183500,,akshare.stock_zh_index_daily,week1_data_engineer_20260707_20260707T140842,2026-07-07T14:09:03
000300,2025-06-17,3875.177,3880.416,3860.409,3870.379,12234252600,,akshare.stock_zh_index_daily,week1_data_engineer_20260707_20260707T140842,2026-07-07T14:09:03
000300,2025-06-18,3871.65,3881.346,3854.658,3874.971,12752862100,,akshare.stock_zh_index_daily,week1_data_engineer_20260707_20260707T140842,2026-07-07T14:09:03
000300,2025-06-19,3870.049,3872.943,3834.951,3843.091,13028065800,,akshare.stock_zh_index_daily,week1_data_engineer_20260707_20260707T140842,2026-07-07T14:09:03
000300,2025-06-20,3839.783,3856.48,3839.783,3846.644,11815102000,,akshare.stock_zh_index_daily,week1_data_engineer_20260707_20260707T140842,2026-07-07T14:09:03
000300,2025-06-23,3831.17,3867.59,3827.083,3857.902,13380089200,,akshare.stock_zh_index_daily,week1_data_engineer_20260707_20260707T140842,2026-07-07T14:09:03
000300,2025-06-24,3862.388,3914.158,3862.388,3904.034,16365618800,,akshare.stock_zh_index_daily,week1_data_engineer_20260707_20260707T140842,2026-07-07T14:09:03
000300,2025-06-25,3907.068,3963.037,3902.177,3960.066,18721367100,,akshare.stock_zh_index_daily,week1_data_engineer_20260707_20260707T140842,2026-07-07T14:09:03
000300,2025-06-26,3953.16,3964.482,3945.259,3946.02,16531626300,,akshare.stock_zh_index_daily,week1_data_engineer_20260707_20260707T140842,2026-07-07T14:09:03
000300,2025-06-27,3949.788,3969.263,3918.204,3921.758,19455791300,,akshare.stock_zh_index_daily,week1_data_engineer_20260707_20260707T140842,2026-07-07T14:09:03
000300,2025-06-30,3920.315,3940.361,3911.604,3936.079,14517023600,,akshare.stock_zh_index_daily,week1_data_engineer_20260707_20260707T140842,2026-07-07T14:09:03
000300,2025-07-01,3935.908,3946.245,3924.722,3942.762,12895936200,,akshare.stock_zh_index_daily,week1_data_engineer_20260707_20260707T140842,2026-07-07T14:09:03
000300,2025-07-02,3943.323,3952.138,3929.696,3943.685,14706306200,,akshare.stock_zh_index_daily,week1_data_engineer_20260707_20260707T140842,2026-07-07T14:09:03
000300,2025-07-03,3949.4,3971.616,3945.138,3968.068,14100400600,,akshare.stock_zh_index_daily,week1_data_engineer_20260707_20260707T140842,2026-07-07T14:09:03
000300,2025-07-04,3967.464,4013.848,3958.376,3982.203,15719713300,,akshare.stock_zh_index_daily,week1_data_engineer_20260707_20260707T140842,2026-07-07T14:09:03
000300,2025-07-07,3977.288,3979.748,3956.566,3965.175,13113527300,,akshare.stock_zh_index_daily,week1_data_engineer_20260707_20260707T140842,2026-07-07T14:09:03
000300,2025-07-08,3965.426,4002.269,3965.426,3998.453,15640289500,,akshare.stock_zh_index_daily,week1_data_engineer_20260707_20260707T140842,2026-07-07T14:09:03
000300,2025-07-09,3997.504,4016.743,3987.427,3991.401,17329379600,,akshare.stock_zh_index_daily,week1_data_engineer_20260707_20260707T140842,2026-07-07T14:09:03
000300,2025-07-10,3993.42,4032.983,3992.524,4010.024,20977890400,,akshare.stock_zh_index_daily,week1_data_engineer_20260707_20260707T140842,2026-07-07T14:09:03
000300,2025-07-11,4011.465,4065.942,4010.105,4014.807,26205277300,,akshare.stock_zh_index_daily,week1_data_engineer_20260707_20260707T140842,2026-07-07T14:09:03
000300,2025-07-14,4021.214,4034.92,4017.668,4017.668,20791717500,,akshare.stock_zh_index_daily,week1_data_engineer_20260707_20260707T140842,2026-07-07T14:09:03
000300,2025-07-15,4023.99,4042.657,3994.263,4019.064,19104293100,,akshare.stock_zh_index_daily,week1_data_engineer_20260707_20260707T140842,2026-07-07T14:09:03
000300,2025-07-16,4019.393,4027.857,3993.921,4007.202,15102730800,,akshare.stock_zh_index_daily,week1_data_engineer_20260707_20260707T140842,2026-07-07T14:09:03
000300,2025-07-17,4005.067,4034.594,4005.067,4034.491,16124904100,,akshare.stock_zh_index_daily,week1_data_engineer_20260707_20260707T140842,2026-07-07T14:09:03
000300,2025-07-18,4039.871,4064.638,4039.318,4058.549,18621106300,,akshare.stock_zh_index_daily,week1_data_engineer_20260707_20260707T140842,2026-07-07T14:09:03
000300,2025-07-21,4069.769,4086.117,4063.443,4085.607,22326847600,,akshare.stock_zh_index_daily,week1_data_engineer_20260707_20260707T140842,2026-07-07T14:09:03
000300,2025-07-22,4087.335,4119.202,4068.338,4118.958,25759698500,,akshare.stock_zh_index_daily,week1_data_engineer_20260707_20260707T140842,2026-07-07T14:09:03
000300,2025-07-23,4129.148,4155.678,4113.909,4119.769,30050615400,,akshare.stock_zh_index_daily,week1_data_engineer_20260707_20260707T140842,2026-07-07T14:09:03
000300,2025-07-24,4116.831,4152.427,4111.885,4149.037,31963239200,,akshare.stock_zh_index_daily,week1_data_engineer_20260707_20260707T140842,2026-07-07T14:09:03
000300,2025-07-25,4145.32,4150.499,4117.801,4127.163,27359496300,,akshare.stock_zh_index_daily,week1_data_engineer_20260707_20260707T140842,2026-07-07T14:09:03
000300,2025-07-28,4128.199,4146.12,4112.968,4135.824,22275981500,,akshare.stock_zh_index_daily,week1_data_engineer_20260707_20260707T140842,2026-07-07T14:09:03
000300,2025-07-29,4132.683,4153.331,4117.577,4152.025,23080788000,,akshare.stock_zh_index_daily,week1_data_engineer_20260707_20260707T140842,2026-07-07T14:09:03
000300,2025-07-30,4148.941,4185.206,4127.43,4151.238,24985304800,,akshare.stock_zh_index_daily,week1_data_engineer_20260707_20260707T140842,2026-07-07T14:09:03
000300,2025-07-31,4141.561,4141.824,4063.666,4075.591,26708740600,,akshare.stock_zh_index_daily,week1_data_engineer_20260707_20260707T140842,2026-07-07T14:09:03
000300,2025-08-01,4069.925,4085.354,4040.462,4054.929,19622182600,,akshare.stock_zh_index_daily,week1_data_engineer_20260707_20260707T140842,2026-07-07T14:09:03
000300,2025-08-04,4037.938,4070.702,4037.938,4070.702,16227590200,,akshare.stock_zh_index_daily,week1_data_engineer_20260707_20260707T140842,2026-07-07T14:09:03
000300,2025-08-05,4080.388,4106.297,4075.584,4103.45,17885199900,,akshare.stock_zh_index_daily,week1_data_engineer_20260707_20260707T140842,2026-07-07T14:09:03
000300,2025-08-06,4100.428,4116.709,4098.354,4113.485,17667615500,,akshare.stock_zh_index_daily,week1_data_engineer_20260707_20260707T140842,2026-07-07T14:09:03
000300,2025-08-07,4120.282,4129.738,4094.821,4114.666,19864190200,,akshare.stock_zh_index_daily,week1_data_engineer_20260707_20260707T140842,2026-07-07T14:09:03
000300,2025-08-08,4109.273,4122.21,4097.416,4104.967,17317120100,,akshare.stock_zh_index_daily,week1_data_engineer_20260707_20260707T140842,2026-07-07T14:09:03
000300,2025-08-11,4110.294,4134.246,4103.605,4122.511,19044371600,,akshare.stock_zh_index_daily,week1_data_engineer_20260707_20260707T140842,2026-07-07T14:09:03
000300,2025-08-12,4123.576,4153.295,4121.224,4143.825,17728782300,,akshare.stock_zh_index_daily,week1_data_engineer_20260707_20260707T140842,2026-07-07T14:09:03
000300,2025-08-13,4150.504,4186.748,4147.199,4176.578,21393499900,,akshare.stock_zh_index_daily,week1_data_engineer_20260707_20260707T140842,2026-07-07T14:09:03
000300,2025-08-14,4179.965,4220.311,4165.938,4173.313,22110359500,,akshare.stock_zh_index_daily,week1_data_engineer_20260707_20260707T140842,2026-07-07T14:09:03
000300,2025-08-15,4162.421,4214.729,4157.495,4202.353,26132756600,,akshare.stock_zh_index_daily,week1_data_engineer_20260707_20260707T140842,2026-07-07T14:09:03
000300,2025-08-18,4218.247,4272.96,4203.419,4239.413,30147910200,,akshare.stock_zh_index_daily,week1_data_engineer_20260707_20260707T140842,2026-07-07T14:09:03
000300,2025-08-19,4241.765,4264.23,4215.208,4223.374,25081877100,,akshare.stock_zh_index_daily,week1_data_engineer_20260707_20260707T140842,2026-07-07T14:09:03
000300,2025-08-20,4208.401,4272.146,4190.556,4271.396,24648177300,,akshare.stock_zh_index_daily,week1_data_engineer_20260707_20260707T140842,2026-07-07T14:09:03
000300,2025-08-21,4284.371,4308.447,4273.652,4288.071,25903001400,,akshare.stock_zh_index_daily,week1_data_engineer_20260707_20260707T140842,2026-07-07T14:09:03
000300,2025-08-22,4287.363,4378.388,4287.363,4377.998,29043489700,,akshare.stock_zh_index_daily,week1_data_engineer_20260707_20260707T140842,2026-07-07T14:09:03
000300,2025-08-25,4416.292,4472.653,4404.776,4469.222,35809000600,,akshare.stock_zh_index_daily,week1_data_engineer_20260707_20260707T140842,2026-07-07T14:09:03
000300,2025-08-26,4453.353,4476.803,4435.528,4452.591,27062139500,,akshare.stock_zh_index_daily,week1_data_engineer_20260707_20260707T140842,2026-07-07T14:09:03
000300,2025-08-27,4458.84,4494.913,4386.127,4386.127,33313389800,,akshare.stock_zh_index_daily,week1_data_engineer_20260707_20260707T140842,2026-07-07T14:09:03
000300,2025-08-28,4378.035,4464.803,4364.171,4463.782,29683453600,,akshare.stock_zh_index_daily,week1_data_engineer_20260707_20260707T140842,2026-07-07T14:09:03
000300,2025-08-29,4455.803,4516.84,4452.363,4496.759,35193894700,,akshare.stock_zh_index_daily,week1_data_engineer_20260707_20260707T140842,2026-07-07T14:09:03
000300,2025-09-01,4516.879,4528.134,4487.53,4523.711,32036670800,,akshare.stock_zh_index_daily,week1_data_engineer_20260707_20260707T140842,2026-07-07T14:09:03
000300,2025-09-02,4521.983,4548.894,4454.417,4490.453,30393256600,,akshare.stock_zh_index_daily,week1_data_engineer_20260707_20260707T140842,2026-07-07T14:09:03
000300,2025-09-03,4501.339,4510.73,4427.518,4459.83,25432021700,,akshare.stock_zh_index_daily,week1_data_engineer_20260707_20260707T140842,2026-07-07T14:09:03
000300,2025-09-04,4461.25,4465.497,4327.507,4365.209,30793460900,,akshare.stock_zh_index_daily,week1_data_engineer_20260707_20260707T140842,2026-07-07T14:09:03
000300,2025-09-05,4365.608,4466.56,4350.297,4460.325,24962565700,,akshare.stock_zh_index_daily,week1_data_engineer_20260707_20260707T140842,2026-07-07T14:09:03
000300,2025-09-08,4467.169,4482.763,4438.07,4467.573,26763838200,,akshare.stock_zh_index_daily,week1_data_engineer_20260707_20260707T140842,2026-07-07T14:09:03
000300,2025-09-09,4448.739,4472.093,4412.691,4436.258,22137546000,,akshare.stock_zh_index_daily,week1_data_engineer_20260707_20260707T140842,2026-07-07T14:09:03
000300,2025-09-10,4438.3,4466.633,4414.594,4445.365,20359764600,,akshare.stock_zh_index_daily,week1_data_engineer_20260707_20260707T140842,2026-07-07T14:09:03
000300,2025-09-11,4438.839,4548.035,4427.924,4548.035,25326405100,,akshare.stock_zh_index_daily,week1_data_engineer_20260707_20260707T140842,2026-07-07T14:09:03
000300,2025-09-12,4544.591,4564.667,4517.79,4521.998,26644200300,,akshare.stock_zh_index_daily,week1_data_engineer_20260707_20260707T140842,2026-07-07T14:09:03
000300,2025-09-15,4534.887,4566.905,4522.496,4533.056,23188567800,,akshare.stock_zh_index_daily,week1_data_engineer_20260707_20260707T140842,2026-07-07T14:09:03
000300,2025-09-16,4539.922,4552.419,4494.788,4523.337,24926920600,,akshare.stock_zh_index_daily,week1_data_engineer_20260707_20260707T140842,2026-07-07T14:09:03
000300,2025-09-17,4517.286,4556.03,4503.796,4551.023,23571647200,,akshare.stock_zh_index_daily,week1_data_engineer_20260707_20260707T140842,2026-07-07T14:09:03
000300,2025-09-18,4546.032,4573.833,4454.989,4498.109,30985982600,,akshare.stock_zh_index_daily,week1_data_engineer_20260707_20260707T140842,2026-07-07T14:09:03
000300,2025-09-19,4499.091,4533.092,4491.844,4501.92,22504400000,,akshare.stock_zh_index_daily,week1_data_engineer_20260707_20260707T140842,2026-07-07T14:09:03
000300,2025-09-22,4512.025,4523.87,4487.13,4522.608,19645995600,,akshare.stock_zh_index_daily,week1_data_engineer_20260707_20260707T140842,2026-07-07T14:09:03
000300,2025-09-23,4536.757,4560.732,4459.728,4519.778,25282706200,,akshare.stock_zh_index_daily,week1_data_engineer_20260707_20260707T140842,2026-07-07T14:09:03
000300,2025-09-24,4495.266,4567.495,4494.113,4566.071,22048260800,,akshare.stock_zh_index_daily,week1_data_engineer_20260707_20260707T140842,2026-07-07T14:09:03
000300,2025-09-25,4563.983,4613.949,4558.842,4593.488,22982333300,,akshare.stock_zh_index_daily,week1_data_engineer_20260707_20260707T140842,2026-07-07T14:09:03
000300,2025-09-26,4576.914,4597.847,4550.049,4550.049,20848211400,,akshare.stock_zh_index_daily,week1_data_engineer_20260707_20260707T140842,2026-07-07T14:09:03
000300,2025-09-29,4555.034,4647.569,4541.425,4620.053,27435887700,,akshare.stock_zh_index_daily,week1_data_engineer_20260707_20260707T140842,2026-07-07T14:09:03
000300,2025-09-30,4629.899,4647.503,4616.224,4640.694,24798035900,,akshare.stock_zh_index_daily,week1_data_engineer_20260707_20260707T140842,2026-07-07T14:09:03
000300,2025-10-09,4662.113,4726.345,4651.99,4709.482,34767869600,,akshare.stock_zh_index_daily,week1_data_engineer_20260707_20260707T140842,2026-07-07T14:09:03
000300,2025-10-10,4679.498,4692.586,4600.965,4616.834,31902089900,,akshare.stock_zh_index_daily,week1_data_engineer_20260707_20260707T140842,2026-07-07T14:09:03
000300,2025-10-13,4490.866,4601.807,4490.866,4593.979,31501035400,,akshare.stock_zh_index_daily,week1_data_engineer_20260707_20260707T140842,2026-07-07T14:09:03
000300,2025-10-14,4634.054,4641.449,4520.926,4539.064,37295403000,,akshare.stock_zh_index_daily,week1_data_engineer_20260707_20260707T140842,2026-07-07T14:09:03
000300,2025-10-15,4544.243,4608.824,4526.834,4606.288,28477185500,,akshare.stock_zh_index_daily,week1_data_engineer_20260707_20260707T140842,2026-07-07T14:09:03
000300,2025-10-16,4588.921,4645.096,4586.28,4618.422,24823551800,,akshare.stock_zh_index_daily,week1_data_engineer_20260707_20260707T140842,2026-07-07T14:09:03
000300,2025-10-17,4610.697,4618.562,4509.329,4514.235,25690561700,,akshare.stock_zh_index_daily,week1_data_engineer_20260707_20260707T140842,2026-07-07T14:09:03
000300,2025-10-20,4558.242,4570.438,4520.502,4538.22,21842040500,,akshare.stock_zh_index_daily,week1_data_engineer_20260707_20260707T140842,2026-07-07T14:09:03
000300,2025-10-21,4556.122,4615.463,4547.928,4607.872,21571117500,,akshare.stock_zh_index_daily,week1_data_engineer_20260707_20260707T140842,2026-07-07T14:09:03
000300,2025-10-22,4576.028,4603.488,4567.236,4592.57,18533396000,,akshare.stock_zh_index_daily,week1_data_engineer_20260707_20260707T140842,2026-07-07T14:09:03
000300,2025-10-23,4578.702,4611.341,4541.694,4606.345,20046391700,,akshare.stock_zh_index_daily,week1_data_engineer_20260707_20260707T140842,2026-07-07T14:09:03
000300,2025-10-24,4622.787,4660.684,4622.787,4660.684,20881448300,,akshare.stock_zh_index_daily,week1_data_engineer_20260707_20260707T140842,2026-07-07T14:09:03
000300,2025-10-27,4699.382,4720.429,4687.688,4716.019,26220067400,,akshare.stock_zh_index_daily,week1_data_engineer_20260707_20260707T140842,2026-07-07T14:09:03
000300,2025-10-28,4697.728,4734.322,4679.229,4691.973,22090664500,,akshare.stock_zh_index_daily,week1_data_engineer_20260707_20260707T140842,2026-07-07T14:09:03
000300,2025-10-29,4701.036,4747.838,4697.268,4747.838,24621132400,,akshare.stock_zh_index_daily,week1_data_engineer_20260707_20260707T140842,2026-07-07T14:09:03
000300,2025-10-30,4735.981,4761.834,4706.452,4709.911,27328911800,,akshare.stock_zh_index_daily,week1_data_engineer_20260707_20260707T140842,2026-07-07T14:09:03
000300,2025-10-31,4702.495,4706.14,4640.668,4640.668,28146474000,,akshare.stock_zh_index_daily,week1_data_engineer_20260707_20260707T140842,2026-07-07T14:09:03
000300,2025-11-03,4636.732,4653.403,4595.734,4653.403,23986980900,,akshare.stock_zh_index_daily,week1_data_engineer_20260707_20260707T140842,2026-07-07T14:09:03
000300,2025-11-04,4649.348,4665.323,4595.066,4618.699,23322403200,,akshare.stock_zh_index_daily,week1_data_engineer_20260707_20260707T140842,2026-07-07T14:09:03
000300,2025-11-05,4562.112,4642.61,4558.765,4627.257,20304587100,,akshare.stock_zh_index_daily,week1_data_engineer_20260707_20260707T140842,2026-07-07T14:09:03
000300,2025-11-06,4642.011,4698.094,4642.011,4693.403,22424100800,,akshare.stock_zh_index_daily,week1_data_engineer_20260707_20260707T140842,2026-07-07T14:09:03
000300,2025-11-07,4673.762,4701.374,4666.041,4678.794,21249737700,,akshare.stock_zh_index_daily,week1_data_engineer_20260707_20260707T140842,2026-07-07T14:09:03
000300,2025-11-10,4688.124,4695.179,4654.21,4695.051,23602676400,,akshare.stock_zh_index_daily,week1_data_engineer_20260707_20260707T140842,2026-07-07T14:09:03
000300,2025-11-11,4706.337,4707.128,4648.49,4652.166,18663885800,,akshare.stock_zh_index_daily,week1_data_engineer_20260707_20260707T140842,2026-07-07T14:09:03
000300,2025-11-12,4643.559,4669.607,4620.99,4645.908,20946059200,,akshare.stock_zh_index_daily,week1_data_engineer_20260707_20260707T140842,2026-07-07T14:09:03
000300,2025-11-13,4643.786,4703.49,4643.786,4702.074,20736747400,,akshare.stock_zh_index_daily,week1_data_engineer_20260707_20260707T140842,2026-07-07T14:09:03
000300,2025-11-14,4663.318,4684.258,4628.024,4628.14,19209267600,,akshare.stock_zh_index_daily,week1_data_engineer_20260707_20260707T140842,2026-07-07T14:09:03
000300,2025-11-17,4616.806,4624.898,4580.261,4598.053,18895546600,,akshare.stock_zh_index_daily,week1_data_engineer_20260707_20260707T140842,2026-07-07T14:09:03
000300,2025-11-18,4584.79,4606.617,4552.804,4568.193,17771318500,,akshare.stock_zh_index_daily,week1_data_engineer_20260707_20260707T140842,2026-07-07T14:09:03
000300,2025-11-19,4568.037,4607.863,4568.037,4588.292,17292497400,,akshare.stock_zh_index_daily,week1_data_engineer_20260707_20260707T140842,2026-07-07T14:09:03
000300,2025-11-20,4619.54,4620.653,4560.181,4564.948,19456259300,,akshare.stock_zh_index_daily,week1_data_engineer_20260707_20260707T140842,2026-07-07T14:09:03
000300,2025-11-21,4513.386,4527.044,4453.182,4453.608,22285101300,,akshare.stock_zh_index_daily,week1_data_engineer_20260707_20260707T140842,2026-07-07T14:09:03
000300,2025-11-24,4473.156,4478.808,4421.812,4448.048,18583372900,,akshare.stock_zh_index_daily,week1_data_engineer_20260707_20260707T140842,2026-07-07T14:09:03
000300,2025-11-25,4475.836,4510.773,4467.353,4490.405,16957192900,,akshare.stock_zh_index_daily,week1_data_engineer_20260707_20260707T140842,2026-07-07T14:09:03
000300,2025-11-26,4490.202,4538.136,4485.698,4517.626,15620036800,,akshare.stock_zh_index_daily,week1_data_engineer_20260707_20260707T140842,2026-07-07T14:09:03
000300,2025-11-27,4520.014,4559.218,4509.864,4515.403,15031177200,,akshare.stock_zh_index_daily,week1_data_engineer_20260707_20260707T140842,2026-07-07T14:09:03
000300,2025-11-28,4511.497,4531.722,4492.426,4526.662,14290209600,,akshare.stock_zh_index_daily,week1_data_engineer_20260707_20260707T140842,2026-07-07T14:09:03
000300,2025-12-01,4539.188,4576.965,4531.292,4576.486,20038231700,,akshare.stock_zh_index_daily,week1_data_engineer_20260707_20260707T140842,2026-07-07T14:09:03
000300,2025-12-02,4571.91,4575.495,4539.431,4554.335,14849313200,,akshare.stock_zh_index_daily,week1_data_engineer_20260707_20260707T140842,2026-07-07T14:09:03
000300,2025-12-03,4554.589,4569.821,4523.502,4531.049,16976279000,,akshare.stock_zh_index_daily,week1_data_engineer_20260707_20260707T140842,2026-07-07T14:09:03
000300,2025-12-04,4533.6,4557.423,4514.188,4546.566,14719811000,,akshare.stock_zh_index_daily,week1_data_engineer_20260707_20260707T140842,2026-07-07T14:09:03
000300,2025-12-05,4547.906,4593.828,4535.02,4584.537,19679996800,,akshare.stock_zh_index_daily,week1_data_engineer_20260707_20260707T140842,2026-07-07T14:09:03
000300,2025-12-08,4593.14,4640.626,4592.741,4621.755,19962099000,,akshare.stock_zh_index_daily,week1_data_engineer_20260707_20260707T140842,2026-07-07T14:09:03
000300,2025-12-09,4611.379,4628.705,4584.254,4598.223,18416034400,,akshare.stock_zh_index_daily,week1_data_engineer_20260707_20260707T140842,2026-07-07T14:09:03
000300,2025-12-10,4586.254,4598.537,4549.08,4591.827,16911110600,,akshare.stock_zh_index_daily,week1_data_engineer_20260707_20260707T140842,2026-07-07T14:09:03
000300,2025-12-11,4597.19,4610.279,4547.137,4552.185,16841940500,,akshare.stock_zh_index_daily,week1_data_engineer_20260707_20260707T140842,2026-07-07T14:09:03
000300,2025-12-12,4558.738,4583.675,4530.784,4580.95,21282652000,,akshare.stock_zh_index_daily,week1_data_engineer_20260707_20260707T140842,2026-07-07T14:09:03
000300,2025-12-15,4550.003,4595.046,4548.438,4552.06,16758996700,,akshare.stock_zh_index_daily,week1_data_engineer_20260707_20260707T140842,2026-07-07T14:09:03
000300,2025-12-16,4542.423,4553.081,4484.27,4497.555,16516520100,,akshare.stock_zh_index_daily,week1_data_engineer_20260707_20260707T140842,2026-07-07T14:09:03
000300,2025-12-17,4499.773,4594.656,4498.93,4579.875,17842483000,,akshare.stock_zh_index_daily,week1_data_engineer_20260707_20260707T140842,2026-07-07T14:09:03
000300,2025-12-18,4553.979,4571.968,4544.142,4552.793,15168132800,,akshare.stock_zh_index_daily,week1_data_engineer_20260707_20260707T140842,2026-07-07T14:09:03
000300,2025-12-19,4561.373,4591.093,4546.847,4568.178,15487622000,,akshare.stock_zh_index_daily,week1_data_engineer_20260707_20260707T140842,2026-07-07T14:09:03
000300,2025-12-22,4587.668,4615.872,4587.668,4611.624,16525285600,,akshare.stock_zh_index_daily,week1_data_engineer_20260707_20260707T140842,2026-07-07T14:09:03
000300,2025-12-23,4616.026,4644.535,4607.799,4620.734,16925641200,,akshare.stock_zh_index_daily,week1_data_engineer_20260707_20260707T140842,2026-07-07T14:09:03
000300,2025-12-24,4623.683,4639.428,4602.144,4634.059,15371124100,,akshare.stock_zh_index_daily,week1_data_engineer_20260707_20260707T140842,2026-07-07T14:09:03
000300,2025-12-25,4629.32,4651.154,4621.921,4642.536,13943418600,,akshare.stock_zh_index_daily,week1_data_engineer_20260707_20260707T140842,2026-07-07T14:09:03
000300,2025-12-26,4639.79,4676.131,4635.105,4657.24,17539656500,,akshare.stock_zh_index_daily,week1_data_engineer_20260707_20260707T140842,2026-07-07T14:09:03
000300,2025-12-29,4658.265,4672.035,4629.057,4639.372,20039713300,,akshare.stock_zh_index_daily,week1_data_engineer_20260707_20260707T140842,2026-07-07T14:09:03
000300,2025-12-30,4617.316,4664.331,4616.632,4651.282,18037497400,,akshare.stock_zh_index_daily,week1_data_engineer_20260707_20260707T140842,2026-07-07T14:09:03
000300,2025-12-31,4656.48,4667.047,4622.099,4629.94,17076022400,,akshare.stock_zh_index_daily,week1_data_engineer_20260707_20260707T140842,2026-07-07T14:09:03
000300,2026-01-05,4661.616,4721.638,4661.616,4717.746,23414483900,,akshare.stock_zh_index_daily,week1_data_engineer_20260707_20260707T140842,2026-07-07T14:09:03
000300,2026-01-06,4719.209,4790.694,4718.01,4790.694,29697068600,,akshare.stock_zh_index_daily,week1_data_engineer_20260707_20260707T140842,2026-07-07T14:09:03
000300,2026-01-07,4796.934,4802.603,4751.071,4776.666,25909556400,,akshare.stock_zh_index_daily,week1_data_engineer_20260707_20260707T140842,2026-07-07T14:09:03
000300,2026-01-08,4761.011,4765.486,4717.009,4737.654,23880495700,,akshare.stock_zh_index_daily,week1_data_engineer_20260707_20260707T140842,2026-07-07T14:09:03
000300,2026-01-09,4725.957,4771.428,4719.134,4758.922,25468803800,,akshare.stock_zh_index_daily,week1_data_engineer_20260707_20260707T140842,2026-07-07T14:09:03
000300,2026-01-12,4769.65,4795.933,4737.57,4789.916,29483316500,,akshare.stock_zh_index_daily,week1_data_engineer_20260707_20260707T140842,2026-07-07T14:09:03
000300,2026-01-13,4798.049,4836.955,4745.515,4761.032,30144949700,,akshare.stock_zh_index_daily,week1_data_engineer_20260707_20260707T140842,2026-07-07T14:09:03
000300,2026-01-14,4767.696,4818.101,4720.246,4741.931,36495102300,,akshare.stock_zh_index_daily,week1_data_engineer_20260707_20260707T140842,2026-07-07T14:09:03
000300,2026-01-15,4721.797,4769.548,4720.937,4751.429,25400363600,,akshare.stock_zh_index_daily,week1_data_engineer_20260707_20260707T140842,2026-07-07T14:09:03
000300,2026-01-16,4778.43,4792.551,4715.365,4731.873,32527892900,,akshare.stock_zh_index_daily,week1_data_engineer_20260707_20260707T140842,2026-07-07T14:09:03
000300,2026-01-19,4720.195,4761.632,4715.087,4734.456,26761249200,,akshare.stock_zh_index_daily,week1_data_engineer_20260707_20260707T140842,2026-07-07T14:09:03
000300,2026-01-20,4736.91,4748.23,4684.968,4718.878,28271957900,,akshare.stock_zh_index_daily,week1_data_engineer_20260707_20260707T140842,2026-07-07T14:09:03
000300,2026-01-21,4714.554,4758.279,4714.237,4723.069,26635333200,,akshare.stock_zh_index_daily,week1_data_engineer_20260707_20260707T140842,2026-07-07T14:09:03
000300,2026-01-22,4741.755,4757.764,4700.448,4723.709,27419993200,,akshare.stock_zh_index_daily,week1_data_engineer_20260707_20260707T140842,2026-07-07T14:09:03
000300,2026-01-23,4729.585,4734.794,4684.617,4702.497,31463544500,,akshare.stock_zh_index_daily,week1_data_engineer_20260707_20260707T140842,2026-07-07T14:09:03
000300,2026-01-26,4715.375,4754.178,4693.158,4706.964,36300448100,,akshare.stock_zh_index_daily,week1_data_engineer_20260707_20260707T140842,2026-07-07T14:09:03
000300,2026-01-27,4705.174,4736.986,4675.641,4705.692,30147569700,,akshare.stock_zh_index_daily,week1_data_engineer_20260707_20260707T140842,2026-07-07T14:09:03
000300,2026-01-28,4725.601,4739.626,4697.906,4717.991,38225560200,,akshare.stock_zh_index_daily,week1_data_engineer_20260707_20260707T140842,2026-07-07T14:09:03
000300,2026-01-29,4733.088,4770.96,4696.054,4753.87,41551305500,,akshare.stock_zh_index_daily,week1_data_engineer_20260707_20260707T140842,2026-07-07T14:09:03
000300,2026-01-30,4723.081,4738.871,4645.471,4706.34,31978653100,,akshare.stock_zh_index_daily,week1_data_engineer_20260707_20260707T140842,2026-07-07T14:09:03
000300,2026-02-02,4674.276,4716.607,4601.76,4605.98,30477350000,,akshare.stock_zh_index_daily,week1_data_engineer_20260707_20260707T140842,2026-07-07T14:09:03
000300,2026-02-03,4648.357,4662.126,4578.209,4660.107,26554940500,,akshare.stock_zh_index_daily,week1_data_engineer_20260707_20260707T140842,2026-07-07T14:09:03
000300,2026-02-04,4647.967,4701.477,4641.842,4698.683,26488103200,,akshare.stock_zh_index_daily,week1_data_engineer_20260707_20260707T140842,2026-07-07T14:09:03
000300,2026-02-05,4664.748,4687.021,4639.43,4670.419,23785635100,,akshare.stock_zh_index_daily,week1_data_engineer_20260707_20260707T140842,2026-07-07T14:09:03
000300,2026-02-06,4622.975,4678.262,4606.638,4643.596,20271647700,,akshare.stock_zh_index_daily,week1_data_engineer_20260707_20260707T140842,2026-07-07T14:09:03
000300,2026-02-09,4693.672,4719.964,4679.904,4719.056,20725193800,,akshare.stock_zh_index_daily,week1_data_engineer_20260707_20260707T140842,2026-07-07T14:09:03
000300,2026-02-10,4718.255,4732.087,4713.868,4724.296,18700095800,,akshare.stock_zh_index_daily,week1_data_engineer_20260707_20260707T140842,2026-07-07T14:09:03
000300,2026-02-11,4715.67,4723.704,4703.687,4713.819,17339168100,,akshare.stock_zh_index_daily,week1_data_engineer_20260707_20260707T140842,2026-07-07T14:09:03
000300,2026-02-12,4720.009,4726.043,4707.736,4719.578,19784143900,,akshare.stock_zh_index_daily,week1_data_engineer_20260707_20260707T140842,2026-07-07T14:09:03
000300,2026-02-13,4693.411,4703.633,4658.404,4660.406,18916775600,,akshare.stock_zh_index_daily,week1_data_engineer_20260707_20260707T140842,2026-07-07T14:09:03
000300,2026-02-24,4727.296,4727.373,4698.349,4707.544,21848889000,,akshare.stock_zh_index_daily,week1_data_engineer_20260707_20260707T140842,2026-07-07T14:09:03
000300,2026-02-25,4713.575,4766.559,4713.344,4735.886,28426835400,,akshare.stock_zh_index_daily,week1_data_engineer_20260707_20260707T140842,2026-07-07T14:09:03
000300,2026-02-26,4741.39,4742.148,4706.694,4726.874,23484764400,,akshare.stock_zh_index_daily,week1_data_engineer_20260707_20260707T140842,2026-07-07T14:09:03
000300,2026-02-27,4698.3,4721.014,4692.891,4710.647,26142086500,,akshare.stock_zh_index_daily,week1_data_engineer_20260707_20260707T140842,2026-07-07T14:09:03
000300,2026-03-02,4681.014,4735.406,4667.275,4728.669,34926075200,,akshare.stock_zh_index_daily,week1_data_engineer_20260707_20260707T140842,2026-07-07T14:09:03
000300,2026-03-03,4737.316,4744.599,4651.405,4655.896,37062427200,,akshare.stock_zh_index_daily,week1_data_engineer_20260707_20260707T140842,2026-07-07T14:09:03
000300,2026-03-04,4609.192,4639.42,4575.825,4602.625,30303566600,,akshare.stock_zh_index_daily,week1_data_engineer_20260707_20260707T140842,2026-07-07T14:09:03
000300,2026-03-05,4651.942,4671.527,4630.302,4647.692,25931782500,,akshare.stock_zh_index_daily,week1_data_engineer_20260707_20260707T140842,2026-07-07T14:09:03
000300,2026-03-06,4621.494,4671.713,4612.794,4660.439,23852792600,,akshare.stock_zh_index_daily,week1_data_engineer_20260707_20260707T140842,2026-07-07T14:09:03
000300,2026-03-09,4600.254,4625.981,4548.969,4615.455,32278761700,,akshare.stock_zh_index_daily,week1_data_engineer_20260707_20260707T140842,2026-07-07T14:09:03
000300,2026-03-10,4648.785,4677.596,4648.785,4674.756,26390374800,,akshare.stock_zh_index_daily,week1_data_engineer_20260707_20260707T140842,2026-07-07T14:09:03
000300,2026-03-11,4681.032,4711.867,4674.709,4704.496,27017544300,,akshare.stock_zh_index_daily,week1_data_engineer_20260707_20260707T140842,2026-07-07T14:09:03
000300,2026-03-12,4700.721,4704.379,4654.315,4687.56,30298681600,,akshare.stock_zh_index_daily,week1_data_engineer_20260707_20260707T140842,2026-07-07T14:09:03
000300,2026-03-13,4669.062,4707.419,4659.498,4669.14,31077200900,,akshare.stock_zh_index_daily,week1_data_engineer_20260707_20260707T140842,2026-07-07T14:09:03
000300,2026-03-16,4669.224,4673.693,4621.812,4671.559,29621507000,,akshare.stock_zh_index_daily,week1_data_engineer_20260707_20260707T140842,2026-07-07T14:09:03
000300,2026-03-17,4685.57,4720.861,4637.368,4637.439,26302191300,,akshare.stock_zh_index_daily,week1_data_engineer_20260707_20260707T140842,2026-07-07T14:09:03
000300,2026-03-18,4648.752,4662.294,4604.516,4658.332,23469070500,,akshare.stock_zh_index_daily,week1_data_engineer_20260707_20260707T140842,2026-07-07T14:09:03
000300,2026-03-19,4611.44,4634.547,4570.392,4583.251,25413044900,,akshare.stock_zh_index_daily,week1_data_engineer_20260707_20260707T140842,2026-07-07T14:09:03
000300,2026-03-20,4602.821,4628.712,4563.069,4567.018,25787370300,,akshare.stock_zh_index_daily,week1_data_engineer_20260707_20260707T140842,2026-07-07T14:09:03
000300,2026-03-23,4499.1,4514.718,4397.566,4417.997,32808194500,,akshare.stock_zh_index_daily,week1_data_engineer_20260707_20260707T140842,2026-07-07T14:09:03
000300,2026-03-24,4458.907,4474.825,4394.294,4474.722,25553251700,,akshare.stock_zh_index_daily,week1_data_engineer_20260707_20260707T140842,2026-07-07T14:09:03
000300,2026-03-25,4506.625,4542.181,4502.027,4537.466,26263927900,,akshare.stock_zh_index_daily,week1_data_engineer_20260707_20260707T140842,2026-07-07T14:09:03
000300,2026-03-26,4525.329,4541.05,4468.957,4477.534,21373678800,,akshare.stock_zh_index_daily,week1_data_engineer_20260707_20260707T140842,2026-07-07T14:09:03
000300,2026-03-27,4431.503,4519.89,4431.421,4502.57,19240038800,,akshare.stock_zh_index_daily,week1_data_engineer_20260707_20260707T140842,2026-07-07T14:09:03
000300,2026-03-30,4461.737,4496.411,4447.137,4491.95,20929309200,,akshare.stock_zh_index_daily,week1_data_engineer_20260707_20260707T140842,2026-07-07T14:09:03
000300,2026-03-31,4491.921,4523.175,4450.049,4450.049,22454158500,,akshare.stock_zh_index_daily,week1_data_engineer_20260707_20260707T140842,2026-07-07T14:09:03
000300,2026-04-01,4517.272,4532.109,4492.054,4526.067,21648319600,,akshare.stock_zh_index_daily,week1_data_engineer_20260707_20260707T140842,2026-07-07T14:09:03
000300,2026-04-02,4514.442,4519.693,4459.61,4478.914,19099216100,,akshare.stock_zh_index_daily,week1_data_engineer_20260707_20260707T140842,2026-07-07T14:09:03
000300,2026-04-03,4492.846,4494.457,4437.595,4440.789,16832170500,,akshare.stock_zh_index_daily,week1_data_engineer_20260707_20260707T140842,2026-07-07T14:09:03
000300,2026-04-07,4445.861,4458.926,4420.694,4440.616,16263878700,,akshare.stock_zh_index_daily,week1_data_engineer_20260707_20260707T140842,2026-07-07T14:09:03
000300,2026-04-08,4517.34,4595.556,4513.771,4595.556,25333921300,,akshare.stock_zh_index_daily,week1_data_engineer_20260707_20260707T140842,2026-07-07T14:09:03
000300,2026-04-09,4562.67,4579.197,4552.424,4566.224,18493978300,,akshare.stock_zh_index_daily,week1_data_engineer_20260707_20260707T140842,2026-07-07T14:09:03
000300,2026-04-10,4594.947,4655.099,4590.109,4636.566,20867860500,,akshare.stock_zh_index_daily,week1_data_engineer_20260707_20260707T140842,2026-07-07T14:09:03
000300,2026-04-13,4615.133,4653.398,4615.133,4646.155,19671227700,,akshare.stock_zh_index_daily,week1_data_engineer_20260707_20260707T140842,2026-07-07T14:09:03
000300,2026-04-14,4676.124,4701.284,4654.853,4701.284,20470033200,,akshare.stock_zh_index_daily,week1_data_engineer_20260707_20260707T140842,2026-07-07T14:09:03
000300,2026-04-15,4726.638,4731.273,4672.556,4685.246,20168850000,,akshare.stock_zh_index_daily,week1_data_engineer_20260707_20260707T140842,2026-07-07T14:09:03
000300,2026-04-16,4694.431,4739.221,4689.414,4736.608,19205760000,,akshare.stock_zh_index_daily,week1_data_engineer_20260707_20260707T140842,2026-07-07T14:09:03
000300,2026-04-17,4728.995,4738.324,4714.467,4728.672,18291533600,,akshare.stock_zh_index_daily,week1_data_engineer_20260707_20260707T140842,2026-07-07T14:09:03
000300,2026-04-20,4727.166,4763.043,4720.685,4757.442,22163349400,,akshare.stock_zh_index_daily,week1_data_engineer_20260707_20260707T140842,2026-07-07T14:09:03
000300,2026-04-21,4750.515,4776.826,4722.007,4767.997,20561405800,,akshare.stock_zh_index_daily,week1_data_engineer_20260707_20260707T140842,2026-07-07T14:09:03
000300,2026-04-22,4751.279,4801.447,4750.35,4799.627,20448183000,,akshare.stock_zh_index_daily,week1_data_engineer_20260707_20260707T140842,2026-07-07T14:09:03
000300,2026-04-23,4816.027,4823.47,4759.86,4786.327,23286573600,,akshare.stock_zh_index_daily,week1_data_engineer_20260707_20260707T140842,2026-07-07T14:09:03
000300,2026-04-24,4771.735,4786.444,4735.606,4769.369,19379831400,,akshare.stock_zh_index_daily,week1_data_engineer_20260707_20260707T140842,2026-07-07T14:09:03
000300,2026-04-27,4776.335,4795.168,4762.644,4770.947,19279655000,,akshare.stock_zh_index_daily,week1_data_engineer_20260707_20260707T140842,2026-07-07T14:09:03
000300,2026-04-28,4757.077,4778.189,4743.436,4758.208,21672423300,,akshare.stock_zh_index_daily,week1_data_engineer_20260707_20260707T140842,2026-07-07T14:09:03
000300,2026-04-29,4737.576,4813.61,4737.114,4810.347,23329811000,,akshare.stock_zh_index_daily,week1_data_engineer_20260707_20260707T140842,2026-07-07T14:09:03
000300,2026-04-30,4820.972,4829.272,4797.545,4807.307,25063337000,,akshare.stock_zh_index_daily,week1_data_engineer_20260707_20260707T140842,2026-07-07T14:09:03
000300,2026-05-06,4857.654,4892.796,4834.281,4877.093,27444388000,,akshare.stock_zh_index_daily,week1_data_engineer_20260707_20260707T140842,2026-07-07T14:09:03
000300,2026-05-07,4895.8,4901.858,4866.875,4900.51,25783397200,,akshare.stock_zh_index_daily,week1_data_engineer_20260707_20260707T140842,2026-07-07T14:09:03
000300,2026-05-08,4871.119,4887.213,4849.987,4871.912,25172099600,,akshare.stock_zh_index_daily,week1_data_engineer_20260707_20260707T140842,2026-07-07T14:09:03
000300,2026-05-11,4902.278,4960.398,4889.566,4951.837,30573480100,,akshare.stock_zh_index_daily,week1_data_engineer_20260707_20260707T140842,2026-07-07T14:09:03
000300,2026-05-12,4965.018,4971.303,4926.79,4948.047,27381200100,,akshare.stock_zh_index_daily,week1_data_engineer_20260707_20260707T140842,2026-07-07T14:09:03
000300,2026-05-13,4919.425,5001.12,4919.425,4998.342,26845453700,,akshare.stock_zh_index_daily,week1_data_engineer_20260707_20260707T140842,2026-07-07T14:09:03
000300,2026-05-14,5027.641,5030.519,4913.604,4914.597,28069537900,,akshare.stock_zh_index_daily,week1_data_engineer_20260707_20260707T140842,2026-07-07T14:09:03
000300,2026-05-15,4911.622,4935.617,4832.69,4859.593,27696776900,,akshare.stock_zh_index_daily,week1_data_engineer_20260707_20260707T140842,2026-07-07T14:09:03
000300,2026-05-18,4836.329,4868.601,4806.146,4833.524,23907758700,,akshare.stock_zh_index_daily,week1_data_engineer_20260707_20260707T140842,2026-07-07T14:09:03
000300,2026-05-19,4818.705,4854.525,4773.534,4852.883,23228085200,,akshare.stock_zh_index_daily,week1_data_engineer_20260707_20260707T140842,2026-07-07T14:09:03
000300,2026-05-20,4829.613,4866.212,4825.643,4850.7,22002320600,,akshare.stock_zh_index_daily,week1_data_engineer_20260707_20260707T140842,2026-07-07T14:09:03
000300,2026-05-21,4886.239,4937.933,4780.711,4783.098,28734250700,,akshare.stock_zh_index_daily,week1_data_engineer_20260707_20260707T140842,2026-07-07T14:09:03
000300,2026-05-22,4818.844,4851.349,4785.349,4845.096,28694043500,,akshare.stock_zh_index_daily,week1_data_engineer_20260707_20260707T140842,2026-07-07T14:09:03
000300,2026-05-25,4873.196,4922.438,4857.135,4921.597,26474323600,,akshare.stock_zh_index_daily,week1_data_engineer_20260707_20260707T140842,2026-07-07T14:09:03
000300,2026-05-26,4900.115,4952.741,4892.683,4947.849,30279947600,,akshare.stock_zh_index_daily,week1_data_engineer_20260707_20260707T140842,2026-07-07T14:09:03
000300,2026-05-27,4940.945,4974.211,4891.343,4908.171,30170917500,,akshare.stock_zh_index_daily,week1_data_engineer_20260707_20260707T140842,2026-07-07T14:09:03
000300,2026-05-28,4889.266,4922.33,4843.227,4914.213,26743273100,,akshare.stock_zh_index_daily,week1_data_engineer_20260707_20260707T140842,2026-07-07T14:09:03
000300,2026-05-29,4937.512,4954.07,4878.787,4892.121,33251861000,,akshare.stock_zh_index_daily,week1_data_engineer_20260707_20260707T140842,2026-07-07T14:09:03
000300,2026-06-01,4897.897,4918.794,4836.685,4844.256,29613405100,,akshare.stock_zh_index_daily,week1_data_engineer_20260707_20260707T140842,2026-07-07T14:09:03
000300,2026-06-02,4860.612,4930.278,4831.997,4914.559,28173166200,,akshare.stock_zh_index_daily,week1_data_engineer_20260707_20260707T140842,2026-07-07T14:09:03
000300,2026-06-03,4921.345,4991.853,4904.897,4938.809,30403594700,,akshare.stock_zh_index_daily,week1_data_engineer_20260707_20260707T140842,2026-07-07T14:09:03
000300,2026-06-04,4897.316,4938.781,4889.746,4904.745,26480891000,,akshare.stock_zh_index_daily,week1_data_engineer_20260707_20260707T140842,2026-07-07T14:09:03
000300,2026-06-05,4886.965,4924.344,4798.91,4816.92,30192933600,,akshare.stock_zh_index_daily,week1_data_engineer_20260707_20260707T140842,2026-07-07T14:09:03
000300,2026-06-08,4703.773,4779.862,4677.568,4713.636,29964756500,,akshare.stock_zh_index_daily,week1_data_engineer_20260707_20260707T140842,2026-07-07T14:09:03
000300,2026-06-09,4743.451,4802.505,4715.391,4801.811,25839160100,,akshare.stock_zh_index_daily,week1_data_engineer_20260707_20260707T140842,2026-07-07T14:09:03
000300,2026-06-10,4753.115,4786.516,4718.995,4748.593,25929710900,,akshare.stock_zh_index_daily,week1_data_engineer_20260707_20260707T140842,2026-07-07T14:09:03
000300,2026-06-11,4730.072,4766.173,4685.501,4722.412,24717705900,,akshare.stock_zh_index_daily,week1_data_engineer_20260707_20260707T140842,2026-07-07T14:09:03
000300,2026-06-12,4784.64,4809.861,4757.557,4777.321,33592206300,,akshare.stock_zh_index_daily,week1_data_engineer_20260707_20260707T140842,2026-07-07T14:09:03
000300,2026-06-15,4829.289,4892.55,4803.184,4891.713,33131607600,,akshare.stock_zh_index_daily,week1_data_engineer_20260707_20260707T140842,2026-07-07T14:09:03
000300,2026-06-16,4894.879,4908.282,4866.061,4884.232,28258474300,,akshare.stock_zh_index_daily,week1_data_engineer_20260707_20260707T140842,2026-07-07T14:09:03
000300,2026-06-17,4859.701,4933.929,4859.701,4931.386,27605395000,,akshare.stock_zh_index_daily,week1_data_engineer_20260707_20260707T140842,2026-07-07T14:09:03
000300,2026-06-18,4916.044,4976.891,4916.044,4941.599,33445990200,,akshare.stock_zh_index_daily,week1_data_engineer_20260707_20260707T140842,2026-07-07T14:09:03
000300,2026-06-22,4949.346,5061.511,4928.458,5059.658,37510012400,,akshare.stock_zh_index_daily,week1_data_engineer_20260707_20260707T140842,2026-07-07T14:09:03
000300,2026-06-23,5048.026,5064.265,4892.094,4919.386,34271933600,,akshare.stock_zh_index_daily,week1_data_engineer_20260707_20260707T140842,2026-07-07T14:09:03
000300,2026-06-24,4900.384,4953.232,4892.268,4943.02,31224902500,,akshare.stock_zh_index_daily,week1_data_engineer_20260707_20260707T140842,2026-07-07T14:09:03
000300,2026-06-25,4950.975,5031.999,4944.876,5020.104,34666428900,,akshare.stock_zh_index_daily,week1_data_engineer_20260707_20260707T140842,2026-07-07T14:09:03
000300,2026-06-26,4981.825,4981.983,4845.192,4868.221,34117923800,,akshare.stock_zh_index_daily,week1_data_engineer_20260707_20260707T140842,2026-07-07T14:09:03
000300,2026-06-29,4866.043,4928.599,4827.149,4926.921,32321613400,,akshare.stock_zh_index_daily,week1_data_engineer_20260707_20260707T140842,2026-07-07T14:09:03
000300,2026-06-30,4914.493,4987.56,4914.493,4979.433,30615022600,,akshare.stock_zh_index_daily,week1_data_engineer_20260707_20260707T140842,2026-07-07T14:09:03
000300,2026-07-01,4972.692,5017.375,4925.631,4958.977,34293474700,,akshare.stock_zh_index_daily,week1_data_engineer_20260707_20260707T140842,2026-07-07T14:09:03
000300,2026-07-02,4865.171,4896.993,4800.484,4812.296,34324375800,,akshare.stock_zh_index_daily,week1_data_engineer_20260707_20260707T140842,2026-07-07T14:09:03
000300,2026-07-03,4809.499,4890.965,4809.499,4842.174,30106756800,,akshare.stock_zh_index_daily,week1_data_engineer_20260707_20260707T140842,2026-07-07T14:09:03
000300,2026-07-06,4868.542,4878.323,4789.796,4841.998,29405054300,,akshare.stock_zh_index_daily,week1_data_engineer_20260707_20260707T140842,2026-07-07T14:09:03
000905,2023-01-03,5861.55,5964.819,5848.146,5955.897,9955783700,,akshare.stock_zh_index_daily,week1_data_engineer_20260707_20260707T140842,2026-07-07T14:09:03
000905,2023-01-04,5952.506,5970.576,5922.865,5952.454,9716044100,,akshare.stock_zh_index_daily,week1_data_engineer_20260707_20260707T140842,2026-07-07T14:09:03
000905,2023-01-05,5959.438,6017.341,5950.09,6010.464,9662997900,,akshare.stock_zh_index_daily,week1_data_engineer_20260707_20260707T140842,2026-07-07T14:09:03
000905,2023-01-06,6004.173,6050.887,5998.835,6012.815,9924487700,,akshare.stock_zh_index_daily,week1_data_engineer_20260707_20260707T140842,2026-07-07T14:09:03
000905,2023-01-09,6028.399,6070.161,6023.639,6040.019,10069682900,,akshare.stock_zh_index_daily,week1_data_engineer_20260707_20260707T140842,2026-07-07T14:09:03
000905,2023-01-10,6044.641,6053.585,6017.152,6048.297,9639335100,,akshare.stock_zh_index_daily,week1_data_engineer_20260707_20260707T140842,2026-07-07T14:09:03
000905,2023-01-11,6049.039,6070.448,6004.219,6014.157,9440638900,,akshare.stock_zh_index_daily,week1_data_engineer_20260707_20260707T140842,2026-07-07T14:09:03
000905,2023-01-12,6022.561,6048.189,5995.911,6015.287,9290012400,,akshare.stock_zh_index_daily,week1_data_engineer_20260707_20260707T140842,2026-07-07T14:09:03
000905,2023-01-13,6030.93,6058.225,6015.218,6057.69,9002502000,,akshare.stock_zh_index_daily,week1_data_engineer_20260707_20260707T140842,2026-07-07T14:09:03
000905,2023-01-16,6068.912,6168.745,6068.14,6126.177,12961973000,,akshare.stock_zh_index_daily,week1_data_engineer_20260707_20260707T140842,2026-07-07T14:09:03
000905,2023-01-17,6129.735,6138.174,6107.761,6132.639,9592169900,,akshare.stock_zh_index_daily,week1_data_engineer_20260707_20260707T140842,2026-07-07T14:09:03
000905,2023-01-18,6139.691,6168.374,6136.97,6151.456,9455583600,,akshare.stock_zh_index_daily,week1_data_engineer_20260707_20260707T140842,2026-07-07T14:09:03
000905,2023-01-19,6145.621,6204.326,6130.424,6204.326,9977779300,,akshare.stock_zh_index_daily,week1_data_engineer_20260707_20260707T140842,2026-07-07T14:09:03
000905,2023-01-20,6214.025,6253.269,6214.025,6251.434,11390454200,,akshare.stock_zh_index_daily,week1_data_engineer_20260707_20260707T140842,2026-07-07T14:09:03
000905,2023-01-30,6331.876,6342.449,6279.451,6283.327,14651792000,,akshare.stock_zh_index_daily,week1_data_engineer_20260707_20260707T140842,2026-07-07T14:09:03
000905,2023-01-31,6266.296,6303.912,6259.528,6289.15,13530209300,,akshare.stock_zh_index_daily,week1_data_engineer_20260707_20260707T140842,2026-07-07T14:09:03
000905,2023-02-01,6300.5,6368.791,6293.492,6365.905,15244222000,,akshare.stock_zh_index_daily,week1_data_engineer_20260707_20260707T140842,2026-07-07T14:09:03
000905,2023-02-02,6383.298,6402.264,6347.729,6370.141,14929281100,,akshare.stock_zh_index_daily,week1_data_engineer_20260707_20260707T140842,2026-07-07T14:09:03
000905,2023-02-03,6354.714,6354.714,6267.438,6343.686,12150718200,,akshare.stock_zh_index_daily,week1_data_engineer_20260707_20260707T140842,2026-07-07T14:09:03
000905,2023-02-06,6314.6,6330.793,6274.543,6302.335,10848530800,,akshare.stock_zh_index_daily,week1_data_engineer_20260707_20260707T140842,2026-07-07T14:09:03
000905,2023-02-07,6309.221,6318.841,6273.595,6317.238,10966268300,,akshare.stock_zh_index_daily,week1_data_engineer_20260707_20260707T140842,2026-07-07T14:09:03
000905,2023-02-08,6319.516,6323.849,6263.763,6268.276,10599489500,,akshare.stock_zh_index_daily,week1_data_engineer_20260707_20260707T140842,2026-07-07T14:09:03
000905,2023-02-09,6256.312,6354.803,6250.455,6354.562,10903111900,,akshare.stock_zh_index_daily,week1_data_engineer_20260707_20260707T140842,2026-07-07T14:09:03
000905,2023-02-10,6348.999,6368.488,6296.548,6334.252,12010082900,,akshare.stock_zh_index_daily,week1_data_engineer_20260707_20260707T140842,2026-07-07T14:09:03
000905,2023-02-13,6333.219,6386.724,6331.369,6383.828,13156622700,,akshare.stock_zh_index_daily,week1_data_engineer_20260707_20260707T140842,2026-07-07T14:09:03
000905,2023-02-14,6394.62,6408.551,6369.573,6397.215,12467438900,,akshare.stock_zh_index_daily,week1_data_engineer_20260707_20260707T140842,2026-07-07T14:09:03
000905,2023-02-15,6398.874,6407.753,6365.311,6384.348,11590702200,,akshare.stock_zh_index_daily,week1_data_engineer_20260707_20260707T140842,2026-07-07T14:09:03
000905,2023-02-16,6384.215,6429.053,6244.479,6289.479,16838841600,,akshare.stock_zh_index_daily,week1_data_engineer_20260707_20260707T140842,2026-07-07T14:09:03
000905,2023-02-17,6284.923,6308.568,6237.405,6237.405,11721098500,,akshare.stock_zh_index_daily,week1_data_engineer_20260707_20260707T140842,2026-07-07T14:09:03
000905,2023-02-20,6248.256,6349.407,6227.349,6346.068,14033407500,,akshare.stock_zh_index_daily,week1_data_engineer_20260707_20260707T140842,2026-07-07T14:09:03
000905,2023-02-21,6349.907,6396.742,6337.598,6383.425,14182471400,,akshare.stock_zh_index_daily,week1_data_engineer_20260707_20260707T140842,2026-07-07T14:09:03
000905,2023-02-22,6352.028,6397.145,6344.986,6375.068,10908302900,,akshare.stock_zh_index_daily,week1_data_engineer_20260707_20260707T140842,2026-07-07T14:09:03
000905,2023-02-23,6377.293,6396.656,6328.644,6360.32,11606465400,,akshare.stock_zh_index_daily,week1_data_engineer_20260707_20260707T140842,2026-07-07T14:09:03
000905,2023-02-24,6367.631,6372.492,6308.221,6340.844,9695728100,,akshare.stock_zh_index_daily,week1_data_engineer_20260707_20260707T140842,2026-07-07T14:09:03
000905,2023-02-27,6318.639,6349.091,6288.299,6307.206,10108273800,,akshare.stock_zh_index_daily,week1_data_engineer_20260707_20260707T140842,2026-07-07T14:09:03
000905,2023-02-28,6323.842,6357.535,6293.179,6357.535,9660316300,,akshare.stock_zh_index_daily,week1_data_engineer_20260707_20260707T140842,2026-07-07T14:09:03
000905,2023-03-01,6356.504,6410.522,6340.005,6402.141,12390763900,,akshare.stock_zh_index_daily,week1_data_engineer_20260707_20260707T140842,2026-07-07T14:09:03
000905,2023-03-02,6398.256,6410.231,6375.007,6382.232,12534929700,,akshare.stock_zh_index_daily,week1_data_engineer_20260707_20260707T140842,2026-07-07T14:09:03
000905,2023-03-03,6384.064,6398.471,6346.959,6390.318,12323477500,,akshare.stock_zh_index_daily,week1_data_engineer_20260707_20260707T140842,2026-07-07T14:09:03
000905,2023-03-06,6398.102,6405.82,6362.472,6395.219,12684563400,,akshare.stock_zh_index_daily,week1_data_engineer_20260707_20260707T140842,2026-07-07T14:09:03
000905,2023-03-07,6389.811,6396.541,6284.22,6284.299,13792886900,,akshare.stock_zh_index_daily,week1_data_engineer_20260707_20260707T140842,2026-07-07T14:09:03
000905,2023-03-08,6264.432,6303.711,6258.317,6301.516,9869835700,,akshare.stock_zh_index_daily,week1_data_engineer_20260707_20260707T140842,2026-07-07T14:09:03
000905,2023-03-09,6311.042,6311.335,6258.45,6285.952,9268891400,,akshare.stock_zh_index_daily,week1_data_engineer_20260707_20260707T140842,2026-07-07T14:09:03
000905,2023-03-10,6251.56,6261.33,6202.612,6204.899,10805229000,,akshare.stock_zh_index_daily,week1_data_engineer_20260707_20260707T140842,2026-07-07T14:09:03
000905,2023-03-13,6189.976,6245.003,6178.672,6245.003,10800655200,,akshare.stock_zh_index_daily,week1_data_engineer_20260707_20260707T140842,2026-07-07T14:09:03
000905,2023-03-14,6237.731,6243.418,6127.688,6189.397,12120014500,,akshare.stock_zh_index_daily,week1_data_engineer_20260707_20260707T140842,2026-07-07T14:09:03
000905,2023-03-15,6210.928,6254.486,6210.928,6224.64,11294852800,,akshare.stock_zh_index_daily,week1_data_engineer_20260707_20260707T140842,2026-07-07T14:09:03
000905,2023-03-16,6191.296,6209.973,6133.833,6140.832,12763268500,,akshare.stock_zh_index_daily,week1_data_engineer_20260707_20260707T140842,2026-07-07T14:09:03
000905,2023-03-17,6174.192,6233.753,6169.844,6183.184,13710833400,,akshare.stock_zh_index_daily,week1_data_engineer_20260707_20260707T140842,2026-07-07T14:09:03
000905,2023-03-20,6195.351,6201.974,6152.808,6160.354,14558089100,,akshare.stock_zh_index_daily,week1_data_engineer_20260707_20260707T140842,2026-07-07T14:09:03
000905,2023-03-21,6171.886,6235.006,6171.283,6234.679,12302533100,,akshare.stock_zh_index_daily,week1_data_engineer_20260707_20260707T140842,2026-07-07T14:09:03
000905,2023-03-22,6244.362,6271.523,6242.157,6269.738,12826638600,,akshare.stock_zh_index_daily,week1_data_engineer_20260707_20260707T140842,2026-07-07T14:09:03
000905,2023-03-23,6253.577,6305.759,6245.983,6305.759,12917964800,,akshare.stock_zh_index_daily,week1_data_engineer_20260707_20260707T140842,2026-07-07T14:09:03
000905,2023-03-24,6312.431,6315.68,6279.541,6310.098,14102098900,,akshare.stock_zh_index_daily,week1_data_engineer_20260707_20260707T140842,2026-07-07T14:09:03
000905,2023-03-27,6304.479,6320.662,6265.005,6311.6,14466486300,,akshare.stock_zh_index_daily,week1_data_engineer_20260707_20260707T140842,2026-07-07T14:09:03
000905,2023-03-28,6314.582,6331.558,6272.717,6279.922,13915610400,,akshare.stock_zh_index_daily,week1_data_engineer_20260707_20260707T140842,2026-07-07T14:09:03
000905,2023-03-29,6285.954,6294.295,6239.937,6260.551,13154828400,,akshare.stock_zh_index_daily,week1_data_engineer_20260707_20260707T140842,2026-07-07T14:09:03
000905,2023-03-30,6257.64,6287.44,6213.975,6286.177,12321859900,,akshare.stock_zh_index_daily,week1_data_engineer_20260707_20260707T140842,2026-07-07T14:09:03
000905,2023-03-31,6284.852,6343.23,6282.14,6339.818,12948983500,,akshare.stock_zh_index_daily,week1_data_engineer_20260707_20260707T140842,2026-07-07T14:09:03
000905,2023-04-03,6346.693,6419.869,6346.693,6413.807,16392104800,,akshare.stock_zh_index_daily,week1_data_engineer_20260707_20260707T140842,2026-07-07T14:09:03
000905,2023-04-04,6414.818,6423.306,6377.532,6408.899,15749175500,,akshare.stock_zh_index_daily,week1_data_engineer_20260707_20260707T140842,2026-07-07T14:09:03
000905,2023-04-06,6387.229,6428.722,6382.033,6416.846,14406444800,,akshare.stock_zh_index_daily,week1_data_engineer_20260707_20260707T140842,2026-07-07T14:09:03
000905,2023-04-07,6418.26,6470.089,6416.681,6464.466,12796462500,,akshare.stock_zh_index_daily,week1_data_engineer_20260707_20260707T140842,2026-07-07T14:09:03
000905,2023-04-10,6474.942,6476.217,6395.375,6410.522,14513418700,,akshare.stock_zh_index_daily,week1_data_engineer_20260707_20260707T140842,2026-07-07T14:09:03
000905,2023-04-11,6405.628,6421.486,6381.057,6420.877,14239910900,,akshare.stock_zh_index_daily,week1_data_engineer_20260707_20260707T140842,2026-07-07T14:09:03
000905,2023-04-12,6415.704,6450.349,6407.2,6443.439,14944795600,,akshare.stock_zh_index_daily,week1_data_engineer_20260707_20260707T140842,2026-07-07T14:09:03
000905,2023-04-13,6438.164,6451.786,6396.017,6404.646,15619957300,,akshare.stock_zh_index_daily,week1_data_engineer_20260707_20260707T140842,2026-07-07T14:09:03
000905,2023-04-14,6420.312,6444.886,6390.918,6431.069,14530066800,,akshare.stock_zh_index_daily,week1_data_engineer_20260707_20260707T140842,2026-07-07T14:09:03
000905,2023-04-17,6422.867,6459.24,6421.394,6459.24,16882307900,,akshare.stock_zh_index_daily,week1_data_engineer_20260707_20260707T140842,2026-07-07T14:09:03
000905,2023-04-18,6448.757,6462.249,6422.053,6449.853,14347134100,,akshare.stock_zh_index_daily,week1_data_engineer_20260707_20260707T140842,2026-07-07T14:09:03
000905,2023-04-19,6444.873,6456.149,6404.994,6416.97,14869977400,,akshare.stock_zh_index_daily,week1_data_engineer_20260707_20260707T140842,2026-07-07T14:09:03
000905,2023-04-20,6408.808,6413.079,6376.349,6411.756,15050129400,,akshare.stock_zh_index_daily,week1_data_engineer_20260707_20260707T140842,2026-07-07T14:09:03
000905,2023-04-21,6411.514,6411.514,6250.545,6250.545,16231329700,,akshare.stock_zh_index_daily,week1_data_engineer_20260707_20260707T140842,2026-07-07T14:09:03
000905,2023-04-24,6250.964,6260.54,6184.712,6208.78,14769484500,,akshare.stock_zh_index_daily,week1_data_engineer_20260707_20260707T140842,2026-07-07T14:09:03
000905,2023-04-25,6205.618,6208.403,6042.642,6118.153,16245927700,,akshare.stock_zh_index_daily,week1_data_engineer_20260707_20260707T140842,2026-07-07T14:09:03
000905,2023-04-26,6095.134,6178.168,6093.198,6142.154,15216635400,,akshare.stock_zh_index_daily,week1_data_engineer_20260707_20260707T140842,2026-07-07T14:09:03
000905,2023-04-27,6127.644,6190.25,6121.61,6157.936,14313611600,,akshare.stock_zh_index_daily,week1_data_engineer_20260707_20260707T140842,2026-07-07T14:09:03
000905,2023-04-28,6151.643,6245.55,6151.643,6241.244,16787648200,,akshare.stock_zh_index_daily,week1_data_engineer_20260707_20260707T140842,2026-07-07T14:09:03
000905,2023-05-04,6223.226,6264.516,6218.782,6262.389,20248797000,,akshare.stock_zh_index_daily,week1_data_engineer_20260707_20260707T140842,2026-07-07T14:09:03
000905,2023-05-05,6255.704,6256.229,6172.693,6200.576,17826101700,,akshare.stock_zh_index_daily,week1_data_engineer_20260707_20260707T140842,2026-07-07T14:09:03
000905,2023-05-08,6202.679,6259.687,6200.147,6248.583,20271825500,,akshare.stock_zh_index_daily,week1_data_engineer_20260707_20260707T140842,2026-07-07T14:09:03
000905,2023-05-09,6242.662,6274.898,6177.654,6181.976,22438946700,,akshare.stock_zh_index_daily,week1_data_engineer_20260707_20260707T140842,2026-07-07T14:09:03
000905,2023-05-10,6167.135,6199.161,6137.154,6173.809,17545372700,,akshare.stock_zh_index_daily,week1_data_engineer_20260707_20260707T140842,2026-07-07T14:09:03
000905,2023-05-11,6185.669,6190.391,6151.07,6154.47,14606494600,,akshare.stock_zh_index_daily,week1_data_engineer_20260707_20260707T140842,2026-07-07T14:09:03
000905,2023-05-12,6138.94,6173.912,6088.224,6091.646,14041066400,,akshare.stock_zh_index_daily,week1_data_engineer_20260707_20260707T140842,2026-07-07T14:09:03
000905,2023-05-15,6094.676,6159.389,6036.814,6159.389,14984358300,,akshare.stock_zh_index_daily,week1_data_engineer_20260707_20260707T140842,2026-07-07T14:09:03
000905,2023-05-16,6159.169,6159.169,6095.688,6110.827,12184111600,,akshare.stock_zh_index_daily,week1_data_engineer_20260707_20260707T140842,2026-07-07T14:09:03
000905,2023-05-17,6097.977,6137.017,6090.882,6122.052,10726634900,,akshare.stock_zh_index_daily,week1_data_engineer_20260707_20260707T140842,2026-07-07T14:09:03
000905,2023-05-18,6132.518,6153.992,6101.244,6128.176,12294211100,,akshare.stock_zh_index_daily,week1_data_engineer_20260707_20260707T140842,2026-07-07T14:09:03
000905,2023-05-19,6116.843,6149.143,6085.044,6117.083,11930489600,,akshare.stock_zh_index_daily,week1_data_engineer_20260707_20260707T140842,2026-07-07T14:09:03
000905,2023-05-22,6111.845,6136.863,6086.233,6115.315,11271568200,,akshare.stock_zh_index_daily,week1_data_engineer_20260707_20260707T140842,2026-07-07T14:09:03
000905,2023-05-23,6114.214,6117.36,6052.43,6052.43,11110424400,,akshare.stock_zh_index_daily,week1_data_engineer_20260707_20260707T140842,2026-07-07T14:09:03
000905,2023-05-24,6032.689,6058.395,5988.028,6005.791,10722341400,,akshare.stock_zh_index_daily,week1_data_engineer_20260707_20260707T140842,2026-07-07T14:09:03
000905,2023-05-25,6000.219,6028.639,5926.204,5988.189,10992283200,,akshare.stock_zh_index_daily,week1_data_engineer_20260707_20260707T140842,2026-07-07T14:09:03
000905,2023-05-26,5983.137,6045.129,5953.881,6034.983,10638158800,,akshare.stock_zh_index_daily,week1_data_engineer_20260707_20260707T140842,2026-07-07T14:09:03
000905,2023-05-29,6046.543,6058.921,6012.401,6025.155,12513941700,,akshare.stock_zh_index_daily,week1_data_engineer_20260707_20260707T140842,2026-07-07T14:09:03
000905,2023-05-30,6008.462,6061.309,5960.337,6061.309,12731201700,,akshare.stock_zh_index_daily,week1_data_engineer_20260707_20260707T140842,2026-07-07T14:09:03
000905,2023-05-31,6044.02,6063.193,6009.248,6047.802,11747610600,,akshare.stock_zh_index_daily,week1_data_engineer_20260707_20260707T140842,2026-07-07T14:09:03
000905,2023-06-01,6028.803,6094.24,6008.271,6051.46,12625031500,,akshare.stock_zh_index_daily,week1_data_engineer_20260707_20260707T140842,2026-07-07T14:09:03
000905,2023-06-02,6061.911,6115.068,6061.911,6105.218,12230673800,,akshare.stock_zh_index_daily,week1_data_engineer_20260707_20260707T140842,2026-07-07T14:09:03
000905,2023-06-05,6102.13,6107.121,6075.592,6097.106,11574795300,,akshare.stock_zh_index_daily,week1_data_engineer_20260707_20260707T140842,2026-07-07T14:09:03
000905,2023-06-06,6088.663,6089.075,5969.295,5983.42,12304538700,,akshare.stock_zh_index_daily,week1_data_engineer_20260707_20260707T140842,2026-07-07T14:09:03
000905,2023-06-07,5982.309,6010.03,5969.159,5987.011,9359789200,,akshare.stock_zh_index_daily,week1_data_engineer_20260707_20260707T140842,2026-07-07T14:09:03
000905,2023-06-08,5971.725,5992.969,5922.387,5966.148,10898163200,,akshare.stock_zh_index_daily,week1_data_engineer_20260707_20260707T140842,2026-07-07T14:09:03
000905,2023-06-09,5968.7,6017.281,5960.106,6009.583,12755343200,,akshare.stock_zh_index_daily,week1_data_engineer_20260707_20260707T140842,2026-07-07T14:09:03
000905,2023-06-12,5999.617,6045.659,5987.268,6027.712,11361247100,,akshare.stock_zh_index_daily,week1_data_engineer_20260707_20260707T140842,2026-07-07T14:09:03
000905,2023-06-13,6016.686,6047.06,6014.063,6044.037,9868029800,,akshare.stock_zh_index_daily,week1_data_engineer_20260707_20260707T140842,2026-07-07T14:09:03
000905,2023-06-14,6046.438,6064.29,6034.472,6044.077,10968902100,,akshare.stock_zh_index_daily,week1_data_engineer_20260707_20260707T140842,2026-07-07T14:09:03
000905,2023-06-15,6049.468,6100.234,6046.162,6096.808,11841773400,,akshare.stock_zh_index_daily,week1_data_engineer_20260707_20260707T140842,2026-07-07T14:09:03
000905,2023-06-16,6094.844,6154.932,6091.185,6148.013,11534956800,,akshare.stock_zh_index_daily,week1_data_engineer_20260707_20260707T140842,2026-07-07T14:09:03
000905,2023-06-19,6148.855,6148.855,6126.388,6131.385,11378720900,,akshare.stock_zh_index_daily,week1_data_engineer_20260707_20260707T140842,2026-07-07T14:09:03
000905,2023-06-20,6122.745,6144.007,6100.144,6126.113,10663083200,,akshare.stock_zh_index_daily,week1_data_engineer_20260707_20260707T140842,2026-07-07T14:09:03
000905,2023-06-21,6104.247,6104.247,5990.787,5990.846,10644776600,,akshare.stock_zh_index_daily,week1_data_engineer_20260707_20260707T140842,2026-07-07T14:09:03
000905,2023-06-26,5947.57,5970.611,5875.938,5887.032,11108179100,,akshare.stock_zh_index_daily,week1_data_engineer_20260707_20260707T140842,2026-07-07T14:09:03
000905,2023-06-27,5897.695,5956.181,5884.949,5948.003,9303915500,,akshare.stock_zh_index_daily,week1_data_engineer_20260707_20260707T140842,2026-07-07T14:09:03
000905,2023-06-28,5945.645,5951.127,5857.131,5942.311,9394430200,,akshare.stock_zh_index_daily,week1_data_engineer_20260707_20260707T140842,2026-07-07T14:09:03
000905,2023-06-29,5928.709,5964.858,5924.278,5940.578,8837685700,,akshare.stock_zh_index_daily,week1_data_engineer_20260707_20260707T140842,2026-07-07T14:09:03
000905,2023-06-30,5931.871,6016.446,5927.936,5998.729,9450466800,,akshare.stock_zh_index_daily,week1_data_engineer_20260707_20260707T140842,2026-07-07T14:09:03
000905,2023-07-03,6009.27,6056.163,5997.847,6042.312,11307590500,,akshare.stock_zh_index_daily,week1_data_engineer_20260707_20260707T140842,2026-07-07T14:09:03
000905,2023-07-04,6042.722,6059.573,6027.291,6055.258,10558376500,,akshare.stock_zh_index_daily,week1_data_engineer_20260707_20260707T140842,2026-07-07T14:09:03
000905,2023-07-05,6050.346,6059.379,6011.87,6020.821,10412904100,,akshare.stock_zh_index_daily,week1_data_engineer_20260707_20260707T140842,2026-07-07T14:09:03
000905,2023-07-06,6010.655,6042.295,5983.484,5988.553,9396503800,,akshare.stock_zh_index_daily,week1_data_engineer_20260707_20260707T140842,2026-07-07T14:09:03
000905,2023-07-07,5973.976,5994.283,5936.227,5961.606,9411834600,,akshare.stock_zh_index_daily,week1_data_engineer_20260707_20260707T140842,2026-07-07T14:09:03
000905,2023-07-10,5980.608,6003.402,5958.731,5984.281,8516856400,,akshare.stock_zh_index_daily,week1_data_engineer_20260707_20260707T140842,2026-07-07T14:09:03
000905,2023-07-11,5991.021,6029.232,5972.138,6029.232,8453189700,,akshare.stock_zh_index_daily,week1_data_engineer_20260707_20260707T140842,2026-07-07T14:09:03
000905,2023-07-12,6030.645,6033.583,5960.431,5962.794,9669224100,,akshare.stock_zh_index_daily,week1_data_engineer_20260707_20260707T140842,2026-07-07T14:09:03
000905,2023-07-13,5986.252,6049.063,5986.252,6044.058,9965639800,,akshare.stock_zh_index_daily,week1_data_engineer_20260707_20260707T140842,2026-07-07T14:09:03
000905,2023-07-14,6052.95,6055.528,6026.326,6030.519,9496319700,,akshare.stock_zh_index_daily,week1_data_engineer_20260707_20260707T140842,2026-07-07T14:09:03
000905,2023-07-17,6012.765,6018.069,5985.438,6012.69,8842021200,,akshare.stock_zh_index_daily,week1_data_engineer_20260707_20260707T140842,2026-07-07T14:09:03
000905,2023-07-18,6015.982,6027.606,5984.06,6001.8,8771991000,,akshare.stock_zh_index_daily,week1_data_engineer_20260707_20260707T140842,2026-07-07T14:09:03
000905,2023-07-19,5998.381,6017.449,5962.986,5993.413,7779103400,,akshare.stock_zh_index_daily,week1_data_engineer_20260707_20260707T140842,2026-07-07T14:09:03
000905,2023-07-20,5996.838,6009.427,5920.151,5925.484,9119536800,,akshare.stock_zh_index_daily,week1_data_engineer_20260707_20260707T140842,2026-07-07T14:09:03
000905,2023-07-21,5914.354,5961.05,5904.788,5925.626,8197530700,,akshare.stock_zh_index_daily,week1_data_engineer_20260707_20260707T140842,2026-07-07T14:09:03
000905,2023-07-24,5913.571,5954.237,5896.448,5916.714,7592800100,,akshare.stock_zh_index_daily,week1_data_engineer_20260707_20260707T140842,2026-07-07T14:09:03
000905,2023-07-25,5976.968,6016.754,5971.732,6016.631,13189639200,,akshare.stock_zh_index_daily,week1_data_engineer_20260707_20260707T140842,2026-07-07T14:09:03
000905,2023-07-26,6014.761,6015.583,5984.391,6001.54,12182521900,,akshare.stock_zh_index_daily,week1_data_engineer_20260707_20260707T140842,2026-07-07T14:09:03
000905,2023-07-27,5998.849,6017.671,5952.893,5961.184,12300082500,,akshare.stock_zh_index_daily,week1_data_engineer_20260707_20260707T140842,2026-07-07T14:09:03
000905,2023-07-28,5945.914,6049.764,5932.06,6043.244,16317187100,,akshare.stock_zh_index_daily,week1_data_engineer_20260707_20260707T140842,2026-07-07T14:09:03
000905,2023-07-31,6059.11,6133.718,6059.11,6088.243,18655110300,,akshare.stock_zh_index_daily,week1_data_engineer_20260707_20260707T140842,2026-07-07T14:09:03
000905,2023-08-01,6086.898,6113.984,6077.105,6098.879,18758860000,,akshare.stock_zh_index_daily,week1_data_engineer_20260707_20260707T140842,2026-07-07T14:09:03
000905,2023-08-02,6088.136,6111.244,6059.865,6077.465,14715452900,,akshare.stock_zh_index_daily,week1_data_engineer_20260707_20260707T140842,2026-07-07T14:09:03
000905,2023-08-03,6062.643,6101.811,6047.676,6098.687,14647901100,,akshare.stock_zh_index_daily,week1_data_engineer_20260707_20260707T140842,2026-07-07T14:09:03
000905,2023-08-04,6126.15,6164.155,6105.639,6128.556,19694350100,,akshare.stock_zh_index_daily,week1_data_engineer_20260707_20260707T140842,2026-07-07T14:09:03
000905,2023-08-07,6115.836,6117.916,6072.535,6090.731,14531913700,,akshare.stock_zh_index_daily,week1_data_engineer_20260707_20260707T140842,2026-07-07T14:09:03
000905,2023-08-08,6077.303,6088.098,6044.238,6066.102,12154572800,,akshare.stock_zh_index_daily,week1_data_engineer_20260707_20260707T140842,2026-07-07T14:09:03
000905,2023-08-09,6049.449,6062.024,6012.247,6021.751,9880917400,,akshare.stock_zh_index_daily,week1_data_engineer_20260707_20260707T140842,2026-07-07T14:09:03
000905,2023-08-10,6013.35,6040.461,5999.563,6031.711,9984263800,,akshare.stock_zh_index_daily,week1_data_engineer_20260707_20260707T140842,2026-07-07T14:09:03
000905,2023-08-11,6030.045,6030.045,5913.35,5913.35,11307200700,,akshare.stock_zh_index_daily,week1_data_engineer_20260707_20260707T140842,2026-07-07T14:09:03
000905,2023-08-14,5864.482,5919.804,5833.463,5916.803,10367570600,,akshare.stock_zh_index_daily,week1_data_engineer_20260707_20260707T140842,2026-07-07T14:09:03
000905,2023-08-15,5919.769,5926.42,5830.97,5879.778,9241738100,,akshare.stock_zh_index_daily,week1_data_engineer_20260707_20260707T140842,2026-07-07T14:09:03
000905,2023-08-16,5858.597,5891.812,5833.216,5833.216,10495042500,,akshare.stock_zh_index_daily,week1_data_engineer_20260707_20260707T140842,2026-07-07T14:09:03
000905,2023-08-17,5808.91,5882.151,5778.529,5874.361,11357638400,,akshare.stock_zh_index_daily,week1_data_engineer_20260707_20260707T140842,2026-07-07T14:09:03
000905,2023-08-18,5875.11,5891.398,5777.797,5777.797,10293184500,,akshare.stock_zh_index_daily,week1_data_engineer_20260707_20260707T140842,2026-07-07T14:09:03
000905,2023-08-21,5764.668,5802.512,5710.778,5710.778,9283569800,,akshare.stock_zh_index_daily,week1_data_engineer_20260707_20260707T140842,2026-07-07T14:09:03
000905,2023-08-22,5733.255,5754.575,5646.512,5741.061,10617519300,,akshare.stock_zh_index_daily,week1_data_engineer_20260707_20260707T140842,2026-07-07T14:09:03
000905,2023-08-23,5732.394,5732.394,5629.5,5629.5,9418672500,,akshare.stock_zh_index_daily,week1_data_engineer_20260707_20260707T140842,2026-07-07T14:09:03
000905,2023-08-24,5650.359,5701.321,5619.333,5652.673,10808677100,,akshare.stock_zh_index_daily,week1_data_engineer_20260707_20260707T140842,2026-07-07T14:09:03
000905,2023-08-25,5624.77,5648.624,5560.217,5581.212,10624160200,,akshare.stock_zh_index_daily,week1_data_engineer_20260707_20260707T140842,2026-07-07T14:09:03
000905,2023-08-28,5885.884,5887.509,5631.694,5644.141,18574561900,,akshare.stock_zh_index_daily,week1_data_engineer_20260707_20260707T140842,2026-07-07T14:09:03
000905,2023-08-29,5631.006,5789.962,5626.518,5770.316,16085189500,,akshare.stock_zh_index_daily,week1_data_engineer_20260707_20260707T140842,2026-07-07T14:09:03
000905,2023-08-30,5780.285,5817.734,5753.216,5775.153,13600438400,,akshare.stock_zh_index_daily,week1_data_engineer_20260707_20260707T140842,2026-07-07T14:09:03
000905,2023-08-31,5770.953,5777.422,5728.473,5739.398,11633513400,,akshare.stock_zh_index_daily,week1_data_engineer_20260707_20260707T140842,2026-07-07T14:09:03
000905,2023-09-01,5746.413,5775.177,5732.967,5750.803,10417910300,,akshare.stock_zh_index_daily,week1_data_engineer_20260707_20260707T140842,2026-07-07T14:09:03
000905,2023-09-04,5772.027,5829.784,5758.031,5829.784,13564887300,,akshare.stock_zh_index_daily,week1_data_engineer_20260707_20260707T140842,2026-07-07T14:09:03
000905,2023-09-05,5819.967,5822.062,5779.373,5788.715,10651765800,,akshare.stock_zh_index_daily,week1_data_engineer_20260707_20260707T140842,2026-07-07T14:09:03
000905,2023-09-06,5771.849,5800.965,5748.647,5790.381,9048050200,,akshare.stock_zh_index_daily,week1_data_engineer_20260707_20260707T140842,2026-07-07T14:09:03
000905,2023-09-07,5782.071,5782.071,5701.798,5702.701,9292051800,,akshare.stock_zh_index_daily,week1_data_engineer_20260707_20260707T140842,2026-07-07T14:09:03
000905,2023-09-08,5684.656,5732.375,5683.397,5708.623,7952002800,,akshare.stock_zh_index_daily,week1_data_engineer_20260707_20260707T140842,2026-07-07T14:09:03
000905,2023-09-11,5723.018,5802.205,5704.7,5774.731,11283713700,,akshare.stock_zh_index_daily,week1_data_engineer_20260707_20260707T140842,2026-07-07T14:09:03
000905,2023-09-12,5774.466,5793.829,5763.3,5770.926,8604120700,,akshare.stock_zh_index_daily,week1_data_engineer_20260707_20260707T140842,2026-07-07T14:09:03
000905,2023-09-13,5764.824,5770.414,5681.5,5715.397,9147247300,,akshare.stock_zh_index_daily,week1_data_engineer_20260707_20260707T140842,2026-07-07T14:09:03
000905,2023-09-14,5714.675,5721.207,5679.199,5702.102,9024779200,,akshare.stock_zh_index_daily,week1_data_engineer_20260707_20260707T140842,2026-07-07T14:09:03
000905,2023-09-15,5716.294,5741.071,5680.895,5704.663,9837596400,,akshare.stock_zh_index_daily,week1_data_engineer_20260707_20260707T140842,2026-07-07T14:09:03
000905,2023-09-18,5685.853,5734.186,5665.579,5719.689,9230572200,,akshare.stock_zh_index_daily,week1_data_engineer_20260707_20260707T140842,2026-07-07T14:09:03
000905,2023-09-19,5713.495,5713.6,5670.42,5687.901,8511210200,,akshare.stock_zh_index_daily,week1_data_engineer_20260707_20260707T140842,2026-07-07T14:09:03
000905,2023-09-20,5677.925,5689.825,5651.006,5651.006,7763415800,,akshare.stock_zh_index_daily,week1_data_engineer_20260707_20260707T140842,2026-07-07T14:09:03
000905,2023-09-21,5638.441,5666.696,5609.214,5611.919,8193150900,,akshare.stock_zh_index_daily,week1_data_engineer_20260707_20260707T140842,2026-07-07T14:09:03
000905,2023-09-22,5606.835,5700.323,5603.813,5698.817,10411898200,,akshare.stock_zh_index_daily,week1_data_engineer_20260707_20260707T140842,2026-07-07T14:09:03
000905,2023-09-25,5694.903,5699.154,5659.319,5666.664,9334071900,,akshare.stock_zh_index_daily,week1_data_engineer_20260707_20260707T140842,2026-07-07T14:09:03
000905,2023-09-26,5661.032,5682.279,5646.654,5646.654,7430961500,,akshare.stock_zh_index_daily,week1_data_engineer_20260707_20260707T140842,2026-07-07T14:09:03
000905,2023-09-27,5642.385,5701.508,5641.851,5674.345,8108624000,,akshare.stock_zh_index_daily,week1_data_engineer_20260707_20260707T140842,2026-07-07T14:09:03
000905,2023-09-28,5687.641,5704.623,5677.531,5690.77,7947733800,,akshare.stock_zh_index_daily,week1_data_engineer_20260707_20260707T140842,2026-07-07T14:09:03
000905,2023-10-09,5679.641,5680.952,5634.353,5658.083,9002983600,,akshare.stock_zh_index_daily,week1_data_engineer_20260707_20260707T140842,2026-07-07T14:09:03
000905,2023-10-10,5665.662,5678.463,5627.414,5630.371,8772642500,,akshare.stock_zh_index_daily,week1_data_engineer_20260707_20260707T140842,2026-07-07T14:09:03
000905,2023-10-11,5639.072,5674.254,5617.873,5629.789,9064482600,,akshare.stock_zh_index_daily,week1_data_engineer_20260707_20260707T140842,2026-07-07T14:09:03
000905,2023-10-12,5655.613,5677.819,5642.493,5671.642,10050298600,,akshare.stock_zh_index_daily,week1_data_engineer_20260707_20260707T140842,2026-07-07T14:09:03
000905,2023-10-13,5645.437,5646.074,5616.851,5633.383,8939170200,,akshare.stock_zh_index_daily,week1_data_engineer_20260707_20260707T140842,2026-07-07T14:09:03
000905,2023-10-16,5633.301,5636.319,5559.421,5580.667,8986755000,,akshare.stock_zh_index_daily,week1_data_engineer_20260707_20260707T140842,2026-07-07T14:09:03
000905,2023-10-17,5585.145,5599.424,5556.574,5595.342,9251673700,,akshare.stock_zh_index_daily,week1_data_engineer_20260707_20260707T140842,2026-07-07T14:09:03
000905,2023-10-18,5586.021,5586.021,5519.456,5524.599,9895356200,,akshare.stock_zh_index_daily,week1_data_engineer_20260707_20260707T140842,2026-07-07T14:09:03
000905,2023-10-19,5496.757,5529.87,5463.652,5464.027,10807833500,,akshare.stock_zh_index_daily,week1_data_engineer_20260707_20260707T140842,2026-07-07T14:09:03
000905,2023-10-20,5443.456,5473.211,5413.023,5423.675,9493611500,,akshare.stock_zh_index_daily,week1_data_engineer_20260707_20260707T140842,2026-07-07T14:09:03
000905,2023-10-23,5400.544,5400.794,5269.827,5290.334,10308312600,,akshare.stock_zh_index_daily,week1_data_engineer_20260707_20260707T140842,2026-07-07T14:09:03
000905,2023-10-24,5311.669,5363.195,5290.505,5352.012,11474572900,,akshare.stock_zh_index_daily,week1_data_engineer_20260707_20260707T140842,2026-07-07T14:09:03
000905,2023-10-25,5386.426,5423.014,5375.998,5375.998,11492124400,,akshare.stock_zh_index_daily,week1_data_engineer_20260707_20260707T140842,2026-07-07T14:09:03
000905,2023-10-26,5351.163,5404.992,5337.493,5398.934,10248504400,,akshare.stock_zh_index_daily,week1_data_engineer_20260707_20260707T140842,2026-07-07T14:09:03
000905,2023-10-27,5387.274,5514.308,5380.941,5492.027,11254280400,,akshare.stock_zh_index_daily,week1_data_engineer_20260707_20260707T140842,2026-07-07T14:09:03
000905,2023-10-30,5484.624,5559.785,5483.159,5546.388,12303418500,,akshare.stock_zh_index_daily,week1_data_engineer_20260707_20260707T140842,2026-07-07T14:09:03
000905,2023-10-31,5547.324,5554.19,5505.934,5528.239,10567937500,,akshare.stock_zh_index_daily,week1_data_engineer_20260707_20260707T140842,2026-07-07T14:09:03
000905,2023-11-01,5534.888,5534.943,5496.828,5509.966,8718578500,,akshare.stock_zh_index_daily,week1_data_engineer_20260707_20260707T140842,2026-07-07T14:09:03
000905,2023-11-02,5514.517,5532.851,5457.745,5459.452,9020264500,,akshare.stock_zh_index_daily,week1_data_engineer_20260707_20260707T140842,2026-07-07T14:09:03
000905,2023-11-03,5462.144,5537.729,5462.144,5510.357,9799057600,,akshare.stock_zh_index_daily,week1_data_engineer_20260707_20260707T140842,2026-07-07T14:09:03
000905,2023-11-06,5549.291,5609.258,5549.291,5605.062,13924104600,,akshare.stock_zh_index_daily,week1_data_engineer_20260707_20260707T140842,2026-07-07T14:09:03
000905,2023-11-07,5594.467,5631.1,5578.513,5611.098,12057932100,,akshare.stock_zh_index_daily,week1_data_engineer_20260707_20260707T140842,2026-07-07T14:09:03
000905,2023-11-08,5602.971,5633.971,5577.391,5608.017,12299455800,,akshare.stock_zh_index_daily,week1_data_engineer_20260707_20260707T140842,2026-07-07T14:09:03
000905,2023-11-09,5602.49,5638.081,5582.119,5592.057,10636280000,,akshare.stock_zh_index_daily,week1_data_engineer_20260707_20260707T140842,2026-07-07T14:09:03
000905,2023-11-10,5577.337,5585.212,5550.822,5573.1,9432402400,,akshare.stock_zh_index_daily,week1_data_engineer_20260707_20260707T140842,2026-07-07T14:09:03
000905,2023-11-13,5589.06,5605.569,5565.091,5605.569,10215893200,,akshare.stock_zh_index_daily,week1_data_engineer_20260707_20260707T140842,2026-07-07T14:09:03
000905,2023-11-14,5602.983,5639.188,5600.784,5630.553,10107313600,,akshare.stock_zh_index_daily,week1_data_engineer_20260707_20260707T140842,2026-07-07T14:09:03
000905,2023-11-15,5677.55,5684.747,5649.717,5664.617,11308793700,,akshare.stock_zh_index_daily,week1_data_engineer_20260707_20260707T140842,2026-07-07T14:09:03
000905,2023-11-16,5647.061,5652.4,5609.361,5609.361,9466267700,,akshare.stock_zh_index_daily,week1_data_engineer_20260707_20260707T140842,2026-07-07T14:09:03
000905,2023-11-17,5598.953,5632.389,5593.49,5631.423,8942234200,,akshare.stock_zh_index_daily,week1_data_engineer_20260707_20260707T140842,2026-07-07T14:09:03
000905,2023-11-20,5635.587,5669.385,5609.269,5659.773,10310507200,,akshare.stock_zh_index_daily,week1_data_engineer_20260707_20260707T140842,2026-07-07T14:09:03
000905,2023-11-21,5669.165,5696.094,5634.272,5641.084,11486120500,,akshare.stock_zh_index_daily,week1_data_engineer_20260707_20260707T140842,2026-07-07T14:09:03
000905,2023-11-22,5622.862,5639.004,5572.899,5572.899,10471840800,,akshare.stock_zh_index_daily,week1_data_engineer_20260707_20260707T140842,2026-07-07T14:09:03
000905,2023-11-23,5566.733,5627.795,5548.972,5622.989,9804243200,,akshare.stock_zh_index_daily,week1_data_engineer_20260707_20260707T140842,2026-07-07T14:09:03
000905,2023-11-24,5619.319,5619.319,5556.714,5570.421,10124804400,,akshare.stock_zh_index_daily,week1_data_engineer_20260707_20260707T140842,2026-07-07T14:09:03
000905,2023-11-27,5562.749,5579.715,5531.655,5566.507,9821865300,,akshare.stock_zh_index_daily,week1_data_engineer_20260707_20260707T140842,2026-07-07T14:09:03
000905,2023-11-28,5561.577,5594.718,5529.535,5591.496,8937327200,,akshare.stock_zh_index_daily,week1_data_engineer_20260707_20260707T140842,2026-07-07T14:09:03
000905,2023-11-29,5588.774,5593.371,5547.841,5553.335,8950915100,,akshare.stock_zh_index_daily,week1_data_engineer_20260707_20260707T140842,2026-07-07T14:09:03
000905,2023-11-30,5548.524,5560.328,5509.965,5545.05,8784150500,,akshare.stock_zh_index_daily,week1_data_engineer_20260707_20260707T140842,2026-07-07T14:09:03
000905,2023-12-01,5541.226,5576.728,5521.056,5566.869,9337170800,,akshare.stock_zh_index_daily,week1_data_engineer_20260707_20260707T140842,2026-07-07T14:09:03
000905,2023-12-04,5578.421,5590.835,5559.068,5559.068,9930654300,,akshare.stock_zh_index_daily,week1_data_engineer_20260707_20260707T140842,2026-07-07T14:09:03
000905,2023-12-05,5542.867,5542.867,5460.409,5460.409,9129824800,,akshare.stock_zh_index_daily,week1_data_engineer_20260707_20260707T140842,2026-07-07T14:09:03
000905,2023-12-06,5448.458,5513.086,5443.074,5481.824,8837399700,,akshare.stock_zh_index_daily,week1_data_engineer_20260707_20260707T140842,2026-07-07T14:09:03
000905,2023-12-07,5475.268,5501.478,5443.294,5481.136,8904868700,,akshare.stock_zh_index_daily,week1_data_engineer_20260707_20260707T140842,2026-07-07T14:09:03
000905,2023-12-08,5484.683,5522.058,5477.529,5497.99,11812377400,,akshare.stock_zh_index_daily,week1_data_engineer_20260707_20260707T140842,2026-07-07T14:09:03
000905,2023-12-11,5473.651,5574.124,5429.443,5564.854,11860591100,,akshare.stock_zh_index_daily,week1_data_engineer_20260707_20260707T140842,2026-07-07T14:09:03
000905,2023-12-12,5560.436,5576.009,5545.162,5566.178,8423233100,,akshare.stock_zh_index_daily,week1_data_engineer_20260707_20260707T140842,2026-07-07T14:09:03
000905,2023-12-13,5557.046,5558.057,5507.513,5507.513,7592989400,,akshare.stock_zh_index_daily,week1_data_engineer_20260707_20260707T140842,2026-07-07T14:09:03
000905,2023-12-14,5532.986,5557.372,5487.754,5489.327,7411809700,,akshare.stock_zh_index_daily,week1_data_engineer_20260707_20260707T140842,2026-07-07T14:09:03
000905,2023-12-15,5499.369,5516.22,5438.528,5449.786,8012541800,,akshare.stock_zh_index_daily,week1_data_engineer_20260707_20260707T140842,2026-07-07T14:09:03
000905,2023-12-18,5436.989,5448.077,5374.588,5385.27,7802249300,,akshare.stock_zh_index_daily,week1_data_engineer_20260707_20260707T140842,2026-07-07T14:09:03
000905,2023-12-19,5380.735,5406.959,5344.033,5379.874,7032372200,,akshare.stock_zh_index_daily,week1_data_engineer_20260707_20260707T140842,2026-07-07T14:09:03
000905,2023-12-20,5385.996,5388.463,5308.573,5309.287,7538709700,,akshare.stock_zh_index_daily,week1_data_engineer_20260707_20260707T140842,2026-07-07T14:09:03
000905,2023-12-21,5286.453,5352.505,5253.315,5338.762,8152231800,,akshare.stock_zh_index_daily,week1_data_engineer_20260707_20260707T140842,2026-07-07T14:09:03
000905,2023-12-22,5337.381,5366.235,5293.219,5311.69,9038700400,,akshare.stock_zh_index_daily,week1_data_engineer_20260707_20260707T140842,2026-07-07T14:09:03
000905,2023-12-25,5301.574,5339.664,5288.467,5315.375,6591877200,,akshare.stock_zh_index_daily,week1_data_engineer_20260707_20260707T140842,2026-07-07T14:09:03
000905,2023-12-26,5312.8,5313.919,5238.042,5258.284,6753200700,,akshare.stock_zh_index_daily,week1_data_engineer_20260707_20260707T140842,2026-07-07T14:09:03
000905,2023-12-27,5261.57,5293.797,5235.456,5285.53,7539791800,,akshare.stock_zh_index_daily,week1_data_engineer_20260707_20260707T140842,2026-07-07T14:09:03
000905,2023-12-28,5280.69,5400.236,5275.403,5382.797,10769923900,,akshare.stock_zh_index_daily,week1_data_engineer_20260707_20260707T140842,2026-07-07T14:09:03
000905,2023-12-29,5376.977,5437.154,5374.688,5429.229,9093176600,,akshare.stock_zh_index_daily,week1_data_engineer_20260707_20260707T140842,2026-07-07T14:09:03
000905,2024-01-02,5431.478,5439.478,5409.455,5409.455,9296474700,,akshare.stock_zh_index_daily,week1_data_engineer_20260707_20260707T140842,2026-07-07T14:09:03
000905,2024-01-03,5398.294,5428.52,5373.832,5401.395,8670522900,,akshare.stock_zh_index_daily,week1_data_engineer_20260707_20260707T140842,2026-07-07T14:09:03
000905,2024-01-04,5395.143,5395.143,5331.892,5355.322,7884656800,,akshare.stock_zh_index_daily,week1_data_engineer_20260707_20260707T140842,2026-07-07T14:09:03
000905,2024-01-05,5347.073,5373.679,5260.594,5281.871,8953888400,,akshare.stock_zh_index_daily,week1_data_engineer_20260707_20260707T140842,2026-07-07T14:09:03
000905,2024-01-08,5268.234,5268.979,5167.7,5167.7,8378515500,,akshare.stock_zh_index_daily,week1_data_engineer_20260707_20260707T140842,2026-07-07T14:09:03
000905,2024-01-09,5176.113,5220.458,5152.999,5180.653,7874041800,,akshare.stock_zh_index_daily,week1_data_engineer_20260707_20260707T140842,2026-07-07T14:09:03
000905,2024-01-10,5167.732,5211.816,5118.433,5158.078,7117394600,,akshare.stock_zh_index_daily,week1_data_engineer_20260707_20260707T140842,2026-07-07T14:09:03
000905,2024-01-11,5152.359,5243.139,5146.898,5223.863,8504129500,,akshare.stock_zh_index_daily,week1_data_engineer_20260707_20260707T140842,2026-07-07T14:09:03
000905,2024-01-12,5213.136,5262.617,5206.161,5206.178,7661983100,,akshare.stock_zh_index_daily,week1_data_engineer_20260707_20260707T140842,2026-07-07T14:09:03
000905,2024-01-15,5189.528,5238.958,5171.24,5193.296,7392509700,,akshare.stock_zh_index_daily,week1_data_engineer_20260707_20260707T140842,2026-07-07T14:09:03
000905,2024-01-16,5188.369,5210.083,5124.082,5190.398,8307037100,,akshare.stock_zh_index_daily,week1_data_engineer_20260707_20260707T140842,2026-07-07T14:09:03
000905,2024-01-17,5180.925,5180.925,5061.54,5061.54,7874184900,,akshare.stock_zh_index_daily,week1_data_engineer_20260707_20260707T140842,2026-07-07T14:09:03
000905,2024-01-18,5033.103,5069.23,4924.682,5066.958,11875105500,,akshare.stock_zh_index_daily,week1_data_engineer_20260707_20260707T140842,2026-07-07T14:09:03
000905,2024-01-19,5056.477,5084.29,5014.767,5018.433,7846738300,,akshare.stock_zh_index_daily,week1_data_engineer_20260707_20260707T140842,2026-07-07T14:09:03
000905,2024-01-22,5008.68,5008.767,4753.63,4780.975,10970849200,,akshare.stock_zh_index_daily,week1_data_engineer_20260707_20260707T140842,2026-07-07T14:09:03
000905,2024-01-23,4771.496,4889.422,4727.881,4865.743,9994471800,,akshare.stock_zh_index_daily,week1_data_engineer_20260707_20260707T140842,2026-07-07T14:09:03
000905,2024-01-24,4886.204,4941.44,4766.804,4933.701,11402580500,,akshare.stock_zh_index_daily,week1_data_engineer_20260707_20260707T140842,2026-07-07T14:09:03
000905,2024-01-25,4931.627,5074.494,4910.959,5073.178,13230776600,,akshare.stock_zh_index_daily,week1_data_engineer_20260707_20260707T140842,2026-07-07T14:09:03
000905,2024-01-26,5055.288,5086.129,5009.973,5027.093,11700983600,,akshare.stock_zh_index_daily,week1_data_engineer_20260707_20260707T140842,2026-07-07T14:09:03
000905,2024-01-29,5032.111,5050.109,4927.914,4927.914,11687665700,,akshare.stock_zh_index_daily,week1_data_engineer_20260707_20260707T140842,2026-07-07T14:09:03
000905,2024-01-30,4898.361,4939.351,4810.099,4814.991,9967581100,,akshare.stock_zh_index_daily,week1_data_engineer_20260707_20260707T140842,2026-07-07T14:09:03
000905,2024-01-31,4786.813,4832.401,4690.943,4696.98,12109315800,,akshare.stock_zh_index_daily,week1_data_engineer_20260707_20260707T140842,2026-07-07T14:09:03
000905,2024-02-01,4667.913,4771.047,4629.99,4678.731,11147191000,,akshare.stock_zh_index_daily,week1_data_engineer_20260707_20260707T140842,2026-07-07T14:09:03
000905,2024-02-02,4686.1,4724.049,4435.557,4563.222,13750183200,,akshare.stock_zh_index_daily,week1_data_engineer_20260707_20260707T140842,2026-07-07T14:09:03
000905,2024-02-05,4527.709,4598.061,4281.24,4460.264,16595833700,,akshare.stock_zh_index_daily,week1_data_engineer_20260707_20260707T140842,2026-07-07T14:09:03
000905,2024-02-06,4411.298,4817.118,4405.309,4805.901,17305833500,,akshare.stock_zh_index_daily,week1_data_engineer_20260707_20260707T140842,2026-07-07T14:09:03
000905,2024-02-07,4813.955,5110.804,4813.233,5109.569,22719893400,,akshare.stock_zh_index_daily,week1_data_engineer_20260707_20260707T140842,2026-07-07T14:09:03
000905,2024-02-08,5131.803,5367.224,5129.784,5150.229,21367612300,,akshare.stock_zh_index_daily,week1_data_engineer_20260707_20260707T140842,2026-07-07T14:09:03
000905,2024-02-19,5225.138,5225.138,5074.761,5141.604,16294989300,,akshare.stock_zh_index_daily,week1_data_engineer_20260707_20260707T140842,2026-07-07T14:09:03
000905,2024-02-20,5107.568,5151.72,5072.884,5140.958,12164637900,,akshare.stock_zh_index_daily,week1_data_engineer_20260707_20260707T140842,2026-07-07T14:09:03
000905,2024-02-21,5101.411,5252.879,5074.822,5139.037,15087250100,,akshare.stock_zh_index_daily,week1_data_engineer_20260707_20260707T140842,2026-07-07T14:09:03
000905,2024-02-22,5133.548,5184.623,5117.68,5176.343,11661480600,,akshare.stock_zh_index_daily,week1_data_engineer_20260707_20260707T140842,2026-07-07T14:09:03
000905,2024-02-23,5190.647,5197.712,5118.568,5197.712,13526500400,,akshare.stock_zh_index_daily,week1_data_engineer_20260707_20260707T140842,2026-07-07T14:09:03
000905,2024-02-26,5194.737,5255.362,5162.95,5195.464,14401894400,,akshare.stock_zh_index_daily,week1_data_engineer_20260707_20260707T140842,2026-07-07T14:09:03
000905,2024-02-27,5174.819,5307.804,5160.878,5307.804,13897175100,,akshare.stock_zh_index_daily,week1_data_engineer_20260707_20260707T140842,2026-07-07T14:09:03
000905,2024-02-28,5311.425,5383.319,5184.047,5184.047,20256098500,,akshare.stock_zh_index_daily,week1_data_engineer_20260707_20260707T140842,2026-07-07T14:09:03
000905,2024-02-29,5154.149,5349.768,5154.149,5346.793,16079016500,,akshare.stock_zh_index_daily,week1_data_engineer_20260707_20260707T140842,2026-07-07T14:09:03
000905,2024-03-01,5350.857,5387.784,5321.559,5379.048,14229839500,,akshare.stock_zh_index_daily,week1_data_engineer_20260707_20260707T140842,2026-07-07T14:09:03
000905,2024-03-04,5386.944,5400.123,5325.964,5388.82,14392846900,,akshare.stock_zh_index_daily,week1_data_engineer_20260707_20260707T140842,2026-07-07T14:09:03
000905,2024-03-05,5358.221,5382.983,5329.97,5351.827,14081647900,,akshare.stock_zh_index_daily,week1_data_engineer_20260707_20260707T140842,2026-07-07T14:09:03
000905,2024-03-06,5332.833,5405.491,5293.952,5350.102,12109956400,,akshare.stock_zh_index_daily,week1_data_engineer_20260707_20260707T140842,2026-07-07T14:09:03
000905,2024-03-07,5354.334,5384.657,5277.299,5277.299,13983134200,,akshare.stock_zh_index_daily,week1_data_engineer_20260707_20260707T140842,2026-07-07T14:09:03
000905,2024-03-08,5282.408,5361.71,5268.53,5349.595,12146797800,,akshare.stock_zh_index_daily,week1_data_engineer_20260707_20260707T140842,2026-07-07T14:09:03
000905,2024-03-11,5342.178,5443.042,5339.261,5441.051,14298173200,,akshare.stock_zh_index_daily,week1_data_engineer_20260707_20260707T140842,2026-07-07T14:09:03
000905,2024-03-12,5445.878,5473.29,5385.14,5423.718,14707253600,,akshare.stock_zh_index_daily,week1_data_engineer_20260707_20260707T140842,2026-07-07T14:09:03
000905,2024-03-13,5430.044,5459.322,5389.525,5415.113,12974630100,,akshare.stock_zh_index_daily,week1_data_engineer_20260707_20260707T140842,2026-07-07T14:09:03
000905,2024-03-14,5415.15,5447.542,5352.12,5392.927,13188735700,,akshare.stock_zh_index_daily,week1_data_engineer_20260707_20260707T140842,2026-07-07T14:09:03
000905,2024-03-15,5380.019,5456.734,5357.18,5454.146,13640503000,,akshare.stock_zh_index_daily,week1_data_engineer_20260707_20260707T140842,2026-07-07T14:09:03
000905,2024-03-18,5472.315,5528.447,5459.545,5528.447,15986263800,,akshare.stock_zh_index_daily,week1_data_engineer_20260707_20260707T140842,2026-07-07T14:09:03
000905,2024-03-19,5514.55,5533.639,5477.117,5478.225,14677724000,,akshare.stock_zh_index_daily,week1_data_engineer_20260707_20260707T140842,2026-07-07T14:09:03
000905,2024-03-20,5469.606,5499.238,5455.761,5493.414,12627326200,,akshare.stock_zh_index_daily,week1_data_engineer_20260707_20260707T140842,2026-07-07T14:09:03
000905,2024-03-21,5505.699,5517.457,5454.231,5465.829,12948945800,,akshare.stock_zh_index_daily,week1_data_engineer_20260707_20260707T140842,2026-07-07T14:09:03
000905,2024-03-22,5454.414,5463.541,5356.108,5384.566,13709602900,,akshare.stock_zh_index_daily,week1_data_engineer_20260707_20260707T140842,2026-07-07T14:09:03
000905,2024-03-25,5369.776,5401.598,5292.637,5294.746,13077825400,,akshare.stock_zh_index_daily,week1_data_engineer_20260707_20260707T140842,2026-07-07T14:09:03
000905,2024-03-26,5291.523,5318.876,5237.899,5284.419,11646811200,,akshare.stock_zh_index_daily,week1_data_engineer_20260707_20260707T140842,2026-07-07T14:09:03
000905,2024-03-27,5280.733,5282.695,5156.684,5156.684,11010714200,,akshare.stock_zh_index_daily,week1_data_engineer_20260707_20260707T140842,2026-07-07T14:09:03
000905,2024-03-28,5156.48,5276.638,5156.48,5223.806,11631819200,,akshare.stock_zh_index_daily,week1_data_engineer_20260707_20260707T140842,2026-07-07T14:09:03
000905,2024-03-29,5220.552,5287.038,5211.195,5286.161,10904714900,,akshare.stock_zh_index_daily,week1_data_engineer_20260707_20260707T140842,2026-07-07T14:09:03
000905,2024-04-01,5309.833,5401.78,5309.833,5401.225,13673485400,,akshare.stock_zh_index_daily,week1_data_engineer_20260707_20260707T140842,2026-07-07T14:09:03
000905,2024-04-02,5395.481,5402.16,5353.312,5381.229,13214864200,,akshare.stock_zh_index_daily,week1_data_engineer_20260707_20260707T140842,2026-07-07T14:09:03
000905,2024-04-03,5373.502,5386.342,5350.16,5374.595,13362805300,,akshare.stock_zh_index_daily,week1_data_engineer_20260707_20260707T140842,2026-07-07T14:09:03
000905,2024-04-08,5358.957,5383.659,5297.559,5298.591,14858855900,,akshare.stock_zh_index_daily,week1_data_engineer_20260707_20260707T140842,2026-07-07T14:09:03
000905,2024-04-09,5294.474,5342.898,5284.956,5342.898,11330074500,,akshare.stock_zh_index_daily,week1_data_engineer_20260707_20260707T140842,2026-07-07T14:09:03
000905,2024-04-10,5335.73,5335.73,5242.863,5275.473,11790861800,,akshare.stock_zh_index_daily,week1_data_engineer_20260707_20260707T140842,2026-07-07T14:09:03
000905,2024-04-11,5244.054,5353.809,5240.51,5301.809,12774514300,,akshare.stock_zh_index_daily,week1_data_engineer_20260707_20260707T140842,2026-07-07T14:09:03
000905,2024-04-12,5307.723,5336.448,5270.462,5277.219,11852493300,,akshare.stock_zh_index_daily,week1_data_engineer_20260707_20260707T140842,2026-07-07T14:09:03
000905,2024-04-15,5270.042,5376.048,5219.429,5339.722,15921762400,,akshare.stock_zh_index_daily,week1_data_engineer_20260707_20260707T140842,2026-07-07T14:09:03
000905,2024-04-16,5309.101,5346.762,5184.654,5191.554,16258397300,,akshare.stock_zh_index_daily,week1_data_engineer_20260707_20260707T140842,2026-07-07T14:09:03
000905,2024-04-17,5211.249,5339.747,5211.249,5339.747,14759455200,,akshare.stock_zh_index_daily,week1_data_engineer_20260707_20260707T140842,2026-07-07T14:09:03
000905,2024-04-18,5317.799,5410.696,5299.229,5349.836,15349768200,,akshare.stock_zh_index_daily,week1_data_engineer_20260707_20260707T140842,2026-07-07T14:09:03
000905,2024-04-19,5322.359,5369.954,5292.016,5314.867,14213421600,,akshare.stock_zh_index_daily,week1_data_engineer_20260707_20260707T140842,2026-07-07T14:09:03
000905,2024-04-22,5289.407,5340.631,5264.186,5267.581,13526688200,,akshare.stock_zh_index_daily,week1_data_engineer_20260707_20260707T140842,2026-07-07T14:09:03
000905,2024-04-23,5257.766,5280.059,5196.955,5208.271,12580112000,,akshare.stock_zh_index_daily,week1_data_engineer_20260707_20260707T140842,2026-07-07T14:09:03
000905,2024-04-24,5210.183,5263.039,5183.701,5263.039,11729722000,,akshare.stock_zh_index_daily,week1_data_engineer_20260707_20260707T140842,2026-07-07T14:09:03
000905,2024-04-25,5240.482,5297.163,5229.825,5259.335,11083392900,,akshare.stock_zh_index_daily,week1_data_engineer_20260707_20260707T140842,2026-07-07T14:09:03
000905,2024-04-26,5258.385,5379.671,5258.385,5372.121,17377770100,,akshare.stock_zh_index_daily,week1_data_engineer_20260707_20260707T140842,2026-07-07T14:09:03
000905,2024-04-29,5371.212,5488.278,5371.212,5478.491,19093605500,,akshare.stock_zh_index_daily,week1_data_engineer_20260707_20260707T140842,2026-07-07T14:09:03
000905,2024-04-30,5471.168,5478.035,5436.575,5441.141,16279734400,,akshare.stock_zh_index_daily,week1_data_engineer_20260707_20260707T140842,2026-07-07T14:09:03
000905,2024-05-06,5498.444,5535.949,5496.907,5528.604,16579162600,,akshare.stock_zh_index_daily,week1_data_engineer_20260707_20260707T140842,2026-07-07T14:09:03
000905,2024-05-07,5532.323,5543.125,5507.501,5527.085,13653540200,,akshare.stock_zh_index_daily,week1_data_engineer_20260707_20260707T140842,2026-07-07T14:09:03
000905,2024-05-08,5516.448,5516.448,5454.874,5458.756,12395562100,,akshare.stock_zh_index_daily,week1_data_engineer_20260707_20260707T140842,2026-07-07T14:09:03
000905,2024-05-09,5461.36,5568.732,5461.36,5556.771,13112123000,,akshare.stock_zh_index_daily,week1_data_engineer_20260707_20260707T140842,2026-07-07T14:09:03
000905,2024-05-10,5562.193,5570.565,5497.497,5535.395,12868803000,,akshare.stock_zh_index_daily,week1_data_engineer_20260707_20260707T140842,2026-07-07T14:09:03
000905,2024-05-13,5503.129,5527.2,5462.508,5505.26,13162758800,,akshare.stock_zh_index_daily,week1_data_engineer_20260707_20260707T140842,2026-07-07T14:09:03
000905,2024-05-14,5508.466,5538.743,5484.964,5500.738,11899439900,,akshare.stock_zh_index_daily,week1_data_engineer_20260707_20260707T140842,2026-07-07T14:09:03
000905,2024-05-15,5495.557,5497.084,5441.355,5446.656,11012498900,,akshare.stock_zh_index_daily,week1_data_engineer_20260707_20260707T140842,2026-07-07T14:09:03
000905,2024-05-16,5461.108,5475.374,5408.125,5424.665,12210811900,,akshare.stock_zh_index_daily,week1_data_engineer_20260707_20260707T140842,2026-07-07T14:09:03
000905,2024-05-17,5418.658,5493.201,5409.705,5491.894,12691616800,,akshare.stock_zh_index_daily,week1_data_engineer_20260707_20260707T140842,2026-07-07T14:09:03
000905,2024-05-20,5496.79,5536.662,5484.358,5523.501,14497144800,,akshare.stock_zh_index_daily,week1_data_engineer_20260707_20260707T140842,2026-07-07T14:09:03
000905,2024-05-21,5511.484,5513.424,5460.975,5478.913,10869119200,,akshare.stock_zh_index_daily,week1_data_engineer_20260707_20260707T140842,2026-07-07T14:09:03
000905,2024-05-22,5472.01,5486.305,5455.077,5468.607,11305778200,,akshare.stock_zh_index_daily,week1_data_engineer_20260707_20260707T140842,2026-07-07T14:09:03
000905,2024-05-23,5448.94,5448.94,5352.393,5362.305,12665756900,,akshare.stock_zh_index_daily,week1_data_engineer_20260707_20260707T140842,2026-07-07T14:09:03
000905,2024-05-24,5348.51,5400.159,5311.489,5313.455,10656417500,,akshare.stock_zh_index_daily,week1_data_engineer_20260707_20260707T140842,2026-07-07T14:09:03
000905,2024-05-27,5325.851,5373.112,5284.506,5371.369,11564322900,,akshare.stock_zh_index_daily,week1_data_engineer_20260707_20260707T140842,2026-07-07T14:09:03
000905,2024-05-28,5363.33,5365.473,5310.318,5316.129,11096537300,,akshare.stock_zh_index_daily,week1_data_engineer_20260707_20260707T140842,2026-07-07T14:09:03
000905,2024-05-29,5308.593,5361.744,5305.963,5328.306,10436126700,,akshare.stock_zh_index_daily,week1_data_engineer_20260707_20260707T140842,2026-07-07T14:09:03
000905,2024-05-30,5316.398,5349.688,5296.493,5308.66,10735018700,,akshare.stock_zh_index_daily,week1_data_engineer_20260707_20260707T140842,2026-07-07T14:09:03
000905,2024-05-31,5310.722,5357.021,5308.54,5308.54,10415114700,,akshare.stock_zh_index_daily,week1_data_engineer_20260707_20260707T140842,2026-07-07T14:09:03
000905,2024-06-03,5300.787,5316.335,5232.688,5274.069,12696851500,,akshare.stock_zh_index_daily,week1_data_engineer_20260707_20260707T140842,2026-07-07T14:09:03
000905,2024-06-04,5263.226,5352.284,5247.584,5341.95,10808314400,,akshare.stock_zh_index_daily,week1_data_engineer_20260707_20260707T140842,2026-07-07T14:09:03
000905,2024-06-05,5328.868,5347.43,5277.941,5277.941,10579275700,,akshare.stock_zh_index_daily,week1_data_engineer_20260707_20260707T140842,2026-07-07T14:09:03
000905,2024-06-06,5291.521,5305.878,5213.662,5228.8,13336823100,,akshare.stock_zh_index_daily,week1_data_engineer_20260707_20260707T140842,2026-07-07T14:09:03
000905,2024-06-07,5247.146,5258.818,5172.051,5208.98,11352747800,,akshare.stock_zh_index_daily,week1_data_engineer_20260707_20260707T140842,2026-07-07T14:09:03
000905,2024-06-11,5182.413,5232.85,5159.334,5217.47,11643711600,,akshare.stock_zh_index_daily,week1_data_engineer_20260707_20260707T140842,2026-07-07T14:09:03
000905,2024-06-12,5209.134,5245.991,5205.572,5232.953,10306556900,,akshare.stock_zh_index_daily,week1_data_engineer_20260707_20260707T140842,2026-07-07T14:09:03
000905,2024-06-13,5231.91,5233.795,5182.742,5194.59,11823276400,,akshare.stock_zh_index_daily,week1_data_engineer_20260707_20260707T140842,2026-07-07T14:09:03
000905,2024-06-14,5180.289,5235.878,5163.384,5213.093,13399862000,,akshare.stock_zh_index_daily,week1_data_engineer_20260707_20260707T140842,2026-07-07T14:09:03
000905,2024-06-17,5189.284,5223.589,5184.599,5207.128,10797066400,,akshare.stock_zh_index_daily,week1_data_engineer_20260707_20260707T140842,2026-07-07T14:09:03
000905,2024-06-18,5207.978,5243.587,5204.971,5230.891,9409090300,,akshare.stock_zh_index_daily,week1_data_engineer_20260707_20260707T140842,2026-07-07T14:09:03
000905,2024-06-19,5235.476,5236.302,5168.82,5168.82,8784959000,,akshare.stock_zh_index_daily,week1_data_engineer_20260707_20260707T140842,2026-07-07T14:09:03
000905,2024-06-20,5162.161,5184.747,5092.287,5094.565,9560900300,,akshare.stock_zh_index_daily,week1_data_engineer_20260707_20260707T140842,2026-07-07T14:09:03
000905,2024-06-21,5079.923,5128.138,5071.655,5102.329,8383890700,,akshare.stock_zh_index_daily,week1_data_engineer_20260707_20260707T140842,2026-07-07T14:09:03
000905,2024-06-24,5072.803,5078.955,4986.768,4992.91,10018664600,,akshare.stock_zh_index_daily,week1_data_engineer_20260707_20260707T140842,2026-07-07T14:09:03
000905,2024-06-25,4989.071,5007.336,4918.039,4948.634,9163677900,,akshare.stock_zh_index_daily,week1_data_engineer_20260707_20260707T140842,2026-07-07T14:09:03
000905,2024-06-26,4942.165,5024.768,4915.664,5020.432,9339462100,,akshare.stock_zh_index_daily,week1_data_engineer_20260707_20260707T140842,2026-07-07T14:09:03
000905,2024-06-27,4998.994,5000.175,4925.16,4928.051,8853718700,,akshare.stock_zh_index_daily,week1_data_engineer_20260707_20260707T140842,2026-07-07T14:09:03
000905,2024-06-28,4914.669,5003.409,4914.547,4942.782,10630834200,,akshare.stock_zh_index_daily,week1_data_engineer_20260707_20260707T140842,2026-07-07T14:09:03
000905,2024-07-01,4943.787,5017.61,4929.087,5003.161,9731279300,,akshare.stock_zh_index_daily,week1_data_engineer_20260707_20260707T140842,2026-07-07T14:09:03
000905,2024-07-02,5000.576,5002.742,4934.117,4949.477,9620933400,,akshare.stock_zh_index_daily,week1_data_engineer_20260707_20260707T140842,2026-07-07T14:09:03
000905,2024-07-03,4945.399,4950.515,4905.39,4910.925,8452833100,,akshare.stock_zh_index_daily,week1_data_engineer_20260707_20260707T140842,2026-07-07T14:09:03
000905,2024-07-04,4917.441,4935.606,4827.342,4834.498,9100846600,,akshare.stock_zh_index_daily,week1_data_engineer_20260707_20260707T140842,2026-07-07T14:09:03
000905,2024-07-05,4828.863,4877.933,4794.129,4866.265,8313327900,,akshare.stock_zh_index_daily,week1_data_engineer_20260707_20260707T140842,2026-07-07T14:09:03
000905,2024-07-08,4857.025,4857.266,4768.564,4783.617,9025450000,,akshare.stock_zh_index_daily,week1_data_engineer_20260707_20260707T140842,2026-07-07T14:09:03
000905,2024-07-09,4775.313,4888.482,4745.317,4876.899,11140196800,,akshare.stock_zh_index_daily,week1_data_engineer_20260707_20260707T140842,2026-07-07T14:09:03
000905,2024-07-10,4857.483,4891.373,4836.17,4844.162,10095318600,,akshare.stock_zh_index_daily,week1_data_engineer_20260707_20260707T140842,2026-07-07T14:09:03
000905,2024-07-11,4902.811,4941.702,4871.172,4939.732,11527549400,,akshare.stock_zh_index_daily,week1_data_engineer_20260707_20260707T140842,2026-07-07T14:09:03
000905,2024-07-12,4926.981,4937.347,4905.797,4919.364,9717510600,,akshare.stock_zh_index_daily,week1_data_engineer_20260707_20260707T140842,2026-07-07T14:09:03
000905,2024-07-15,4903.516,4903.516,4868.743,4883.897,8682431200,,akshare.stock_zh_index_daily,week1_data_engineer_20260707_20260707T140842,2026-07-07T14:09:03
000905,2024-07-16,4877.601,4907.832,4850.432,4898.363,8726797800,,akshare.stock_zh_index_daily,week1_data_engineer_20260707_20260707T140842,2026-07-07T14:09:03
000905,2024-07-17,4893.414,4900.36,4853.603,4856.579,9690954700,,akshare.stock_zh_index_daily,week1_data_engineer_20260707_20260707T140842,2026-07-07T14:09:03
000905,2024-07-18,4822.13,4879.693,4793.429,4877.692,9665475000,,akshare.stock_zh_index_daily,week1_data_engineer_20260707_20260707T140842,2026-07-07T14:09:03
000905,2024-07-19,4853.042,4900.379,4842.93,4872.053,9329074600,,akshare.stock_zh_index_daily,week1_data_engineer_20260707_20260707T140842,2026-07-07T14:09:03
000905,2024-07-22,4872.636,4885.364,4839.112,4865.978,9271045800,,akshare.stock_zh_index_daily,week1_data_engineer_20260707_20260707T140842,2026-07-07T14:09:03
000905,2024-07-23,4862.971,4862.971,4722.799,4722.799,10240371200,,akshare.stock_zh_index_daily,week1_data_engineer_20260707_20260707T140842,2026-07-07T14:09:03
000905,2024-07-24,4712.287,4738.762,4661.827,4668.062,11267463500,,akshare.stock_zh_index_daily,week1_data_engineer_20260707_20260707T140842,2026-07-07T14:09:03
000905,2024-07-25,4644.422,4710.463,4635.244,4665.449,8860007400,,akshare.stock_zh_index_daily,week1_data_engineer_20260707_20260707T140842,2026-07-07T14:09:03
000905,2024-07-26,4670.446,4744.454,4670.446,4736.377,8647204900,,akshare.stock_zh_index_daily,week1_data_engineer_20260707_20260707T140842,2026-07-07T14:09:03
000905,2024-07-29,4740.499,4742.148,4702.98,4708.844,8110203900,,akshare.stock_zh_index_daily,week1_data_engineer_20260707_20260707T140842,2026-07-07T14:09:03
000905,2024-07-30,4694.525,4712.042,4650.559,4699.282,8335338200,,akshare.stock_zh_index_daily,week1_data_engineer_20260707_20260707T140842,2026-07-07T14:09:03
000905,2024-07-31,4694.729,4887.919,4687.046,4886.414,14318091900,,akshare.stock_zh_index_daily,week1_data_engineer_20260707_20260707T140842,2026-07-07T14:09:03
000905,2024-08-01,4893.871,4928.241,4834.654,4852.973,11321339300,,akshare.stock_zh_index_daily,week1_data_engineer_20260707_20260707T140842,2026-07-07T14:09:03
000905,2024-08-02,4816.937,4874.711,4783.115,4788.616,9852984400,,akshare.stock_zh_index_daily,week1_data_engineer_20260707_20260707T140842,2026-07-07T14:09:03
000905,2024-08-05,4756.076,4846.542,4693.817,4693.848,11333814800,,akshare.stock_zh_index_daily,week1_data_engineer_20260707_20260707T140842,2026-07-07T14:09:03
000905,2024-08-06,4740.454,4774.928,4699.177,4750.776,10777477000,,akshare.stock_zh_index_daily,week1_data_engineer_20260707_20260707T140842,2026-07-07T14:09:03
000905,2024-08-07,4747.98,4783.42,4719.938,4751.941,9698948100,,akshare.stock_zh_index_daily,week1_data_engineer_20260707_20260707T140842,2026-07-07T14:09:03
000905,2024-08-08,4737.093,4791.659,4701.786,4755.815,10430925300,,akshare.stock_zh_index_daily,week1_data_engineer_20260707_20260707T140842,2026-07-07T14:09:03
000905,2024-08-09,4778.257,4805.099,4720.31,4720.31,10881958600,,akshare.stock_zh_index_daily,week1_data_engineer_20260707_20260707T140842,2026-07-07T14:09:03
000905,2024-08-12,4716.961,4737.191,4696.053,4714.159,8910083200,,akshare.stock_zh_index_daily,week1_data_engineer_20260707_20260707T140842,2026-07-07T14:09:03
000905,2024-08-13,4713.96,4731.835,4680.588,4731.835,8136517300,,akshare.stock_zh_index_daily,week1_data_engineer_20260707_20260707T140842,2026-07-07T14:09:03
000905,2024-08-14,4729.815,4730.237,4667.073,4667.073,7458803000,,akshare.stock_zh_index_daily,week1_data_engineer_20260707_20260707T140842,2026-07-07T14:09:03
000905,2024-08-15,4656.695,4746.41,4647.795,4698.375,9097329300,,akshare.stock_zh_index_daily,week1_data_engineer_20260707_20260707T140842,2026-07-07T14:09:03
000905,2024-08-16,4703.604,4708.019,4662.113,4670.379,8737958000,,akshare.stock_zh_index_daily,week1_data_engineer_20260707_20260707T140842,2026-07-07T14:09:03
000905,2024-08-19,4666.331,4729.874,4666.258,4682.963,8713686700,,akshare.stock_zh_index_daily,week1_data_engineer_20260707_20260707T140842,2026-07-07T14:09:03
000905,2024-08-20,4684.295,4686.363,4590.391,4602.01,9184614600,,akshare.stock_zh_index_daily,week1_data_engineer_20260707_20260707T140842,2026-07-07T14:09:03
000905,2024-08-21,4589.089,4610.867,4582.265,4587.122,8352691000,,akshare.stock_zh_index_daily,week1_data_engineer_20260707_20260707T140842,2026-07-07T14:09:03
000905,2024-08-22,4589.496,4595.05,4526.25,4533.37,8585686800,,akshare.stock_zh_index_daily,week1_data_engineer_20260707_20260707T140842,2026-07-07T14:09:03
000905,2024-08-23,4523.991,4549.303,4513.204,4537.087,7577836400,,akshare.stock_zh_index_daily,week1_data_engineer_20260707_20260707T140842,2026-07-07T14:09:03
000905,2024-08-26,4542.856,4558.592,4523.727,4544.359,8711829600,,akshare.stock_zh_index_daily,week1_data_engineer_20260707_20260707T140842,2026-07-07T14:09:03
000905,2024-08-27,4532.486,4532.486,4487.092,4495.286,8252920500,,akshare.stock_zh_index_daily,week1_data_engineer_20260707_20260707T140842,2026-07-07T14:09:03
000905,2024-08-28,4486.431,4527.769,4482.032,4500.009,8268119900,,akshare.stock_zh_index_daily,week1_data_engineer_20260707_20260707T140842,2026-07-07T14:09:03
000905,2024-08-29,4483.553,4577.792,4475.223,4557.901,10311556200,,akshare.stock_zh_index_daily,week1_data_engineer_20260707_20260707T140842,2026-07-07T14:09:03
000905,2024-08-30,4557.501,4704.341,4548.383,4639.114,15159336100,,akshare.stock_zh_index_daily,week1_data_engineer_20260707_20260707T140842,2026-07-07T14:09:03
000905,2024-09-02,4631.9,4632.311,4546.839,4546.883,12636851700,,akshare.stock_zh_index_daily,week1_data_engineer_20260707_20260707T140842,2026-07-07T14:09:03
000905,2024-09-03,4543.22,4612.283,4543.22,4596.482,9858968600,,akshare.stock_zh_index_daily,week1_data_engineer_20260707_20260707T140842,2026-07-07T14:09:03
000905,2024-09-04,4567.686,4623.378,4552.304,4582.084,9243568500,,akshare.stock_zh_index_daily,week1_data_engineer_20260707_20260707T140842,2026-07-07T14:09:03
000905,2024-09-05,4585.168,4630.639,4582.054,4601.091,8058372300,,akshare.stock_zh_index_daily,week1_data_engineer_20260707_20260707T140842,2026-07-07T14:09:03
000905,2024-09-06,4609.342,4613.31,4535.349,4537.454,9014759600,,akshare.stock_zh_index_daily,week1_data_engineer_20260707_20260707T140842,2026-07-07T14:09:03
000905,2024-09-09,4517.566,4541.794,4487.843,4507.187,9194460800,,akshare.stock_zh_index_daily,week1_data_engineer_20260707_20260707T140842,2026-07-07T14:09:03
000905,2024-09-10,4509.324,4528.669,4432.913,4507.707,9852954200,,akshare.stock_zh_index_daily,week1_data_engineer_20260707_20260707T140842,2026-07-07T14:09:03
000905,2024-09-11,4490.187,4529.345,4479.031,4514.916,8520684200,,akshare.stock_zh_index_daily,week1_data_engineer_20260707_20260707T140842,2026-07-07T14:09:03
000905,2024-09-12,4518.988,4568.746,4496.592,4496.592,8665430400,,akshare.stock_zh_index_daily,week1_data_engineer_20260707_20260707T140842,2026-07-07T14:09:03
000905,2024-09-13,4500.395,4509.072,4450.959,4450.959,9253375700,,akshare.stock_zh_index_daily,week1_data_engineer_20260707_20260707T140842,2026-07-07T14:09:03
000905,2024-09-18,4450.089,4474.722,4397.161,4462.87,9098968300,,akshare.stock_zh_index_daily,week1_data_engineer_20260707_20260707T140842,2026-07-07T14:09:03
000905,2024-09-19,4481.464,4565.39,4437.536,4520.394,11561186800,,akshare.stock_zh_index_daily,week1_data_engineer_20260707_20260707T140842,2026-07-07T14:09:03
000905,2024-09-20,4514.96,4515.806,4471.944,4498.39,9431204400,,akshare.stock_zh_index_daily,week1_data_engineer_20260707_20260707T140842,2026-07-07T14:09:03
000905,2024-09-23,4495.781,4545.541,4483.13,4494.688,8993522700,,akshare.stock_zh_index_daily,week1_data_engineer_20260707_20260707T140842,2026-07-07T14:09:03
000905,2024-09-24,4524.221,4690.574,4503.125,4689.596,17714470300,,akshare.stock_zh_index_daily,week1_data_engineer_20260707_20260707T140842,2026-07-07T14:09:03
000905,2024-09-25,4743.634,4847.203,4724.43,4731.476,20459351900,,akshare.stock_zh_index_daily,week1_data_engineer_20260707_20260707T140842,2026-07-07T14:09:03
000905,2024-09-26,4725.996,4938.184,4719.349,4938.184,22993032300,,akshare.stock_zh_index_daily,week1_data_engineer_20260707_20260707T140842,2026-07-07T14:09:03
000905,2024-09-27,5027.264,5227.958,5021.515,5201.666,23017750800,,akshare.stock_zh_index_daily,week1_data_engineer_20260707_20260707T140842,2026-07-07T14:09:03
000905,2024-09-30,5449.789,5757.921,5387.338,5743.217,38870320000,,akshare.stock_zh_index_daily,week1_data_engineer_20260707_20260707T140842,2026-07-07T14:09:03
000905,2024-10-08,6417.814,6417.814,5868.853,6155.582,49354642000,,akshare.stock_zh_index_daily,week1_data_engineer_20260707_20260707T140842,2026-07-07T14:09:03
000905,2024-10-09,6013.702,6088.08,5704.478,5735.641,43115641600,,akshare.stock_zh_index_daily,week1_data_engineer_20260707_20260707T140842,2026-07-07T14:09:03
000905,2024-10-10,5768.611,5875.936,5597.477,5690.882,35348024500,,akshare.stock_zh_index_daily,week1_data_engineer_20260707_20260707T140842,2026-07-07T14:09:03
000905,2024-10-11,5650.049,5652.852,5408.87,5470.813,24438337300,,akshare.stock_zh_index_daily,week1_data_engineer_20260707_20260707T140842,2026-07-07T14:09:03
000905,2024-10-14,5503.646,5623.969,5408.392,5608.153,25060854100,,akshare.stock_zh_index_daily,week1_data_engineer_20260707_20260707T140842,2026-07-07T14:09:03
000905,2024-10-15,5578.261,5661.075,5471.881,5472.56,23899701900,,akshare.stock_zh_index_daily,week1_data_engineer_20260707_20260707T140842,2026-07-07T14:09:03
000905,2024-10-16,5393.666,5546.176,5393.666,5461.088,20545092600,,akshare.stock_zh_index_daily,week1_data_engineer_20260707_20260707T140842,2026-07-07T14:09:03
000905,2024-10-17,5499.766,5541.033,5417.881,5418.988,20276868500,,akshare.stock_zh_index_daily,week1_data_engineer_20260707_20260707T140842,2026-07-07T14:09:03
000905,2024-10-18,5416.032,5774.141,5404.204,5640.02,28711421900,,akshare.stock_zh_index_daily,week1_data_engineer_20260707_20260707T140842,2026-07-07T14:09:03
000905,2024-10-21,5680.565,5797.881,5631.232,5704.225,26688518600,,akshare.stock_zh_index_daily,week1_data_engineer_20260707_20260707T140842,2026-07-07T14:09:03
000905,2024-10-22,5703.32,5779.298,5673.79,5753.85,23702362400,,akshare.stock_zh_index_daily,week1_data_engineer_20260707_20260707T140842,2026-07-07T14:09:03
000905,2024-10-23,5745.107,5853.456,5727.774,5776.383,27341264000,,akshare.stock_zh_index_daily,week1_data_engineer_20260707_20260707T140842,2026-07-07T14:09:03
000905,2024-10-24,5747.558,5759.865,5694.779,5726.704,20769004600,,akshare.stock_zh_index_daily,week1_data_engineer_20260707_20260707T140842,2026-07-07T14:09:03
000905,2024-10-25,5735.285,5855.265,5729.438,5809.688,23672570800,,akshare.stock_zh_index_daily,week1_data_engineer_20260707_20260707T140842,2026-07-07T14:09:03
000905,2024-10-28,5816.33,5883.72,5787.484,5883.72,27065378700,,akshare.stock_zh_index_daily,week1_data_engineer_20260707_20260707T140842,2026-07-07T14:09:03
000905,2024-10-29,5903.307,5917.215,5807.29,5812.529,27537114300,,akshare.stock_zh_index_daily,week1_data_engineer_20260707_20260707T140842,2026-07-07T14:09:03
000905,2024-10-30,5793.833,5869.111,5777.43,5837.934,25202127500,,akshare.stock_zh_index_daily,week1_data_engineer_20260707_20260707T140842,2026-07-07T14:09:03
000905,2024-10-31,5839.977,5935.183,5812.032,5901.29,31354920200,,akshare.stock_zh_index_daily,week1_data_engineer_20260707_20260707T140842,2026-07-07T14:09:03
000905,2024-11-01,5893.319,5934.203,5795.081,5831.822,36984064100,,akshare.stock_zh_index_daily,week1_data_engineer_20260707_20260707T140842,2026-07-07T14:09:03
000905,2024-11-04,5835.392,5928.909,5835.392,5928.909,28655229400,,akshare.stock_zh_index_daily,week1_data_engineer_20260707_20260707T140842,2026-07-07T14:09:03
000905,2024-11-05,5925.865,6119.254,5910.889,6111.971,36634449200,,akshare.stock_zh_index_daily,week1_data_engineer_20260707_20260707T140842,2026-07-07T14:09:03
000905,2024-11-06,6134.924,6204.533,6081.807,6125.787,41518773700,,akshare.stock_zh_index_daily,week1_data_engineer_20260707_20260707T140842,2026-07-07T14:09:03
000905,2024-11-07,6061.735,6240.757,6049.587,6239.56,41841332300,,akshare.stock_zh_index_daily,week1_data_engineer_20260707_20260707T140842,2026-07-07T14:09:03
000905,2024-11-08,6306.799,6333.679,6206.295,6222.445,38564834700,,akshare.stock_zh_index_daily,week1_data_engineer_20260707_20260707T140842,2026-07-07T14:09:03
000905,2024-11-11,6211.033,6330.805,6199.056,6330.615,33409692100,,akshare.stock_zh_index_daily,week1_data_engineer_20260707_20260707T140842,2026-07-07T14:09:03
000905,2024-11-12,6349.23,6382.978,6205.099,6263.883,33285691900,,akshare.stock_zh_index_daily,week1_data_engineer_20260707_20260707T140842,2026-07-07T14:09:03
000905,2024-11-13,6234.158,6282.278,6162.898,6259.841,26040067300,,akshare.stock_zh_index_daily,week1_data_engineer_20260707_20260707T140842,2026-07-07T14:09:03
000905,2024-11-14,6240.609,6240.609,6068.658,6078.305,23974313800,,akshare.stock_zh_index_daily,week1_data_engineer_20260707_20260707T140842,2026-07-07T14:09:03
000905,2024-11-15,6055.535,6093.423,5924.35,5924.483,23622604200,,akshare.stock_zh_index_daily,week1_data_engineer_20260707_20260707T140842,2026-07-07T14:09:03
000905,2024-11-18,5940.486,5977.492,5799.908,5833.036,28252722400,,akshare.stock_zh_index_daily,week1_data_engineer_20260707_20260707T140842,2026-07-07T14:09:03
000905,2024-11-19,5836.611,5936.935,5776.202,5936.602,24140421500,,akshare.stock_zh_index_daily,week1_data_engineer_20260707_20260707T140842,2026-07-07T14:09:03
000905,2024-11-20,5920.323,6015.234,5909.106,5992.39,21734522400,,akshare.stock_zh_index_daily,week1_data_engineer_20260707_20260707T140842,2026-07-07T14:09:03
000905,2024-11-21,5973.155,6009.629,5937.805,5985.313,20619894100,,akshare.stock_zh_index_daily,week1_data_engineer_20260707_20260707T140842,2026-07-07T14:09:03
000905,2024-11-22,5969.075,5983.339,5750.246,5750.246,22506673700,,akshare.stock_zh_index_daily,week1_data_engineer_20260707_20260707T140842,2026-07-07T14:09:03
000905,2024-11-25,5754.547,5774.817,5662.095,5735.649,18600506000,,akshare.stock_zh_index_daily,week1_data_engineer_20260707_20260707T140842,2026-07-07T14:09:03
000905,2024-11-26,5727.373,5773.356,5688.576,5690.479,14756286500,,akshare.stock_zh_index_daily,week1_data_engineer_20260707_20260707T140842,2026-07-07T14:09:03
000905,2024-11-27,5669.555,5805.635,5603.996,5804.937,17531330200,,akshare.stock_zh_index_daily,week1_data_engineer_20260707_20260707T140842,2026-07-07T14:09:03
000905,2024-11-28,5802.797,5826.488,5749.287,5757.597,17218353700,,akshare.stock_zh_index_daily,week1_data_engineer_20260707_20260707T140842,2026-07-07T14:09:03
000905,2024-11-29,5748.167,5899.873,5736.409,5851.939,20425554400,,akshare.stock_zh_index_daily,week1_data_engineer_20260707_20260707T140842,2026-07-07T14:09:03
000905,2024-12-02,5853.705,5956.598,5848.424,5943.625,23618130800,,akshare.stock_zh_index_daily,week1_data_engineer_20260707_20260707T140842,2026-07-07T14:09:03
000905,2024-12-03,5946.735,5954.661,5877.801,5932.121,20987050900,,akshare.stock_zh_index_daily,week1_data_engineer_20260707_20260707T140842,2026-07-07T14:09:03
000905,2024-12-04,5929.476,5940.855,5850.909,5879.27,21599163400,,akshare.stock_zh_index_daily,week1_data_engineer_20260707_20260707T140842,2026-07-07T14:09:03
000905,2024-12-05,5855.742,5923.624,5853.527,5901.986,19854223600,,akshare.stock_zh_index_daily,week1_data_engineer_20260707_20260707T140842,2026-07-07T14:09:03
000905,2024-12-06,5903.499,6011.769,5877.043,5979.197,26532953600,,akshare.stock_zh_index_daily,week1_data_engineer_20260707_20260707T140842,2026-07-07T14:09:03
000905,2024-12-09,5983.334,6004.234,5911.362,5947.109,28446220900,,akshare.stock_zh_index_daily,week1_data_engineer_20260707_20260707T140842,2026-07-07T14:09:03
000905,2024-12-10,6132.291,6141.066,5982.583,5992.094,32052782300,,akshare.stock_zh_index_daily,week1_data_engineer_20260707_20260707T140842,2026-07-07T14:09:03
000905,2024-12-11,5973.326,6051.472,5972.27,6047.105,25388394100,,akshare.stock_zh_index_daily,week1_data_engineer_20260707_20260707T140842,2026-07-07T14:09:03
000905,2024-12-12,6048.781,6107.715,6023.234,6100.395,24365369000,,akshare.stock_zh_index_daily,week1_data_engineer_20260707_20260707T140842,2026-07-07T14:09:03
000905,2024-12-13,6065.954,6065.954,5988.292,5988.292,28632819800,,akshare.stock_zh_index_daily,week1_data_engineer_20260707_20260707T140842,2026-07-07T14:09:03
000905,2024-12-16,5983.16,5991.577,5888.043,5912.601,21464744100,,akshare.stock_zh_index_daily,week1_data_engineer_20260707_20260707T140842,2026-07-07T14:09:03
000905,2024-12-17,5896.968,5924.624,5837.251,5848.163,19310854700,,akshare.stock_zh_index_daily,week1_data_engineer_20260707_20260707T140842,2026-07-07T14:09:03
000905,2024-12-18,5861.262,5921.98,5853.163,5888.616,18799629000,,akshare.stock_zh_index_daily,week1_data_engineer_20260707_20260707T140842,2026-07-07T14:09:03
000905,2024-12-19,5829.263,5918.49,5816.473,5901.916,19653119400,,akshare.stock_zh_index_daily,week1_data_engineer_20260707_20260707T140842,2026-07-07T14:09:03
000905,2024-12-20,5889.946,5962.415,5889.946,5917.175,17809039900,,akshare.stock_zh_index_daily,week1_data_engineer_20260707_20260707T140842,2026-07-07T14:09:03
000905,2024-12-23,5917.694,5935.152,5815.342,5818.551,17731548600,,akshare.stock_zh_index_daily,week1_data_engineer_20260707_20260707T140842,2026-07-07T14:09:03
000905,2024-12-24,5827.16,5897.195,5827.16,5895.26,16736582400,,akshare.stock_zh_index_daily,week1_data_engineer_20260707_20260707T140842,2026-07-07T14:09:03
000905,2024-12-25,5896.43,5897.51,5796.648,5840.289,15727913200,,akshare.stock_zh_index_daily,week1_data_engineer_20260707_20260707T140842,2026-07-07T14:09:03
000905,2024-12-26,5830.721,5897.483,5830.721,5887.061,14531944400,,akshare.stock_zh_index_daily,week1_data_engineer_20260707_20260707T140842,2026-07-07T14:09:03
000905,2024-12-27,5892.694,5975.792,5881.717,5899.167,17908549800,,akshare.stock_zh_index_daily,week1_data_engineer_20260707_20260707T140842,2026-07-07T14:09:03
000905,2024-12-30,5890.463,5928.572,5867.854,5898.884,15556558600,,akshare.stock_zh_index_daily,week1_data_engineer_20260707_20260707T140842,2026-07-07T14:09:03
000905,2024-12-31,5902.033,5905.463,5725.732,5725.732,18215885500,,akshare.stock_zh_index_daily,week1_data_engineer_20260707_20260707T140842,2026-07-07T14:09:03
000905,2025-01-02,5717.916,5722.111,5498.822,5545.817,19376315700,,akshare.stock_zh_index_daily,week1_data_engineer_20260707_20260707T140842,2026-07-07T14:09:03
000905,2025-01-03,5552.75,5581.398,5419.743,5427.804,17407731000,,akshare.stock_zh_index_daily,week1_data_engineer_20260707_20260707T140842,2026-07-07T14:09:03
000905,2025-01-06,5421.065,5482.625,5384.333,5427.101,14626565800,,akshare.stock_zh_index_daily,week1_data_engineer_20260707_20260707T140842,2026-07-07T14:09:03
000905,2025-01-07,5429.173,5485.585,5405.133,5484.685,14506527800,,akshare.stock_zh_index_daily,week1_data_engineer_20260707_20260707T140842,2026-07-07T14:09:03
000905,2025-01-08,5462.324,5501.656,5326.926,5461.586,16384991500,,akshare.stock_zh_index_daily,week1_data_engineer_20260707_20260707T140842,2026-07-07T14:09:03
000905,2025-01-09,5437.813,5493.68,5436.704,5456.586,12983262700,,akshare.stock_zh_index_daily,week1_data_engineer_20260707_20260707T140842,2026-07-07T14:09:03
000905,2025-01-10,5449.001,5496.383,5369.281,5369.281,13017955300,,akshare.stock_zh_index_daily,week1_data_engineer_20260707_20260707T140842,2026-07-07T14:09:03
000905,2025-01-13,5319.701,5422.012,5319.274,5381.697,11968293700,,akshare.stock_zh_index_daily,week1_data_engineer_20260707_20260707T140842,2026-07-07T14:09:03
000905,2025-01-14,5393.763,5582.835,5378.588,5572.272,17214286000,,akshare.stock_zh_index_daily,week1_data_engineer_20260707_20260707T140842,2026-07-07T14:09:03
000905,2025-01-15,5559.579,5569.19,5509.576,5522.459,13839324300,,akshare.stock_zh_index_daily,week1_data_engineer_20260707_20260707T140842,2026-07-07T14:09:03
000905,2025-01-16,5546.7,5633.855,5508.915,5545.634,14931808500,,akshare.stock_zh_index_daily,week1_data_engineer_20260707_20260707T140842,2026-07-07T14:09:03
000905,2025-01-17,5524.205,5621.937,5519.411,5587.294,12669117400,,akshare.stock_zh_index_daily,week1_data_engineer_20260707_20260707T140842,2026-07-07T14:09:03
000905,2025-01-20,5621.925,5665.183,5598.158,5614.331,13571250700,,akshare.stock_zh_index_daily,week1_data_engineer_20260707_20260707T140842,2026-07-07T14:09:03
000905,2025-01-21,5639.604,5642.917,5573.5,5633.925,12649130000,,akshare.stock_zh_index_daily,week1_data_engineer_20260707_20260707T140842,2026-07-07T14:09:03
000905,2025-01-22,5606.847,5618.581,5567.779,5607.059,11537499600,,akshare.stock_zh_index_daily,week1_data_engineer_20260707_20260707T140842,2026-07-07T14:09:03
000905,2025-01-23,5659.369,5717.689,5584.255,5584.255,16341998700,,akshare.stock_zh_index_daily,week1_data_engineer_20260707_20260707T140842,2026-07-07T14:09:03
000905,2025-01-24,5570.48,5660.434,5570.48,5649.95,13943805800,,akshare.stock_zh_index_daily,week1_data_engineer_20260707_20260707T140842,2026-07-07T14:09:03
000905,2025-01-27,5660.485,5676.026,5589.343,5589.343,13654605600,,akshare.stock_zh_index_daily,week1_data_engineer_20260707_20260707T140842,2026-07-07T14:09:03
000905,2025-02-05,5643.175,5646.037,5588.556,5614.387,15567414100,,akshare.stock_zh_index_daily,week1_data_engineer_20260707_20260707T140842,2026-07-07T14:09:03
000905,2025-02-06,5606.871,5749.023,5597.325,5747.901,18142819300,,akshare.stock_zh_index_daily,week1_data_engineer_20260707_20260707T140842,2026-07-07T14:09:03
000905,2025-02-07,5750.289,5889.428,5741.733,5833.988,23271886300,,akshare.stock_zh_index_daily,week1_data_engineer_20260707_20260707T140842,2026-07-07T14:09:03
000905,2025-02-10,5858.243,5895.406,5836.171,5888.551,20930090500,,akshare.stock_zh_index_daily,week1_data_engineer_20260707_20260707T140842,2026-07-07T14:09:03
000905,2025-02-11,5890.373,5890.373,5827.378,5858.281,18192050800,,akshare.stock_zh_index_daily,week1_data_engineer_20260707_20260707T140842,2026-07-07T14:09:03
000905,2025-02-12,5841.362,5940.537,5841.319,5940.53,19544615500,,akshare.stock_zh_index_daily,week1_data_engineer_20260707_20260707T140842,2026-07-07T14:09:03
000905,2025-02-13,5938.203,5957.58,5889.695,5898.261,22828183900,,akshare.stock_zh_index_daily,week1_data_engineer_20260707_20260707T140842,2026-07-07T14:09:03
000905,2025-02-14,5893.934,5954.477,5886.95,5947.796,21191426100,,akshare.stock_zh_index_daily,week1_data_engineer_20260707_20260707T140842,2026-07-07T14:09:03
000905,2025-02-17,5979.845,5985.364,5906.266,5948.72,23390168900,,akshare.stock_zh_index_daily,week1_data_engineer_20260707_20260707T140842,2026-07-07T14:09:03
000905,2025-02-18,5935.499,5947.934,5816.051,5840.711,21494148200,,akshare.stock_zh_index_daily,week1_data_engineer_20260707_20260707T140842,2026-07-07T14:09:03
000905,2025-02-19,5834.955,5945.346,5831.482,5943.882,20529830500,,akshare.stock_zh_index_daily,week1_data_engineer_20260707_20260707T140842,2026-07-07T14:09:03
000905,2025-02-20,5941.599,5977.73,5920.568,5957.547,19820741100,,akshare.stock_zh_index_daily,week1_data_engineer_20260707_20260707T140842,2026-07-07T14:09:03
000905,2025-02-21,5969.646,6061.824,5943.195,6057.065,25231712800,,akshare.stock_zh_index_daily,week1_data_engineer_20260707_20260707T140842,2026-07-07T14:09:03
000905,2025-02-24,6057.38,6079.017,6007.179,6044.973,24381379800,,akshare.stock_zh_index_daily,week1_data_engineer_20260707_20260707T140842,2026-07-07T14:09:03
000905,2025-02-25,5967.037,6044.756,5956.176,5979.965,20683395300,,akshare.stock_zh_index_daily,week1_data_engineer_20260707_20260707T140842,2026-07-07T14:09:03
000905,2025-02-26,5990.29,6055.873,5973.857,6051.74,21086089800,,akshare.stock_zh_index_daily,week1_data_engineer_20260707_20260707T140842,2026-07-07T14:09:03
000905,2025-02-27,6050.186,6064.491,5940.335,6028.986,21665293000,,akshare.stock_zh_index_daily,week1_data_engineer_20260707_20260707T140842,2026-07-07T14:09:03
000905,2025-02-28,5997.918,6007.472,5847.151,5859.871,20522381400,,akshare.stock_zh_index_daily,week1_data_engineer_20260707_20260707T140842,2026-07-07T14:09:03
000905,2025-03-03,5875.952,5964.268,5851.56,5885.77,18502458100,,akshare.stock_zh_index_daily,week1_data_engineer_20260707_20260707T140842,2026-07-07T14:09:03
000905,2025-03-04,5845.471,5943.084,5843.463,5937.63,15392221100,,akshare.stock_zh_index_daily,week1_data_engineer_20260707_20260707T140842,2026-07-07T14:09:03
000905,2025-03-05,5937.107,5955.899,5892.533,5950.703,16307150000,,akshare.stock_zh_index_daily,week1_data_engineer_20260707_20260707T140842,2026-07-07T14:09:03
000905,2025-03-06,5980.38,6062.541,5972.604,6047.773,21304285200,,akshare.stock_zh_index_daily,week1_data_engineer_20260707_20260707T140842,2026-07-07T14:09:03
000905,2025-03-07,6029.381,6067.348,5989.321,6013.775,20743714900,,akshare.stock_zh_index_daily,week1_data_engineer_20260707_20260707T140842,2026-07-07T14:09:03
000905,2025-03-10,6022.681,6041.522,5971.813,6013.619,17304433600,,akshare.stock_zh_index_daily,week1_data_engineer_20260707_20260707T140842,2026-07-07T14:09:03
000905,2025-03-11,5944.42,6044.974,5942.912,6044.974,17385564300,,akshare.stock_zh_index_daily,week1_data_engineer_20260707_20260707T140842,2026-07-07T14:09:03
000905,2025-03-12,6068.376,6098.235,6038.822,6040.497,18476353700,,akshare.stock_zh_index_daily,week1_data_engineer_20260707_20260707T140842,2026-07-07T14:09:03
000905,2025-03-13,6032.855,6050.178,5947.782,5993.967,19371071700,,akshare.stock_zh_index_daily,week1_data_engineer_20260707_20260707T140842,2026-07-07T14:09:03
000905,2025-03-14,5993.97,6099.981,5978.532,6099.981,21924583400,,akshare.stock_zh_index_daily,week1_data_engineer_20260707_20260707T140842,2026-07-07T14:09:03
000905,2025-03-17,6119.606,6129.854,6098.508,6108.018,18431727300,,akshare.stock_zh_index_daily,week1_data_engineer_20260707_20260707T140842,2026-07-07T14:09:03
000905,2025-03-18,6126.036,6161.228,6114.206,6133.302,16602304300,,akshare.stock_zh_index_daily,week1_data_engineer_20260707_20260707T140842,2026-07-07T14:09:03
000905,2025-03-19,6117.423,6128.23,6076.564,6101.437,15389378000,,akshare.stock_zh_index_daily,week1_data_engineer_20260707_20260707T140842,2026-07-07T14:09:03
000905,2025-03-20,6094.843,6109.183,6055.381,6059.486,14718786500,,akshare.stock_zh_index_daily,week1_data_engineer_20260707_20260707T140842,2026-07-07T14:09:03
000905,2025-03-21,6038.99,6071.085,5951.795,5971.93,17410378500,,akshare.stock_zh_index_daily,week1_data_engineer_20260707_20260707T140842,2026-07-07T14:09:03
000905,2025-03-24,5973.047,5987.061,5882.878,5969.079,16919243500,,akshare.stock_zh_index_daily,week1_data_engineer_20260707_20260707T140842,2026-07-07T14:09:03
000905,2025-03-25,5969.416,5993.931,5929.673,5946.951,14748394800,,akshare.stock_zh_index_daily,week1_data_engineer_20260707_20260707T140842,2026-07-07T14:09:03
000905,2025-03-26,5935.854,5983.474,5935.854,5948.499,13670211100,,akshare.stock_zh_index_daily,week1_data_engineer_20260707_20260707T140842,2026-07-07T14:09:03
000905,2025-03-27,5932.517,6000.662,5891.766,5957.602,13470890400,,akshare.stock_zh_index_daily,week1_data_engineer_20260707_20260707T140842,2026-07-07T14:09:03
000905,2025-03-28,5954.73,5973.802,5904.916,5916.031,13426192700,,akshare.stock_zh_index_daily,week1_data_engineer_20260707_20260707T140842,2026-07-07T14:09:03
000905,2025-03-31,5886.956,5908.303,5802.419,5857.772,15425609000,,akshare.stock_zh_index_daily,week1_data_engineer_20260707_20260707T140842,2026-07-07T14:09:03
000905,2025-04-01,5870.942,5931.504,5867.848,5892.85,13644860200,,akshare.stock_zh_index_daily,week1_data_engineer_20260707_20260707T140842,2026-07-07T14:09:03
000905,2025-04-02,5884.893,5936.647,5884.113,5899.087,11215996000,,akshare.stock_zh_index_daily,week1_data_engineer_20260707_20260707T140842,2026-07-07T14:09:03
000905,2025-04-03,5842.617,5906.706,5817.966,5845.505,13493862500,,akshare.stock_zh_index_daily,week1_data_engineer_20260707_20260707T140842,2026-07-07T14:09:03
000905,2025-04-07,5523.964,5587.85,5212.677,5287.033,23652265600,,akshare.stock_zh_index_daily,week1_data_engineer_20260707_20260707T140842,2026-07-07T14:09:03
000905,2025-04-08,5279.757,5371.183,5249.232,5326.914,22384066500,,akshare.stock_zh_index_daily,week1_data_engineer_20260707_20260707T140842,2026-07-07T14:09:03
000905,2025-04-09,5249.684,5465.145,5135.966,5439.772,24511802700,,akshare.stock_zh_index_daily,week1_data_engineer_20260707_20260707T140842,2026-07-07T14:09:03
000905,2025-04-10,5534.559,5610.19,5513.954,5544.065,21196303500,,akshare.stock_zh_index_daily,week1_data_engineer_20260707_20260707T140842,2026-07-07T14:09:03
000905,2025-04-11,5514.188,5631.595,5510.895,5581.318,16441166300,,akshare.stock_zh_index_daily,week1_data_engineer_20260707_20260707T140842,2026-07-07T14:09:03
000905,2025-04-14,5633.779,5661.805,5608.73,5627.138,15548707700,,akshare.stock_zh_index_daily,week1_data_engineer_20260707_20260707T140842,2026-07-07T14:09:03
000905,2025-04-15,5625.001,5626.677,5567.027,5602.534,12327370800,,akshare.stock_zh_index_daily,week1_data_engineer_20260707_20260707T140842,2026-07-07T14:09:03
000905,2025-04-16,5589.777,5592.674,5492.655,5556.864,13253722400,,akshare.stock_zh_index_daily,week1_data_engineer_20260707_20260707T140842,2026-07-07T14:09:03
000905,2025-04-17,5527.591,5604.62,5526.888,5557.011,11365238200,,akshare.stock_zh_index_daily,week1_data_engineer_20260707_20260707T140842,2026-07-07T14:09:03
000905,2025-04-18,5546.967,5579.479,5525.405,5560.721,11164425800,,akshare.stock_zh_index_daily,week1_data_engineer_20260707_20260707T140842,2026-07-07T14:09:03
000905,2025-04-21,5556.513,5646.218,5535.699,5642.381,12311188300,,akshare.stock_zh_index_daily,week1_data_engineer_20260707_20260707T140842,2026-07-07T14:09:03
000905,2025-04-22,5634.894,5651.554,5617.879,5624.209,12466668900,,akshare.stock_zh_index_daily,week1_data_engineer_20260707_20260707T140842,2026-07-07T14:09:03
000905,2025-04-23,5647.915,5670.26,5614.768,5634.949,12700776400,,akshare.stock_zh_index_daily,week1_data_engineer_20260707_20260707T140842,2026-07-07T14:09:03
000905,2025-04-24,5633.024,5651.534,5583.43,5605.88,12269669600,,akshare.stock_zh_index_daily,week1_data_engineer_20260707_20260707T140842,2026-07-07T14:09:03
000905,2025-04-25,5613.141,5661.587,5596.527,5627.18,14000080000,,akshare.stock_zh_index_daily,week1_data_engineer_20260707_20260707T140842,2026-07-07T14:09:03
000905,2025-04-28,5624.417,5628.078,5587.786,5598.295,13621809400,,akshare.stock_zh_index_daily,week1_data_engineer_20260707_20260707T140842,2026-07-07T14:09:03
000905,2025-04-29,5583.719,5622.022,5571.236,5604.906,12674292700,,akshare.stock_zh_index_daily,week1_data_engineer_20260707_20260707T140842,2026-07-07T14:09:03
000905,2025-04-30,5604.654,5647.782,5603.172,5631.825,13838662100,,akshare.stock_zh_index_daily,week1_data_engineer_20260707_20260707T140842,2026-07-07T14:09:03
000905,2025-05-06,5668.876,5740.334,5666.47,5740.334,16277360600,,akshare.stock_zh_index_daily,week1_data_engineer_20260707_20260707T140842,2026-07-07T14:09:03
000905,2025-05-07,5805.656,5819.242,5713.273,5750.291,17101175700,,akshare.stock_zh_index_daily,week1_data_engineer_20260707_20260707T140842,2026-07-07T14:09:03
000905,2025-05-08,5731.716,5783.792,5724.951,5773.806,13614032200,,akshare.stock_zh_index_daily,week1_data_engineer_20260707_20260707T140842,2026-07-07T14:09:03
000905,2025-05-09,5770.441,5770.441,5705.165,5721.723,12393900700,,akshare.stock_zh_index_daily,week1_data_engineer_20260707_20260707T140842,2026-07-07T14:09:03
000905,2025-05-12,5751.437,5794.516,5737.462,5793.674,13582436700,,akshare.stock_zh_index_daily,week1_data_engineer_20260707_20260707T140842,2026-07-07T14:09:03
000905,2025-05-13,5838.034,5838.034,5772.072,5781.668,13827108100,,akshare.stock_zh_index_daily,week1_data_engineer_20260707_20260707T140842,2026-07-07T14:09:03
000905,2025-05-14,5778.079,5835.491,5750.537,5799.119,15627999400,,akshare.stock_zh_index_daily,week1_data_engineer_20260707_20260707T140842,2026-07-07T14:09:03
000905,2025-05-15,5786.783,5786.783,5715.294,5715.297,13516076800,,akshare.stock_zh_index_daily,week1_data_engineer_20260707_20260707T140842,2026-07-07T14:09:03
000905,2025-05-16,5703.735,5735.012,5703.735,5715.849,11670913600,,akshare.stock_zh_index_daily,week1_data_engineer_20260707_20260707T140842,2026-07-07T14:09:03
000905,2025-05-19,5719.438,5729.07,5669.721,5720.795,11538493900,,akshare.stock_zh_index_daily,week1_data_engineer_20260707_20260707T140842,2026-07-07T14:09:03
000905,2025-05-20,5723.506,5759.458,5707.81,5747.367,11689661500,,akshare.stock_zh_index_daily,week1_data_engineer_20260707_20260707T140842,2026-07-07T14:09:03
000905,2025-05-21,5741.689,5763.079,5733.828,5757.923,11580454200,,akshare.stock_zh_index_daily,week1_data_engineer_20260707_20260707T140842,2026-07-07T14:09:03
000905,2025-05-22,5739.191,5757.795,5701.161,5703.28,10905772000,,akshare.stock_zh_index_daily,week1_data_engineer_20260707_20260707T140842,2026-07-07T14:09:03
000905,2025-05-23,5697.136,5738.083,5653.044,5653.044,11436119800,,akshare.stock_zh_index_daily,week1_data_engineer_20260707_20260707T140842,2026-07-07T14:09:03
000905,2025-05-26,5653.206,5693.625,5644.579,5669.461,9717098900,,akshare.stock_zh_index_daily,week1_data_engineer_20260707_20260707T140842,2026-07-07T14:09:03
000905,2025-05-27,5666.303,5667.871,5629.134,5652.145,9514936300,,akshare.stock_zh_index_daily,week1_data_engineer_20260707_20260707T140842,2026-07-07T14:09:03
000905,2025-05-28,5651.876,5660.47,5628.417,5637.238,9490888300,,akshare.stock_zh_index_daily,week1_data_engineer_20260707_20260707T140842,2026-07-07T14:09:03
000905,2025-05-29,5637.063,5724.519,5637.063,5719.91,11468248400,,akshare.stock_zh_index_daily,week1_data_engineer_20260707_20260707T140842,2026-07-07T14:09:03
000905,2025-05-30,5704.771,5704.771,5665.518,5671.072,10990070700,,akshare.stock_zh_index_daily,week1_data_engineer_20260707_20260707T140842,2026-07-07T14:09:03
000905,2025-06-03,5653.675,5710.42,5653.298,5694.839,12285390300,,akshare.stock_zh_index_daily,week1_data_engineer_20260707_20260707T140842,2026-07-07T14:09:03
000905,2025-06-04,5696.569,5744.454,5696.569,5739.006,11619607700,,akshare.stock_zh_index_daily,week1_data_engineer_20260707_20260707T140842,2026-07-07T14:09:03
000905,2025-06-05,5741.03,5778.096,5719.547,5769.968,12522358400,,akshare.stock_zh_index_daily,week1_data_engineer_20260707_20260707T140842,2026-07-07T14:09:03
000905,2025-06-06,5768.399,5771.756,5750.659,5762.078,10821766000,,akshare.stock_zh_index_daily,week1_data_engineer_20260707_20260707T140842,2026-07-07T14:09:03
000905,2025-06-09,5772.779,5823.899,5765.355,5805.654,12818861900,,akshare.stock_zh_index_daily,week1_data_engineer_20260707_20260707T140842,2026-07-07T14:09:03
000905,2025-06-10,5809.828,5810.922,5715.971,5757.992,13826918100,,akshare.stock_zh_index_daily,week1_data_engineer_20260707_20260707T140842,2026-07-07T14:09:03
000905,2025-06-11,5758.529,5818.573,5758.529,5792.946,12371670700,,akshare.stock_zh_index_daily,week1_data_engineer_20260707_20260707T140842,2026-07-07T14:09:03
000905,2025-06-12,5780.967,5808.805,5766.521,5799.932,12561584600,,akshare.stock_zh_index_daily,week1_data_engineer_20260707_20260707T140842,2026-07-07T14:09:03
000905,2025-06-13,5783.156,5794.67,5728.211,5740.24,16761337400,,akshare.stock_zh_index_daily,week1_data_engineer_20260707_20260707T140842,2026-07-07T14:09:03
000905,2025-06-16,5725.003,5775.949,5725.003,5767.808,12824265800,,akshare.stock_zh_index_daily,week1_data_engineer_20260707_20260707T140842,2026-07-07T14:09:03
000905,2025-06-17,5772.296,5776.633,5734.829,5750.912,12152662400,,akshare.stock_zh_index_daily,week1_data_engineer_20260707_20260707T140842,2026-07-07T14:09:03
000905,2025-06-18,5740.156,5753.712,5709.803,5745.871,11270384400,,akshare.stock_zh_index_daily,week1_data_engineer_20260707_20260707T140842,2026-07-07T14:09:03
000905,2025-06-19,5733.807,5750.464,5660.05,5676.832,12553113400,,akshare.stock_zh_index_daily,week1_data_engineer_20260707_20260707T140842,2026-07-07T14:09:03
000905,2025-06-20,5669.09,5688.736,5636.785,5639.513,10179476600,,akshare.stock_zh_index_daily,week1_data_engineer_20260707_20260707T140842,2026-07-07T14:09:03
000905,2025-06-23,5613.281,5684.397,5613.281,5674.17,11160180200,,akshare.stock_zh_index_daily,week1_data_engineer_20260707_20260707T140842,2026-07-07T14:09:03
000905,2025-06-24,5683.462,5766.019,5683.462,5765.837,14208225600,,akshare.stock_zh_index_daily,week1_data_engineer_20260707_20260707T140842,2026-07-07T14:09:03
000905,2025-06-25,5777.74,5866.525,5776.124,5862.553,18463231000,,akshare.stock_zh_index_daily,week1_data_engineer_20260707_20260707T140842,2026-07-07T14:09:03
000905,2025-06-26,5868.292,5885.251,5835.34,5838.245,18016416300,,akshare.stock_zh_index_daily,week1_data_engineer_20260707_20260707T140842,2026-07-07T14:09:03
000905,2025-06-27,5850.425,5905.696,5839.578,5863.728,19938972500,,akshare.stock_zh_index_daily,week1_data_engineer_20260707_20260707T140842,2026-07-07T14:09:03
000905,2025-06-30,5877.675,5918.307,5872.225,5915.388,16627514700,,akshare.stock_zh_index_daily,week1_data_engineer_20260707_20260707T140842,2026-07-07T14:09:03
000905,2025-07-01,5915.804,5936.924,5890.114,5934.67,15419236500,,akshare.stock_zh_index_daily,week1_data_engineer_20260707_20260707T140842,2026-07-07T14:09:03
000905,2025-07-02,5922.541,5922.541,5873.892,5892.951,16250048500,,akshare.stock_zh_index_daily,week1_data_engineer_20260707_20260707T140842,2026-07-07T14:09:03
000905,2025-07-03,5896.24,5929.727,5885.943,5922.66,13007004600,,akshare.stock_zh_index_daily,week1_data_engineer_20260707_20260707T140842,2026-07-07T14:09:03
000905,2025-07-04,5917.753,5969.303,5889.73,5911.435,16494106000,,akshare.stock_zh_index_daily,week1_data_engineer_20260707_20260707T140842,2026-07-07T14:09:03
000905,2025-07-07,5901.402,5910.804,5889.602,5900.406,13720736200,,akshare.stock_zh_index_daily,week1_data_engineer_20260707_20260707T140842,2026-07-07T14:09:03
000905,2025-07-08,5903.102,5979.627,5903.102,5977.744,16868114200,,akshare.stock_zh_index_daily,week1_data_engineer_20260707_20260707T140842,2026-07-07T14:09:03
000905,2025-07-09,5980.645,5992.135,5940.176,5953.487,16491440200,,akshare.stock_zh_index_daily,week1_data_engineer_20260707_20260707T140842,2026-07-07T14:09:03
000905,2025-07-10,5950.966,6000.686,5942.29,5983.051,17624260700,,akshare.stock_zh_index_daily,week1_data_engineer_20260707_20260707T140842,2026-07-07T14:09:03
000905,2025-07-11,5985.824,6057.623,5963.257,6027.079,22236309800,,akshare.stock_zh_index_daily,week1_data_engineer_20260707_20260707T140842,2026-07-07T14:09:03
000905,2025-07-14,6033.178,6042.886,6011.687,6020.859,18927744400,,akshare.stock_zh_index_daily,week1_data_engineer_20260707_20260707T140842,2026-07-07T14:09:03
000905,2025-07-15,6018.627,6049.787,5973.797,6018.758,18973623400,,akshare.stock_zh_index_daily,week1_data_engineer_20260707_20260707T140842,2026-07-07T14:09:03
000905,2025-07-16,6019.577,6061.199,5997.163,6017.195,14861006200,,akshare.stock_zh_index_daily,week1_data_engineer_20260707_20260707T140842,2026-07-07T14:09:03
000905,2025-07-17,6013.714,6082.464,6013.044,6082.464,14969265800,,akshare.stock_zh_index_daily,week1_data_engineer_20260707_20260707T140842,2026-07-07T14:09:03
000905,2025-07-18,6092.23,6112.11,6073.638,6099.61,15315220400,,akshare.stock_zh_index_daily,week1_data_engineer_20260707_20260707T140842,2026-07-07T14:09:03
000905,2025-07-21,6115.026,6162.44,6110.988,6161.309,20735050700,,akshare.stock_zh_index_daily,week1_data_engineer_20260707_20260707T140842,2026-07-07T14:09:03
000905,2025-07-22,6166.616,6215.406,6152.814,6213.407,24621164200,,akshare.stock_zh_index_daily,week1_data_engineer_20260707_20260707T140842,2026-07-07T14:09:03
000905,2025-07-23,6218.207,6256.152,6187.012,6196.758,25837789600,,akshare.stock_zh_index_daily,week1_data_engineer_20260707_20260707T140842,2026-07-07T14:09:03
000905,2025-07-24,6197.853,6293.598,6197.853,6293.598,26835556400,,akshare.stock_zh_index_daily,week1_data_engineer_20260707_20260707T140842,2026-07-07T14:09:03
000905,2025-07-25,6297.626,6311.169,6276.416,6299.591,23705532800,,akshare.stock_zh_index_daily,week1_data_engineer_20260707_20260707T140842,2026-07-07T14:09:03
000905,2025-07-28,6305.225,6329.03,6271.93,6323.42,21444826700,,akshare.stock_zh_index_daily,week1_data_engineer_20260707_20260707T140842,2026-07-07T14:09:03
000905,2025-07-29,6308.123,6356.15,6272.314,6356.133,20175762900,,akshare.stock_zh_index_daily,week1_data_engineer_20260707_20260707T140842,2026-07-07T14:09:03
000905,2025-07-30,6345.374,6368.269,6269.513,6314.687,21212841100,,akshare.stock_zh_index_daily,week1_data_engineer_20260707_20260707T140842,2026-07-07T14:09:03
000905,2025-07-31,6297.912,6322.065,6206.19,6226.343,22421423700,,akshare.stock_zh_index_daily,week1_data_engineer_20260707_20260707T140842,2026-07-07T14:09:03
000905,2025-08-01,6221.051,6253.658,6177.478,6213.201,16590719100,,akshare.stock_zh_index_daily,week1_data_engineer_20260707_20260707T140842,2026-07-07T14:09:03
000905,2025-08-04,6190.344,6261.962,6187.622,6261.731,14859148000,,akshare.stock_zh_index_daily,week1_data_engineer_20260707_20260707T140842,2026-07-07T14:09:03
000905,2025-08-05,6277.011,6303.236,6272.506,6303.236,15420666500,,akshare.stock_zh_index_daily,week1_data_engineer_20260707_20260707T140842,2026-07-07T14:09:03
000905,2025-08-06,6298.929,6357.59,6293.225,6357.377,16602763800,,akshare.stock_zh_index_daily,week1_data_engineer_20260707_20260707T140842,2026-07-07T14:09:03
000905,2025-08-07,6356.332,6366.214,6299.493,6337.543,17044640000,,akshare.stock_zh_index_daily,week1_data_engineer_20260707_20260707T140842,2026-07-07T14:09:03
000905,2025-08-08,6324.175,6351.335,6308.148,6323.5,17250752600,,akshare.stock_zh_index_daily,week1_data_engineer_20260707_20260707T140842,2026-07-07T14:09:03
000905,2025-08-11,6335.427,6404.833,6335.427,6391.76,17490919900,,akshare.stock_zh_index_daily,week1_data_engineer_20260707_20260707T140842,2026-07-07T14:09:03
000905,2025-08-12,6392.402,6418.16,6360.109,6418.16,16835191800,,akshare.stock_zh_index_daily,week1_data_engineer_20260707_20260707T140842,2026-07-07T14:09:03
000905,2025-08-13,6422.789,6514.456,6422.215,6508.098,21602242300,,akshare.stock_zh_index_daily,week1_data_engineer_20260707_20260707T140842,2026-07-07T14:09:03
000905,2025-08-14,6509.209,6519.794,6411.921,6429.846,22895316800,,akshare.stock_zh_index_daily,week1_data_engineer_20260707_20260707T140842,2026-07-07T14:09:03
000905,2025-08-15,6417.389,6570.499,6417.389,6568.57,24521724000,,akshare.stock_zh_index_daily,week1_data_engineer_20260707_20260707T140842,2026-07-07T14:09:03
000905,2025-08-18,6612.988,6709.781,6580.437,6668.173,30244822900,,akshare.stock_zh_index_daily,week1_data_engineer_20260707_20260707T140842,2026-07-07T14:09:03
000905,2025-08-19,6663.157,6707.114,6631.119,6655.311,25283927600,,akshare.stock_zh_index_daily,week1_data_engineer_20260707_20260707T140842,2026-07-07T14:09:03
000905,2025-08-20,6623.614,6728.069,6598.551,6728.069,24423390700,,akshare.stock_zh_index_daily,week1_data_engineer_20260707_20260707T140842,2026-07-07T14:09:03
000905,2025-08-21,6739.69,6767.323,6673.061,6704.166,24254016400,,akshare.stock_zh_index_daily,week1_data_engineer_20260707_20260707T140842,2026-07-07T14:09:03
000905,2025-08-22,6704.03,6823.363,6704.03,6822.847,25678382000,,akshare.stock_zh_index_daily,week1_data_engineer_20260707_20260707T140842,2026-07-07T14:09:03
000905,2025-08-25,6886.268,6967.796,6863.932,6951.896,33382894500,,akshare.stock_zh_index_daily,week1_data_engineer_20260707_20260707T140842,2026-07-07T14:09:03
000905,2025-08-26,6928.286,7008.963,6910.406,6964.065,28153238200,,akshare.stock_zh_index_daily,week1_data_engineer_20260707_20260707T140842,2026-07-07T14:09:03
000905,2025-08-27,6964.77,7074.63,6862.562,6862.562,32806018300,,akshare.stock_zh_index_daily,week1_data_engineer_20260707_20260707T140842,2026-07-07T14:09:03
000905,2025-08-28,6858.503,7011.16,6798.934,7011.16,30806178600,,akshare.stock_zh_index_daily,week1_data_engineer_20260707_20260707T140842,2026-07-07T14:09:03
000905,2025-08-29,7030.274,7078.923,6990.753,7043.942,28091581400,,akshare.stock_zh_index_daily,week1_data_engineer_20260707_20260707T140842,2026-07-07T14:09:03
000905,2025-09-01,7087.734,7110.687,7038.344,7110.288,28590831100,,akshare.stock_zh_index_daily,week1_data_engineer_20260707_20260707T140842,2026-07-07T14:09:03
000905,2025-09-02,7108.945,7108.945,6909.723,6961.689,29403653900,,akshare.stock_zh_index_daily,week1_data_engineer_20260707_20260707T140842,2026-07-07T14:09:03
000905,2025-09-03,6988.021,7003.268,6846.181,6868.462,25908326600,,akshare.stock_zh_index_daily,week1_data_engineer_20260707_20260707T140842,2026-07-07T14:09:03
000905,2025-09-04,6884.358,6906.692,6607.985,6698.447,27034189400,,akshare.stock_zh_index_daily,week1_data_engineer_20260707_20260707T140842,2026-07-07T14:09:03
000905,2025-09-05,6709.145,6919.336,6678.6,6913.953,24085745700,,akshare.stock_zh_index_daily,week1_data_engineer_20260707_20260707T140842,2026-07-07T14:09:03
000905,2025-09-08,6927.407,6995.718,6896.66,6992.117,24417430400,,akshare.stock_zh_index_daily,week1_data_engineer_20260707_20260707T140842,2026-07-07T14:09:03
000905,2025-09-09,6959.937,6999.731,6895.509,6928.965,22584355700,,akshare.stock_zh_index_daily,week1_data_engineer_20260707_20260707T140842,2026-07-07T14:09:03
000905,2025-09-10,6911.112,6977.767,6870.404,6932.109,18992286700,,akshare.stock_zh_index_daily,week1_data_engineer_20260707_20260707T140842,2026-07-07T14:09:03
000905,2025-09-11,6924.304,7123.052,6889.586,7122.705,24395106100,,akshare.stock_zh_index_daily,week1_data_engineer_20260707_20260707T140842,2026-07-07T14:09:03
000905,2025-09-12,7115.61,7200.156,7112.422,7147.749,26656750800,,akshare.stock_zh_index_daily,week1_data_engineer_20260707_20260707T140842,2026-07-07T14:09:03
000905,2025-09-15,7170.412,7174.891,7126.829,7137.363,23826572400,,akshare.stock_zh_index_daily,week1_data_engineer_20260707_20260707T140842,2026-07-07T14:09:03
000905,2025-09-16,7152.189,7195.425,7080.427,7190.993,24234918300,,akshare.stock_zh_index_daily,week1_data_engineer_20260707_20260707T140842,2026-07-07T14:09:03
000905,2025-09-17,7184.264,7265.393,7159.667,7260.035,25826444900,,akshare.stock_zh_index_daily,week1_data_engineer_20260707_20260707T140842,2026-07-07T14:09:03
000905,2025-09-18,7248.279,7350.977,7115.631,7199.883,34858954100,,akshare.stock_zh_index_daily,week1_data_engineer_20260707_20260707T140842,2026-07-07T14:09:03
000905,2025-09-19,7200.692,7231.999,7142.061,7170.349,27150719300,,akshare.stock_zh_index_daily,week1_data_engineer_20260707_20260707T140842,2026-07-07T14:09:03
000905,2025-09-22,7182.888,7225.858,7143.075,7225.128,23185806900,,akshare.stock_zh_index_daily,week1_data_engineer_20260707_20260707T140842,2026-07-07T14:09:03
000905,2025-09-23,7240.847,7250.816,7045.561,7180.714,28128363400,,akshare.stock_zh_index_daily,week1_data_engineer_20260707_20260707T140842,2026-07-07T14:09:03
000905,2025-09-24,7140.313,7327.021,7133.432,7323.709,24006493800,,akshare.stock_zh_index_daily,week1_data_engineer_20260707_20260707T140842,2026-07-07T14:09:03
000905,2025-09-25,7325.66,7379.611,7312.351,7341.324,23617503000,,akshare.stock_zh_index_daily,week1_data_engineer_20260707_20260707T140842,2026-07-07T14:09:03
000905,2025-09-26,7311.843,7351.793,7237.046,7240.911,21144414800,,akshare.stock_zh_index_daily,week1_data_engineer_20260707_20260707T140842,2026-07-07T14:09:03
000905,2025-09-29,7251.522,7377.222,7216.736,7350.56,23353941800,,akshare.stock_zh_index_daily,week1_data_engineer_20260707_20260707T140842,2026-07-07T14:09:03
000905,2025-09-30,7372.524,7428.031,7372.063,7412.368,22070750200,,akshare.stock_zh_index_daily,week1_data_engineer_20260707_20260707T140842,2026-07-07T14:09:03
000905,2025-10-09,7470.047,7559.092,7437.324,7548.923,28313078400,,akshare.stock_zh_index_daily,week1_data_engineer_20260707_20260707T140842,2026-07-07T14:09:03
000905,2025-10-10,7499.392,7509.116,7373.984,7398.224,26225664600,,akshare.stock_zh_index_daily,week1_data_engineer_20260707_20260707T140842,2026-07-07T14:09:03
000905,2025-10-13,7135.104,7391.825,7135.104,7376.564,25802781700,,akshare.stock_zh_index_daily,week1_data_engineer_20260707_20260707T140842,2026-07-07T14:09:03
000905,2025-10-14,7434.115,7459.016,7166.082,7194.851,27735887300,,akshare.stock_zh_index_daily,week1_data_engineer_20260707_20260707T140842,2026-07-07T14:09:03
000905,2025-10-15,7205.737,7294.001,7153.419,7294.001,21755977700,,akshare.stock_zh_index_daily,week1_data_engineer_20260707_20260707T140842,2026-07-07T14:09:03
000905,2025-10-16,7269.259,7305.947,7206.443,7231.534,19493637000,,akshare.stock_zh_index_daily,week1_data_engineer_20260707_20260707T140842,2026-07-07T14:09:03
000905,2025-10-17,7226.421,7254.579,7009.891,7016.066,20004411300,,akshare.stock_zh_index_daily,week1_data_engineer_20260707_20260707T140842,2026-07-07T14:09:03
000905,2025-10-20,7092.884,7129.994,7033.384,7069.641,17683419200,,akshare.stock_zh_index_daily,week1_data_engineer_20260707_20260707T140842,2026-07-07T14:09:03
000905,2025-10-21,7095.616,7193.73,7082.3,7185.624,20597382900,,akshare.stock_zh_index_daily,week1_data_engineer_20260707_20260707T140842,2026-07-07T14:09:03
000905,2025-10-22,7135.208,7166.557,7101.827,7128.478,16974325400,,akshare.stock_zh_index_daily,week1_data_engineer_20260707_20260707T140842,2026-07-07T14:09:03
000905,2025-10-23,7108.855,7153.656,7022.295,7142.954,18893373200,,akshare.stock_zh_index_daily,week1_data_engineer_20260707_20260707T140842,2026-07-07T14:09:03
000905,2025-10-24,7175.923,7258.534,7174.351,7258.534,19532393300,,akshare.stock_zh_index_daily,week1_data_engineer_20260707_20260707T140842,2026-07-07T14:09:03
000905,2025-10-27,7336.204,7391.212,7302.017,7379.394,23205182100,,akshare.stock_zh_index_daily,week1_data_engineer_20260707_20260707T140842,2026-07-07T14:09:03
000905,2025-10-28,7344.454,7404.756,7308.272,7341.03,20211846300,,akshare.stock_zh_index_daily,week1_data_engineer_20260707_20260707T140842,2026-07-07T14:09:03
000905,2025-10-29,7350.757,7480.967,7350.757,7480.967,22384413300,,akshare.stock_zh_index_daily,week1_data_engineer_20260707_20260707T140842,2026-07-07T14:09:03
000905,2025-10-30,7462.433,7463.653,7375.239,7385.711,24341203600,,akshare.stock_zh_index_daily,week1_data_engineer_20260707_20260707T140842,2026-07-07T14:09:03
000905,2025-10-31,7385.742,7430.856,7331.003,7331.003,23204167600,,akshare.stock_zh_index_daily,week1_data_engineer_20260707_20260707T140842,2026-07-07T14:09:03
000905,2025-11-03,7327.12,7336.511,7214.833,7333.601,22168706000,,akshare.stock_zh_index_daily,week1_data_engineer_20260707_20260707T140842,2026-07-07T14:09:03
000905,2025-11-04,7315.189,7323.704,7167.347,7210.825,19332584200,,akshare.stock_zh_index_daily,week1_data_engineer_20260707_20260707T140842,2026-07-07T14:09:03
000905,2025-11-05,7098.956,7257.84,7098.956,7229.341,19558024300,,akshare.stock_zh_index_daily,week1_data_engineer_20260707_20260707T140842,2026-07-07T14:09:03
000905,2025-11-06,7243.196,7352.177,7243.196,7345.723,20172296700,,akshare.stock_zh_index_daily,week1_data_engineer_20260707_20260707T140842,2026-07-07T14:09:03
000905,2025-11-07,7307.296,7371.438,7285.819,7327.911,19292057800,,akshare.stock_zh_index_daily,week1_data_engineer_20260707_20260707T140842,2026-07-07T14:09:03
000905,2025-11-10,7357.339,7384.785,7289.768,7343.802,20450133000,,akshare.stock_zh_index_daily,week1_data_engineer_20260707_20260707T140842,2026-07-07T14:09:03
000905,2025-11-11,7364.925,7379.806,7281.975,7291.608,19166031300,,akshare.stock_zh_index_daily,week1_data_engineer_20260707_20260707T140842,2026-07-07T14:09:03
000905,2025-11-12,7264.792,7305.856,7187.869,7243.248,18550701000,,akshare.stock_zh_index_daily,week1_data_engineer_20260707_20260707T140842,2026-07-07T14:09:03
000905,2025-11-13,7243.64,7366.412,7243.64,7355.291,19989023000,,akshare.stock_zh_index_daily,week1_data_engineer_20260707_20260707T140842,2026-07-07T14:09:03
000905,2025-11-14,7283.699,7329.596,7235.462,7235.462,20586491000,,akshare.stock_zh_index_daily,week1_data_engineer_20260707_20260707T140842,2026-07-07T14:09:03
000905,2025-11-17,7248.922,7262.331,7202.593,7235.351,20305060200,,akshare.stock_zh_index_daily,week1_data_engineer_20260707_20260707T140842,2026-07-07T14:09:03
000905,2025-11-18,7215.03,7230.542,7118.409,7151.018,20221412100,,akshare.stock_zh_index_daily,week1_data_engineer_20260707_20260707T140842,2026-07-07T14:09:03
000905,2025-11-19,7141.264,7178.15,7086.123,7122.747,16278660200,,akshare.stock_zh_index_daily,week1_data_engineer_20260707_20260707T140842,2026-07-07T14:09:03
000905,2025-11-20,7174.105,7180.732,7056.9,7061.95,15961874600,,akshare.stock_zh_index_daily,week1_data_engineer_20260707_20260707T140842,2026-07-07T14:09:03
000905,2025-11-21,6955.749,6986.778,6817.41,6817.41,20893338400,,akshare.stock_zh_index_daily,week1_data_engineer_20260707_20260707T140842,2026-07-07T14:09:03
000905,2025-11-24,6856.755,6905.923,6797.496,6868.966,16636391300,,akshare.stock_zh_index_daily,week1_data_engineer_20260707_20260707T140842,2026-07-07T14:09:03
000905,2025-11-25,6915.123,7018.47,6912.32,6954.603,16271253000,,akshare.stock_zh_index_daily,week1_data_engineer_20260707_20260707T140842,2026-07-07T14:09:03
000905,2025-11-26,6946.081,7024.882,6936.877,6965.045,14894352600,,akshare.stock_zh_index_daily,week1_data_engineer_20260707_20260707T140842,2026-07-07T14:09:03
000905,2025-11-27,6970.733,7045.845,6943.444,6951.284,13784110300,,akshare.stock_zh_index_daily,week1_data_engineer_20260707_20260707T140842,2026-07-07T14:09:03
000905,2025-11-28,6947.237,7031.712,6941.483,7031.551,14021118400,,akshare.stock_zh_index_daily,week1_data_engineer_20260707_20260707T140842,2026-07-07T14:09:03
000905,2025-12-01,7053.847,7101.832,7040.803,7101.832,17897343200,,akshare.stock_zh_index_daily,week1_data_engineer_20260707_20260707T140842,2026-07-07T14:09:03
000905,2025-12-02,7084.799,7085.303,7022.61,7040.301,14951819700,,akshare.stock_zh_index_daily,week1_data_engineer_20260707_20260707T140842,2026-07-07T14:09:03
000905,2025-12-03,7044.857,7064.16,6975.089,6996.355,15783886700,,akshare.stock_zh_index_daily,week1_data_engineer_20260707_20260707T140842,2026-07-07T14:09:03
000905,2025-12-04,7001.642,7039.716,6958.632,7012.806,14103833800,,akshare.stock_zh_index_daily,week1_data_engineer_20260707_20260707T140842,2026-07-07T14:09:03
000905,2025-12-05,7008.649,7104.021,6965.806,7097.839,16873827400,,akshare.stock_zh_index_daily,week1_data_engineer_20260707_20260707T140842,2026-07-07T14:09:03
000905,2025-12-08,7119.051,7193.723,7114.323,7172.367,19261175000,,akshare.stock_zh_index_daily,week1_data_engineer_20260707_20260707T140842,2026-07-07T14:09:03
000905,2025-12-09,7150.973,7185.107,7103.833,7121.326,16690106600,,akshare.stock_zh_index_daily,week1_data_engineer_20260707_20260707T140842,2026-07-07T14:09:03
000905,2025-12-10,7111.571,7171.973,7070.475,7155.994,15396782700,,akshare.stock_zh_index_daily,week1_data_engineer_20260707_20260707T140842,2026-07-07T14:09:03
000905,2025-12-11,7171.208,7179.425,7082.893,7082.893,18184855400,,akshare.stock_zh_index_daily,week1_data_engineer_20260707_20260707T140842,2026-07-07T14:09:03
000905,2025-12-12,7088.1,7187.1,7063.841,7169.791,19840247300,,akshare.stock_zh_index_daily,week1_data_engineer_20260707_20260707T140842,2026-07-07T14:09:03
000905,2025-12-15,7121.381,7177.154,7110.678,7113.962,17217406400,,akshare.stock_zh_index_daily,week1_data_engineer_20260707_20260707T140842,2026-07-07T14:09:03
000905,2025-12-16,7101.67,7102.772,6962.645,7001.319,17206587400,,akshare.stock_zh_index_daily,week1_data_engineer_20260707_20260707T140842,2026-07-07T14:09:03
000905,2025-12-17,7002.506,7160.776,6988.871,7137.834,17441313600,,akshare.stock_zh_index_daily,week1_data_engineer_20260707_20260707T140842,2026-07-07T14:09:03
000905,2025-12-18,7096.982,7172.962,7094.54,7100.836,15489612300,,akshare.stock_zh_index_daily,week1_data_engineer_20260707_20260707T140842,2026-07-07T14:09:03
000905,2025-12-19,7124.405,7197.068,7117.158,7169.551,17884314600,,akshare.stock_zh_index_daily,week1_data_engineer_20260707_20260707T140842,2026-07-07T14:09:03
000905,2025-12-22,7205.489,7277.386,7205.489,7255.661,17824288100,,akshare.stock_zh_index_daily,week1_data_engineer_20260707_20260707T140842,2026-07-07T14:09:03
000905,2025-12-23,7257.908,7297.703,7228.723,7256.786,17347600200,,akshare.stock_zh_index_daily,week1_data_engineer_20260707_20260707T140842,2026-07-07T14:09:03
000905,2025-12-24,7257.615,7362.57,7247.405,7352.04,16883771300,,akshare.stock_zh_index_daily,week1_data_engineer_20260707_20260707T140842,2026-07-07T14:09:03
000905,2025-12-25,7341.922,7426.137,7334.34,7410.712,16841420100,,akshare.stock_zh_index_daily,week1_data_engineer_20260707_20260707T140842,2026-07-07T14:09:03
000905,2025-12-26,7422.601,7484.916,7397.426,7458.839,19927688400,,akshare.stock_zh_index_daily,week1_data_engineer_20260707_20260707T140842,2026-07-07T14:09:03
000905,2025-12-29,7467.504,7491.693,7411.447,7430.615,19884433800,,akshare.stock_zh_index_daily,week1_data_engineer_20260707_20260707T140842,2026-07-07T14:09:03
000905,2025-12-30,7390.14,7495.061,7389.869,7458.936,19620361500,,akshare.stock_zh_index_daily,week1_data_engineer_20260707_20260707T140842,2026-07-07T14:09:03
000905,2025-12-31,7473.752,7488.066,7435.066,7465.574,19442774300,,akshare.stock_zh_index_daily,week1_data_engineer_20260707_20260707T140842,2026-07-07T14:09:03
000905,2026-01-05,7523.875,7651.238,7523.248,7651.198,25185386300,,akshare.stock_zh_index_daily,week1_data_engineer_20260707_20260707T140842,2026-07-07T14:09:03
000905,2026-01-06,7663.942,7814.651,7663.662,7814.136,31312510200,,akshare.stock_zh_index_daily,week1_data_engineer_20260707_20260707T140842,2026-07-07T14:09:03
000905,2026-01-07,7838.912,7909.656,7828.394,7875.082,29390344000,,akshare.stock_zh_index_daily,week1_data_engineer_20260707_20260707T140842,2026-07-07T14:09:03
000905,2026-01-08,7853.209,7938.595,7849.068,7894.545,29356173500,,akshare.stock_zh_index_daily,week1_data_engineer_20260707_20260707T140842,2026-07-07T14:09:03
000905,2026-01-09,7907.849,8064.758,7907.849,8056.686,31462467400,,akshare.stock_zh_index_daily,week1_data_engineer_20260707_20260707T140842,2026-07-07T14:09:03
000905,2026-01-12,8141.626,8261.354,8103.238,8249.128,33523628600,,akshare.stock_zh_index_daily,week1_data_engineer_20260707_20260707T140842,2026-07-07T14:09:03
000905,2026-01-13,8270.422,8270.422,8106.61,8143.28,36413103300,,akshare.stock_zh_index_daily,week1_data_engineer_20260707_20260707T140842,2026-07-07T14:09:03
000905,2026-01-14,8165.352,8368.222,8123.405,8227.697,42276600200,,akshare.stock_zh_index_daily,week1_data_engineer_20260707_20260707T140842,2026-07-07T14:09:03
000905,2026-01-15,8170.349,8249.031,8148.788,8223.268,31359583000,,akshare.stock_zh_index_daily,week1_data_engineer_20260707_20260707T140842,2026-07-07T14:09:03
000905,2026-01-16,8241.693,8292.741,8204.525,8232.674,28197904200,,akshare.stock_zh_index_daily,week1_data_engineer_20260707_20260707T140842,2026-07-07T14:09:03
000905,2026-01-19,8199.499,8318.37,8195.089,8287.947,26149738200,,akshare.stock_zh_index_daily,week1_data_engineer_20260707_20260707T140842,2026-07-07T14:09:03
000905,2026-01-20,8307.642,8342.874,8142.142,8247.805,28986446000,,akshare.stock_zh_index_daily,week1_data_engineer_20260707_20260707T140842,2026-07-07T14:09:03
000905,2026-01-21,8196.557,8351.455,8196.557,8340.113,24330438100,,akshare.stock_zh_index_daily,week1_data_engineer_20260707_20260707T140842,2026-07-07T14:09:03
000905,2026-01-22,8355.678,8396.133,8337.195,8387.595,26880524300,,akshare.stock_zh_index_daily,week1_data_engineer_20260707_20260707T140842,2026-07-07T14:09:03
000905,2026-01-23,8422.356,8590.166,8417.752,8590.166,31969006900,,akshare.stock_zh_index_daily,week1_data_engineer_20260707_20260707T140842,2026-07-07T14:09:03
000905,2026-01-26,8624.888,8671.346,8453.476,8506.693,34928559700,,akshare.stock_zh_index_daily,week1_data_engineer_20260707_20260707T140842,2026-07-07T14:09:03
000905,2026-01-27,8464.65,8581.105,8368.175,8548.932,30285260600,,akshare.stock_zh_index_daily,week1_data_engineer_20260707_20260707T140842,2026-07-07T14:09:03
000905,2026-01-28,8565.339,8633.147,8526.534,8601.164,31177425700,,akshare.stock_zh_index_daily,week1_data_engineer_20260707_20260707T140842,2026-07-07T14:09:03
000905,2026-01-29,8584.681,8658.945,8503.095,8517.843,35419838700,,akshare.stock_zh_index_daily,week1_data_engineer_20260707_20260707T140842,2026-07-07T14:09:03
000905,2026-01-30,8439.652,8496.337,8194.584,8370.52,32894717000,,akshare.stock_zh_index_daily,week1_data_engineer_20260707_20260707T140842,2026-07-07T14:09:03
000905,2026-02-02,8279.715,8324.434,8032.35,8037.046,29964602200,,akshare.stock_zh_index_daily,week1_data_engineer_20260707_20260707T140842,2026-07-07T14:09:03
000905,2026-02-03,8135.87,8286.701,8075.374,8286.701,27222713600,,akshare.stock_zh_index_daily,week1_data_engineer_20260707_20260707T140842,2026-07-07T14:09:03
000905,2026-02-04,8270.842,8309.858,8179.352,8299.057,26886027700,,akshare.stock_zh_index_daily,week1_data_engineer_20260707_20260707T140842,2026-07-07T14:09:03
000905,2026-02-05,8203.063,8224.785,8081.428,8146.107,23184051500,,akshare.stock_zh_index_daily,week1_data_engineer_20260707_20260707T140842,2026-07-07T14:09:03
000905,2026-02-06,8054.218,8247.297,8014.66,8146.413,21864214400,,akshare.stock_zh_index_daily,week1_data_engineer_20260707_20260707T140842,2026-07-07T14:09:03
000905,2026-02-09,8280.109,8313.469,8229.003,8311.283,21166756600,,akshare.stock_zh_index_daily,week1_data_engineer_20260707_20260707T140842,2026-07-07T14:09:03
000905,2026-02-10,8318.533,8331.986,8258.152,8306.445,19580622000,,akshare.stock_zh_index_daily,week1_data_engineer_20260707_20260707T140842,2026-07-07T14:09:03
000905,2026-02-11,8295.333,8373.503,8295.122,8325.811,20401970300,,akshare.stock_zh_index_daily,week1_data_engineer_20260707_20260707T140842,2026-07-07T14:09:03
000905,2026-02-12,8342.365,8437.42,8341.771,8423.57,21213831800,,akshare.stock_zh_index_daily,week1_data_engineer_20260707_20260707T140842,2026-07-07T14:09:03
000905,2026-02-13,8366.333,8419.762,8290.839,8299.585,20278572500,,akshare.stock_zh_index_daily,week1_data_engineer_20260707_20260707T140842,2026-07-07T14:09:03
000905,2026-02-24,8403.311,8444.128,8328.568,8392.91,22462927800,,akshare.stock_zh_index_daily,week1_data_engineer_20260707_20260707T140842,2026-07-07T14:09:03
000905,2026-02-25,8412.08,8551.535,8401.597,8527.559,27789338900,,akshare.stock_zh_index_daily,week1_data_engineer_20260707_20260707T140842,2026-07-07T14:09:03
000905,2026-02-26,8542.832,8582.763,8490.922,8557.216,25411176500,,akshare.stock_zh_index_daily,week1_data_engineer_20260707_20260707T140842,2026-07-07T14:09:03
000905,2026-02-27,8499.796,8658.45,8499.796,8658.45,28036116700,,akshare.stock_zh_index_daily,week1_data_engineer_20260707_20260707T140842,2026-07-07T14:09:03
000905,2026-03-02,8585.853,8683.982,8551.46,8658.334,33903229600,,akshare.stock_zh_index_daily,week1_data_engineer_20260707_20260707T140842,2026-07-07T14:09:03
000905,2026-03-03,8651.06,8654.568,8267.109,8281.614,34615390600,,akshare.stock_zh_index_daily,week1_data_engineer_20260707_20260707T140842,2026-07-07T14:09:03
000905,2026-03-04,8167.981,8377.174,8167.981,8248.945,27210771400,,akshare.stock_zh_index_daily,week1_data_engineer_20260707_20260707T140842,2026-07-07T14:09:03
000905,2026-03-05,8383.546,8391.037,8251.106,8309.171,25634345400,,akshare.stock_zh_index_daily,week1_data_engineer_20260707_20260707T140842,2026-07-07T14:09:03
000905,2026-03-06,8273.183,8394.334,8258.645,8360.335,23451496000,,akshare.stock_zh_index_daily,week1_data_engineer_20260707_20260707T140842,2026-07-07T14:09:03
000905,2026-03-09,8234.193,8305.925,8066.141,8279.481,28651851000,,akshare.stock_zh_index_daily,week1_data_engineer_20260707_20260707T140842,2026-07-07T14:09:03
000905,2026-03-10,8341.145,8412.933,8330.935,8410.303,23994135800,,akshare.stock_zh_index_daily,week1_data_engineer_20260707_20260707T140842,2026-07-07T14:09:03
000905,2026-03-11,8419.311,8439.619,8379.033,8403.33,26448738900,,akshare.stock_zh_index_daily,week1_data_engineer_20260707_20260707T140842,2026-07-07T14:09:03
000905,2026-03-12,8396.722,8433.037,8290.588,8359.472,28243650400,,akshare.stock_zh_index_daily,week1_data_engineer_20260707_20260707T140842,2026-07-07T14:09:03
000905,2026-03-13,8317.78,8371.716,8217.969,8239.798,28813099000,,akshare.stock_zh_index_daily,week1_data_engineer_20260707_20260707T140842,2026-07-07T14:09:03
000905,2026-03-16,8227.693,8233.655,8060.782,8185.152,25620598200,,akshare.stock_zh_index_daily,week1_data_engineer_20260707_20260707T140842,2026-07-07T14:09:03
000905,2026-03-17,8199.993,8207.461,8016.002,8016.026,23013280000,,akshare.stock_zh_index_daily,week1_data_engineer_20260707_20260707T140842,2026-07-07T14:09:03
000905,2026-03-18,8044.919,8105.955,7958.45,8096.428,20649392300,,akshare.stock_zh_index_daily,week1_data_engineer_20260707_20260707T140842,2026-07-07T14:09:03
000905,2026-03-19,7975.848,8000.43,7844.152,7877.09,21974486600,,akshare.stock_zh_index_daily,week1_data_engineer_20260707_20260707T140842,2026-07-07T14:09:03
000905,2026-03-20,7913.485,7941.586,7757.833,7760.037,21944878800,,akshare.stock_zh_index_daily,week1_data_engineer_20260707_20260707T140842,2026-07-07T14:09:03
000905,2026-03-23,7623.245,7708.43,7399.042,7440.745,27156102400,,akshare.stock_zh_index_daily,week1_data_engineer_20260707_20260707T140842,2026-07-07T14:09:03
000905,2026-03-24,7555.082,7597.373,7379.861,7597.373,22896641800,,akshare.stock_zh_index_daily,week1_data_engineer_20260707_20260707T140842,2026-07-07T14:09:03
000905,2026-03-25,7660.401,7806.911,7660.401,7767.665,24071155400,,akshare.stock_zh_index_daily,week1_data_engineer_20260707_20260707T140842,2026-07-07T14:09:03
000905,2026-03-26,7757.019,7777.29,7620.777,7642.13,20621612600,,akshare.stock_zh_index_daily,week1_data_engineer_20260707_20260707T140842,2026-07-07T14:09:03
000905,2026-03-27,7539.196,7785.378,7539.196,7737.614,18820506600,,akshare.stock_zh_index_daily,week1_data_engineer_20260707_20260707T140842,2026-07-07T14:09:03
000905,2026-03-30,7655.153,7766.111,7610.549,7753.723,19783856900,,akshare.stock_zh_index_daily,week1_data_engineer_20260707_20260707T140842,2026-07-07T14:09:03
000905,2026-03-31,7740.579,7788.893,7617.326,7617.326,19908603500,,akshare.stock_zh_index_daily,week1_data_engineer_20260707_20260707T140842,2026-07-07T14:09:03
000905,2026-04-01,7764.336,7778.988,7689.59,7750.092,17596067000,,akshare.stock_zh_index_daily,week1_data_engineer_20260707_20260707T140842,2026-07-07T14:09:03
000905,2026-04-02,7726.445,7740.095,7562.21,7605.293,17208487300,,akshare.stock_zh_index_daily,week1_data_engineer_20260707_20260707T140842,2026-07-07T14:09:03
000905,2026-04-03,7636.663,7640.841,7518.346,7534.938,15163735600,,akshare.stock_zh_index_daily,week1_data_engineer_20260707_20260707T140842,2026-07-07T14:09:03
000905,2026-04-07,7562.137,7630.136,7529.399,7571.111,14696135700,,akshare.stock_zh_index_daily,week1_data_engineer_20260707_20260707T140842,2026-07-07T14:09:03
000905,2026-04-08,7741.635,7945.153,7741.635,7945.153,23193661200,,akshare.stock_zh_index_daily,week1_data_engineer_20260707_20260707T140842,2026-07-07T14:09:03
000905,2026-04-09,7865.205,7947.678,7845.958,7898.633,19055565000,,akshare.stock_zh_index_daily,week1_data_engineer_20260707_20260707T140842,2026-07-07T14:09:03
000905,2026-04-10,7958.815,8070.648,7953.497,7969.365,20340435100,,akshare.stock_zh_index_daily,week1_data_engineer_20260707_20260707T140842,2026-07-07T14:09:03
000905,2026-04-13,7917.919,7990.981,7917.919,7967.697,19494869500,,akshare.stock_zh_index_daily,week1_data_engineer_20260707_20260707T140842,2026-07-07T14:09:03
000905,2026-04-14,8039.074,8088.569,8002.648,8088.569,21429567200,,akshare.stock_zh_index_daily,week1_data_engineer_20260707_20260707T140842,2026-07-07T14:09:03
000905,2026-04-15,8144.809,8150.622,8020.868,8044.077,20365606600,,akshare.stock_zh_index_daily,week1_data_engineer_20260707_20260707T140842,2026-07-07T14:09:03
000905,2026-04-16,8068.154,8189.175,8056.781,8180.082,18845568300,,akshare.stock_zh_index_daily,week1_data_engineer_20260707_20260707T140842,2026-07-07T14:09:03
000905,2026-04-17,8155.396,8230.107,8149.938,8214.194,19157884000,,akshare.stock_zh_index_daily,week1_data_engineer_20260707_20260707T140842,2026-07-07T14:09:03
000905,2026-04-20,8223.584,8310.944,8214.263,8290.022,21376402000,,akshare.stock_zh_index_daily,week1_data_engineer_20260707_20260707T140842,2026-07-07T14:09:03
000905,2026-04-21,8263.379,8281.321,8189.758,8270.327,20183631700,,akshare.stock_zh_index_daily,week1_data_engineer_20260707_20260707T140842,2026-07-07T14:09:03
000905,2026-04-22,8226.852,8377.336,8226.852,8376.181,21333723600,,akshare.stock_zh_index_daily,week1_data_engineer_20260707_20260707T140842,2026-07-07T14:09:03
000905,2026-04-23,8387.765,8401.499,8220.953,8295.207,24948698900,,akshare.stock_zh_index_daily,week1_data_engineer_20260707_20260707T140842,2026-07-07T14:09:03
000905,2026-04-24,8244.778,8299.878,8165.804,8247.876,22231189300,,akshare.stock_zh_index_daily,week1_data_engineer_20260707_20260707T140842,2026-07-07T14:09:03
000905,2026-04-27,8236.434,8326.155,8219.943,8299.049,22459580200,,akshare.stock_zh_index_daily,week1_data_engineer_20260707_20260707T140842,2026-07-07T14:09:03
000905,2026-04-28,8274.631,8275.328,8173.445,8203.961,22010913000,,akshare.stock_zh_index_daily,week1_data_engineer_20260707_20260707T140842,2026-07-07T14:09:03
000905,2026-04-29,8157.355,8356.715,8157.355,8342.422,23087201700,,akshare.stock_zh_index_daily,week1_data_engineer_20260707_20260707T140842,2026-07-07T14:09:03
000905,2026-04-30,8331.439,8375.193,8300.502,8349.508,24755465200,,akshare.stock_zh_index_daily,week1_data_engineer_20260707_20260707T140842,2026-07-07T14:09:03
000905,2026-05-06,8441.342,8621.346,8441.342,8588.44,27464745200,,akshare.stock_zh_index_daily,week1_data_engineer_20260707_20260707T140842,2026-07-07T14:09:03
000905,2026-05-07,8637.841,8700.335,8598.712,8696.799,27099417900,,akshare.stock_zh_index_daily,week1_data_engineer_20260707_20260707T140842,2026-07-07T14:09:03
000905,2026-05-08,8638.838,8706.333,8616.223,8694.171,27114353500,,akshare.stock_zh_index_daily,week1_data_engineer_20260707_20260707T140842,2026-07-07T14:09:03
000905,2026-05-11,8771.176,8863.769,8716.452,8839.742,28833019600,,akshare.stock_zh_index_daily,week1_data_engineer_20260707_20260707T140842,2026-07-07T14:09:03
000905,2026-05-12,8856.18,8856.18,8736.417,8785.979,26987096800,,akshare.stock_zh_index_daily,week1_data_engineer_20260707_20260707T140842,2026-07-07T14:09:03
000905,2026-05-13,8730.913,8925.877,8730.913,8918.239,25409688800,,akshare.stock_zh_index_daily,week1_data_engineer_20260707_20260707T140842,2026-07-07T14:09:03
000905,2026-05-14,8952.95,8956.662,8670.157,8670.157,28950256600,,akshare.stock_zh_index_daily,week1_data_engineer_20260707_20260707T140842,2026-07-07T14:09:03
000905,2026-05-15,8676.621,8717.092,8473.042,8536.344,27096176200,,akshare.stock_zh_index_daily,week1_data_engineer_20260707_20260707T140842,2026-07-07T14:09:03
000905,2026-05-18,8493.016,8606.41,8472.424,8554.237,23109341700,,akshare.stock_zh_index_daily,week1_data_engineer_20260707_20260707T140842,2026-07-07T14:09:03
000905,2026-05-19,8524.154,8633.061,8416.515,8627.946,24386882000,,akshare.stock_zh_index_daily,week1_data_engineer_20260707_20260707T140842,2026-07-07T14:09:03
000905,2026-05-20,8581.394,8681.723,8552.427,8656.306,23041869700,,akshare.stock_zh_index_daily,week1_data_engineer_20260707_20260707T140842,2026-07-07T14:09:03
000905,2026-05-21,8703.174,8790.375,8406.289,8419.837,27948915800,,akshare.stock_zh_index_daily,week1_data_engineer_20260707_20260707T140842,2026-07-07T14:09:03
000905,2026-05-22,8473.609,8591.155,8414.94,8576.94,22161039100,,akshare.stock_zh_index_daily,week1_data_engineer_20260707_20260707T140842,2026-07-07T14:09:03
000905,2026-05-25,8631.208,8705.197,8543.892,8703.89,23505289000,,akshare.stock_zh_index_daily,week1_data_engineer_20260707_20260707T140842,2026-07-07T14:09:03
000905,2026-05-26,8665.436,8673.21,8529.666,8658.619,24710784400,,akshare.stock_zh_index_daily,week1_data_engineer_20260707_20260707T140842,2026-07-07T14:09:03
000905,2026-05-27,8659.219,8722.581,8491.316,8530.98,25911673400,,akshare.stock_zh_index_daily,week1_data_engineer_20260707_20260707T140842,2026-07-07T14:09:03
000905,2026-05-28,8503.671,8596.449,8424.449,8563.222,24224000600,,akshare.stock_zh_index_daily,week1_data_engineer_20260707_20260707T140842,2026-07-07T14:09:03
000905,2026-05-29,8589.818,8597.984,8296.241,8359.56,28119061600,,akshare.stock_zh_index_daily,week1_data_engineer_20260707_20260707T140842,2026-07-07T14:09:03
000905,2026-06-01,8358.487,8442.532,8259.6,8274.212,25817502700,,akshare.stock_zh_index_daily,week1_data_engineer_20260707_20260707T140842,2026-07-07T14:09:03
000905,2026-06-02,8290.833,8378.434,8142.507,8321.435,23958969600,,akshare.stock_zh_index_daily,week1_data_engineer_20260707_20260707T140842,2026-07-07T14:09:03
000905,2026-06-03,8317.003,8462.67,8294.288,8362.156,25357653100,,akshare.stock_zh_index_daily,week1_data_engineer_20260707_20260707T140842,2026-07-07T14:09:03
000905,2026-06-04,8279.863,8391.052,8279.863,8356.744,23082197600,,akshare.stock_zh_index_daily,week1_data_engineer_20260707_20260707T140842,2026-07-07T14:09:03
000905,2026-06-05,8317.642,8399.408,8218.142,8251.141,24708934700,,akshare.stock_zh_index_daily,week1_data_engineer_20260707_20260707T140842,2026-07-07T14:09:03
000905,2026-06-08,7978.66,8142.335,7889.399,7963.453,24479319800,,akshare.stock_zh_index_daily,week1_data_engineer_20260707_20260707T140842,2026-07-07T14:09:03
000905,2026-06-09,8059.339,8181.128,7965.485,8176.179,20929297800,,akshare.stock_zh_index_daily,week1_data_engineer_20260707_20260707T140842,2026-07-07T14:09:03
000905,2026-06-10,8094.137,8148.255,7973.547,8063.864,21091009800,,akshare.stock_zh_index_daily,week1_data_engineer_20260707_20260707T140842,2026-07-07T14:09:03
000905,2026-06-11,8025.608,8091.683,7965.023,8035.779,19685777600,,akshare.stock_zh_index_daily,week1_data_engineer_20260707_20260707T140842,2026-07-07T14:09:03
000905,2026-06-12,8189.21,8258.908,8098.781,8106.203,26624408000,,akshare.stock_zh_index_daily,week1_data_engineer_20260707_20260707T140842,2026-07-07T14:09:03
000905,2026-06-15,8175.052,8406.779,8174.591,8406.748,25556263800,,akshare.stock_zh_index_daily,week1_data_engineer_20260707_20260707T140842,2026-07-07T14:09:03
000905,2026-06-16,8430.916,8538.194,8413.508,8507.98,23149509400,,akshare.stock_zh_index_daily,week1_data_engineer_20260707_20260707T140842,2026-07-07T14:09:03
000905,2026-06-17,8451.633,8630.516,8451.633,8627.086,22464601500,,akshare.stock_zh_index_daily,week1_data_engineer_20260707_20260707T140842,2026-07-07T14:09:03
000905,2026-06-18,8590.499,8716.342,8587.982,8673.09,23946757900,,akshare.stock_zh_index_daily,week1_data_engineer_20260707_20260707T140842,2026-07-07T14:09:03
000905,2026-06-22,8709.664,8870.485,8605.223,8868.782,28002311900,,akshare.stock_zh_index_daily,week1_data_engineer_20260707_20260707T140842,2026-07-07T14:09:03
000905,2026-06-23,8831.592,8895.34,8629.011,8688.592,27240314900,,akshare.stock_zh_index_daily,week1_data_engineer_20260707_20260707T140842,2026-07-07T14:09:03
000905,2026-06-24,8638.656,8850.791,8613.085,8842.938,24531147300,,akshare.stock_zh_index_daily,week1_data_engineer_20260707_20260707T140842,2026-07-07T14:09:03
000905,2026-06-25,8844.849,8940.959,8803.596,8938.011,26010208600,,akshare.stock_zh_index_daily,week1_data_engineer_20260707_20260707T140842,2026-07-07T14:09:03
000905,2026-06-26,8891.031,8926.751,8647.768,8703.565,25855829600,,akshare.stock_zh_index_daily,week1_data_engineer_20260707_20260707T140842,2026-07-07T14:09:03
000905,2026-06-29,8731.576,8837.031,8587.882,8821.094,25146106600,,akshare.stock_zh_index_daily,week1_data_engineer_20260707_20260707T140842,2026-07-07T14:09:03
000905,2026-06-30,8815.107,9040.132,8771.655,9031.379,22433080900,,akshare.stock_zh_index_daily,week1_data_engineer_20260707_20260707T140842,2026-07-07T14:09:03
000905,2026-07-01,9052.043,9147.559,8956.185,9028.933,26310457800,,akshare.stock_zh_index_daily,week1_data_engineer_20260707_20260707T140842,2026-07-07T14:09:03
000905,2026-07-02,8829.621,8932.647,8667.419,8694.176,26128140700,,akshare.stock_zh_index_daily,week1_data_engineer_20260707_20260707T140842,2026-07-07T14:09:03
000905,2026-07-03,8702.327,8860.416,8636.15,8745.261,23014842400,,akshare.stock_zh_index_daily,week1_data_engineer_20260707_20260707T140842,2026-07-07T14:09:03
000905,2026-07-06,8790.967,8823.05,8570.892,8651.134,23015291000,,akshare.stock_zh_index_daily,week1_data_engineer_20260707_20260707T140842,2026-07-07T14:09:03
000852,2023-01-03,6286.814,6433.786,6275.688,6423.701,13318168000,,akshare.stock_zh_index_daily,week1_data_engineer_20260707_20260707T140842,2026-07-07T14:09:03
000852,2023-01-04,6423.43,6445.619,6385.003,6421.277,13104009300,,akshare.stock_zh_index_daily,week1_data_engineer_20260707_20260707T140842,2026-07-07T14:09:03
000852,2023-01-05,6427.455,6489.989,6413.75,6485.469,12166152600,,akshare.stock_zh_index_daily,week1_data_engineer_20260707_20260707T140842,2026-07-07T14:09:03
000852,2023-01-06,6482.883,6539.759,6478.626,6500.32,12938399700,,akshare.stock_zh_index_daily,week1_data_engineer_20260707_20260707T140842,2026-07-07T14:09:03
000852,2023-01-09,6523.137,6559.461,6517.575,6535.749,12204787100,,akshare.stock_zh_index_daily,week1_data_engineer_20260707_20260707T140842,2026-07-07T14:09:03
000852,2023-01-10,6541.82,6546.542,6505.098,6540.201,11162812100,,akshare.stock_zh_index_daily,week1_data_engineer_20260707_20260707T140842,2026-07-07T14:09:03
000852,2023-01-11,6544.567,6562.351,6480.945,6486.905,11288294200,,akshare.stock_zh_index_daily,week1_data_engineer_20260707_20260707T140842,2026-07-07T14:09:03
000852,2023-01-12,6495.16,6529.813,6469.477,6489.57,10493747000,,akshare.stock_zh_index_daily,week1_data_engineer_20260707_20260707T140842,2026-07-07T14:09:03
000852,2023-01-13,6505.237,6517.513,6475.657,6517.513,11076193600,,akshare.stock_zh_index_daily,week1_data_engineer_20260707_20260707T140842,2026-07-07T14:09:03
000852,2023-01-16,6521.454,6628.73,6521.454,6591.806,14107088800,,akshare.stock_zh_index_daily,week1_data_engineer_20260707_20260707T140842,2026-07-07T14:09:03
000852,2023-01-17,6600.251,6622.318,6573.282,6597.495,10842111100,,akshare.stock_zh_index_daily,week1_data_engineer_20260707_20260707T140842,2026-07-07T14:09:03
000852,2023-01-18,6613.742,6635.855,6593.372,6613.005,10583467400,,akshare.stock_zh_index_daily,week1_data_engineer_20260707_20260707T140842,2026-07-07T14:09:03
000852,2023-01-19,6605.448,6678.179,6590.419,6676.08,10758956000,,akshare.stock_zh_index_daily,week1_data_engineer_20260707_20260707T140842,2026-07-07T14:09:03
000852,2023-01-20,6690.143,6740.13,6690.143,6736.852,12276268200,,akshare.stock_zh_index_daily,week1_data_engineer_20260707_20260707T140842,2026-07-07T14:09:03
000852,2023-01-30,6815.139,6839.843,6780.373,6786.453,17076933200,,akshare.stock_zh_index_daily,week1_data_engineer_20260707_20260707T140842,2026-07-07T14:09:03
000852,2023-01-31,6763.399,6820.142,6758.902,6805.276,14771234600,,akshare.stock_zh_index_daily,week1_data_engineer_20260707_20260707T140842,2026-07-07T14:09:03
000852,2023-02-01,6815.057,6916.726,6812.786,6916.72,16965166100,,akshare.stock_zh_index_daily,week1_data_engineer_20260707_20260707T140842,2026-07-07T14:09:03
000852,2023-02-02,6926.579,6969.788,6908.697,6933.226,16713398600,,akshare.stock_zh_index_daily,week1_data_engineer_20260707_20260707T140842,2026-07-07T14:09:03
000852,2023-02-03,6922.79,6934.325,6829.399,6925.076,15755888000,,akshare.stock_zh_index_daily,week1_data_engineer_20260707_20260707T140842,2026-07-07T14:09:03
000852,2023-02-06,6902.492,6928.281,6853.911,6891.413,14605902700,,akshare.stock_zh_index_daily,week1_data_engineer_20260707_20260707T140842,2026-07-07T14:09:03
000852,2023-02-07,6900.232,6924.419,6864.206,6924.321,15010875200,,akshare.stock_zh_index_daily,week1_data_engineer_20260707_20260707T140842,2026-07-07T14:09:03
000852,2023-02-08,6927.33,6932.991,6873.599,6877.725,13851073100,,akshare.stock_zh_index_daily,week1_data_engineer_20260707_20260707T140842,2026-07-07T14:09:03
000852,2023-02-09,6864.027,6999.182,6850.569,6999.182,14914769700,,akshare.stock_zh_index_daily,week1_data_engineer_20260707_20260707T140842,2026-07-07T14:09:03
000852,2023-02-10,6991.234,7015.249,6926.483,6975.395,15243205100,,akshare.stock_zh_index_daily,week1_data_engineer_20260707_20260707T140842,2026-07-07T14:09:03
000852,2023-02-13,6976.33,7052.596,6973.408,7052.177,16084848000,,akshare.stock_zh_index_daily,week1_data_engineer_20260707_20260707T140842,2026-07-07T14:09:03
000852,2023-02-14,7064.529,7070.335,7028.785,7061.449,15178643800,,akshare.stock_zh_index_daily,week1_data_engineer_20260707_20260707T140842,2026-07-07T14:09:03
000852,2023-02-15,7062.362,7076.868,7038.986,7063.605,15977932800,,akshare.stock_zh_index_daily,week1_data_engineer_20260707_20260707T140842,2026-07-07T14:09:03
000852,2023-02-16,7063.927,7098.918,6878.348,6925.203,21738161700,,akshare.stock_zh_index_daily,week1_data_engineer_20260707_20260707T140842,2026-07-07T14:09:03
000852,2023-02-17,6931.993,6954.846,6861.305,6868.548,17265690200,,akshare.stock_zh_index_daily,week1_data_engineer_20260707_20260707T140842,2026-07-07T14:09:03
000852,2023-02-20,6871.862,6959.751,6825.874,6959.361,16561437900,,akshare.stock_zh_index_daily,week1_data_engineer_20260707_20260707T140842,2026-07-07T14:09:03
000852,2023-02-21,6969.355,7008.546,6939.593,6990.475,17169094600,,akshare.stock_zh_index_daily,week1_data_engineer_20260707_20260707T140842,2026-07-07T14:09:03
000852,2023-02-22,6961.15,7014.562,6947.117,6998.43,14460101600,,akshare.stock_zh_index_daily,week1_data_engineer_20260707_20260707T140842,2026-07-07T14:09:03
000852,2023-02-23,6997.783,7008.679,6929.612,6966.787,14186246700,,akshare.stock_zh_index_daily,week1_data_engineer_20260707_20260707T140842,2026-07-07T14:09:03
000852,2023-02-24,6971.649,6983.16,6906.686,6944.824,12107882600,,akshare.stock_zh_index_daily,week1_data_engineer_20260707_20260707T140842,2026-07-07T14:09:03
000852,2023-02-27,6928.034,6950.883,6876.254,6894.296,12930093900,,akshare.stock_zh_index_daily,week1_data_engineer_20260707_20260707T140842,2026-07-07T14:09:03
000852,2023-02-28,6911.362,6955.574,6874.925,6955.574,13103602500,,akshare.stock_zh_index_daily,week1_data_engineer_20260707_20260707T140842,2026-07-07T14:09:03
000852,2023-03-01,6955.482,7002.771,6932.757,7002.771,15590855500,,akshare.stock_zh_index_daily,week1_data_engineer_20260707_20260707T140842,2026-07-07T14:09:03
000852,2023-03-02,6999.232,7021.109,6963.055,6972.306,16650570800,,akshare.stock_zh_index_daily,week1_data_engineer_20260707_20260707T140842,2026-07-07T14:09:03
000852,2023-03-03,6970.213,6997.425,6921.267,6967.94,15459824700,,akshare.stock_zh_index_daily,week1_data_engineer_20260707_20260707T140842,2026-07-07T14:09:03
000852,2023-03-06,6973.523,7004.71,6933.993,6997.044,15031713400,,akshare.stock_zh_index_daily,week1_data_engineer_20260707_20260707T140842,2026-07-07T14:09:03
000852,2023-03-07,6991.559,6993.177,6855.344,6855.344,15975778000,,akshare.stock_zh_index_daily,week1_data_engineer_20260707_20260707T140842,2026-07-07T14:09:03
000852,2023-03-08,6838.629,6894.364,6832.037,6891.456,12128060000,,akshare.stock_zh_index_daily,week1_data_engineer_20260707_20260707T140842,2026-07-07T14:09:03
000852,2023-03-09,6898.24,6911.538,6851.909,6892.857,12667126100,,akshare.stock_zh_index_daily,week1_data_engineer_20260707_20260707T140842,2026-07-07T14:09:03
000852,2023-03-10,6854.41,6864.935,6795.223,6798.299,14033859100,,akshare.stock_zh_index_daily,week1_data_engineer_20260707_20260707T140842,2026-07-07T14:09:03
000852,2023-03-13,6780.023,6832.621,6750.219,6832.621,14119118700,,akshare.stock_zh_index_daily,week1_data_engineer_20260707_20260707T140842,2026-07-07T14:09:03
000852,2023-03-14,6824.248,6824.248,6690.086,6769.849,15633643500,,akshare.stock_zh_index_daily,week1_data_engineer_20260707_20260707T140842,2026-07-07T14:09:03
000852,2023-03-15,6797.821,6844.966,6794.408,6803.474,13914701000,,akshare.stock_zh_index_daily,week1_data_engineer_20260707_20260707T140842,2026-07-07T14:09:03
000852,2023-03-16,6769.607,6777.906,6677.681,6689.783,14188184500,,akshare.stock_zh_index_daily,week1_data_engineer_20260707_20260707T140842,2026-07-07T14:09:03
000852,2023-03-17,6726.957,6781.946,6717.144,6736.367,16153534500,,akshare.stock_zh_index_daily,week1_data_engineer_20260707_20260707T140842,2026-07-07T14:09:03
000852,2023-03-20,6745.952,6760.91,6694.522,6721.455,17531344100,,akshare.stock_zh_index_daily,week1_data_engineer_20260707_20260707T140842,2026-07-07T14:09:03
000852,2023-03-21,6726.798,6810.288,6725.835,6809.391,14658493500,,akshare.stock_zh_index_daily,week1_data_engineer_20260707_20260707T140842,2026-07-07T14:09:03
000852,2023-03-22,6830.194,6845.761,6810.765,6840.326,16031826700,,akshare.stock_zh_index_daily,week1_data_engineer_20260707_20260707T140842,2026-07-07T14:09:03
000852,2023-03-23,6827.676,6869.176,6809.851,6868.835,16544805600,,akshare.stock_zh_index_daily,week1_data_engineer_20260707_20260707T140842,2026-07-07T14:09:03
000852,2023-03-24,6874.538,6880.195,6840.75,6867.952,18168022900,,akshare.stock_zh_index_daily,week1_data_engineer_20260707_20260707T140842,2026-07-07T14:09:03
000852,2023-03-27,6874.386,6900.633,6830.945,6886.689,19506440300,,akshare.stock_zh_index_daily,week1_data_engineer_20260707_20260707T140842,2026-07-07T14:09:03
000852,2023-03-28,6881.109,6884.543,6816.447,6825.383,17046883700,,akshare.stock_zh_index_daily,week1_data_engineer_20260707_20260707T140842,2026-07-07T14:09:03
000852,2023-03-29,6825.129,6839.899,6785.149,6806.281,16080659500,,akshare.stock_zh_index_daily,week1_data_engineer_20260707_20260707T140842,2026-07-07T14:09:03
000852,2023-03-30,6802.071,6814.689,6751.692,6807.645,14617575600,,akshare.stock_zh_index_daily,week1_data_engineer_20260707_20260707T140842,2026-07-07T14:09:03
000852,2023-03-31,6806.609,6878.319,6801.943,6875.808,15158195000,,akshare.stock_zh_index_daily,week1_data_engineer_20260707_20260707T140842,2026-07-07T14:09:03
000852,2023-04-03,6878.089,6966.693,6878.089,6962.205,19455447700,,akshare.stock_zh_index_daily,week1_data_engineer_20260707_20260707T140842,2026-07-07T14:09:03
000852,2023-04-04,6960.906,6966.993,6918.133,6953.363,21321196200,,akshare.stock_zh_index_daily,week1_data_engineer_20260707_20260707T140842,2026-07-07T14:09:03
000852,2023-04-06,6926.188,6988.375,6921.662,6983.027,19100949400,,akshare.stock_zh_index_daily,week1_data_engineer_20260707_20260707T140842,2026-07-07T14:09:03
000852,2023-04-07,6987.007,7043.222,6978.348,7042.89,16743732000,,akshare.stock_zh_index_daily,week1_data_engineer_20260707_20260707T140842,2026-07-07T14:09:03
000852,2023-04-10,7050.235,7052.741,6950.771,6968.573,18100786800,,akshare.stock_zh_index_daily,week1_data_engineer_20260707_20260707T140842,2026-07-07T14:09:03
000852,2023-04-11,6967.03,6986.443,6937.02,6984.142,16279396500,,akshare.stock_zh_index_daily,week1_data_engineer_20260707_20260707T140842,2026-07-07T14:09:03
000852,2023-04-12,6989.693,7027.84,6979.278,7021.016,18030093800,,akshare.stock_zh_index_daily,week1_data_engineer_20260707_20260707T140842,2026-07-07T14:09:03
000852,2023-04-13,7011.658,7029.104,6956.676,6966.818,18293674600,,akshare.stock_zh_index_daily,week1_data_engineer_20260707_20260707T140842,2026-07-07T14:09:03
000852,2023-04-14,6978.592,7026.121,6942.569,7020.094,17475180200,,akshare.stock_zh_index_daily,week1_data_engineer_20260707_20260707T140842,2026-07-07T14:09:03
000852,2023-04-17,7009.468,7030.24,6989.697,7012.773,17346310100,,akshare.stock_zh_index_daily,week1_data_engineer_20260707_20260707T140842,2026-07-07T14:09:03
000852,2023-04-18,7002.256,7014.385,6961.506,6997.072,16027809500,,akshare.stock_zh_index_daily,week1_data_engineer_20260707_20260707T140842,2026-07-07T14:09:03
000852,2023-04-19,6988.655,7011.931,6955.361,6965.576,16896811700,,akshare.stock_zh_index_daily,week1_data_engineer_20260707_20260707T140842,2026-07-07T14:09:03
000852,2023-04-20,6956.365,6963.899,6911.981,6963.899,17424078500,,akshare.stock_zh_index_daily,week1_data_engineer_20260707_20260707T140842,2026-07-07T14:09:03
000852,2023-04-21,6954.099,6963.077,6773.512,6773.512,19317732400,,akshare.stock_zh_index_daily,week1_data_engineer_20260707_20260707T140842,2026-07-07T14:09:03
000852,2023-04-24,6766.518,6771.652,6692.224,6725.271,17236563900,,akshare.stock_zh_index_daily,week1_data_engineer_20260707_20260707T140842,2026-07-07T14:09:03
000852,2023-04-25,6708.278,6711.568,6517.273,6603.239,19439982000,,akshare.stock_zh_index_daily,week1_data_engineer_20260707_20260707T140842,2026-07-07T14:09:03
000852,2023-04-26,6577.359,6667.429,6573.878,6624.4,18456174500,,akshare.stock_zh_index_daily,week1_data_engineer_20260707_20260707T140842,2026-07-07T14:09:03
000852,2023-04-27,6597.731,6672.219,6593.384,6633.493,17420209100,,akshare.stock_zh_index_daily,week1_data_engineer_20260707_20260707T140842,2026-07-07T14:09:03
000852,2023-04-28,6617.325,6724.573,6617.325,6723.305,18902761600,,akshare.stock_zh_index_daily,week1_data_engineer_20260707_20260707T140842,2026-07-07T14:09:03
000852,2023-05-04,6701.491,6738.443,6698.642,6733.969,20213704700,,akshare.stock_zh_index_daily,week1_data_engineer_20260707_20260707T140842,2026-07-07T14:09:03
000852,2023-05-05,6723.16,6723.98,6612.741,6653.653,18587696200,,akshare.stock_zh_index_daily,week1_data_engineer_20260707_20260707T140842,2026-07-07T14:09:03
000852,2023-05-08,6660.917,6714.389,6660.917,6702.5,20420461900,,akshare.stock_zh_index_daily,week1_data_engineer_20260707_20260707T140842,2026-07-07T14:09:03
000852,2023-05-09,6696.668,6705.738,6610.567,6611.637,21751823800,,akshare.stock_zh_index_daily,week1_data_engineer_20260707_20260707T140842,2026-07-07T14:09:03
000852,2023-05-10,6599.788,6648.038,6576.399,6627.311,17230127700,,akshare.stock_zh_index_daily,week1_data_engineer_20260707_20260707T140842,2026-07-07T14:09:03
000852,2023-05-11,6634.164,6653.382,6618.193,6622.521,15580515500,,akshare.stock_zh_index_daily,week1_data_engineer_20260707_20260707T140842,2026-07-07T14:09:03
000852,2023-05-12,6608.828,6630.559,6535.11,6535.944,15332911500,,akshare.stock_zh_index_daily,week1_data_engineer_20260707_20260707T140842,2026-07-07T14:09:03
000852,2023-05-15,6537.397,6585.91,6466.449,6585.91,16112681900,,akshare.stock_zh_index_daily,week1_data_engineer_20260707_20260707T140842,2026-07-07T14:09:03
000852,2023-05-16,6586.718,6586.718,6501.307,6516.289,14243410700,,akshare.stock_zh_index_daily,week1_data_engineer_20260707_20260707T140842,2026-07-07T14:09:03
000852,2023-05-17,6500.438,6555.769,6497.379,6554.98,12577806300,,akshare.stock_zh_index_daily,week1_data_engineer_20260707_20260707T140842,2026-07-07T14:09:03
000852,2023-05-18,6557.37,6595.491,6554.081,6583.738,14436880100,,akshare.stock_zh_index_daily,week1_data_engineer_20260707_20260707T140842,2026-07-07T14:09:03
000852,2023-05-19,6571.087,6621.426,6545.085,6602.317,13543298900,,akshare.stock_zh_index_daily,week1_data_engineer_20260707_20260707T140842,2026-07-07T14:09:03
000852,2023-05-22,6589.351,6608.883,6556.74,6595.984,13119854300,,akshare.stock_zh_index_daily,week1_data_engineer_20260707_20260707T140842,2026-07-07T14:09:03
000852,2023-05-23,6591.557,6600.802,6528.453,6528.453,12859551700,,akshare.stock_zh_index_daily,week1_data_engineer_20260707_20260707T140842,2026-07-07T14:09:03
000852,2023-05-24,6507.06,6564.513,6476.689,6513.182,12585509300,,akshare.stock_zh_index_daily,week1_data_engineer_20260707_20260707T140842,2026-07-07T14:09:03
000852,2023-05-25,6502.23,6541.388,6424.447,6501.0,13583464300,,akshare.stock_zh_index_daily,week1_data_engineer_20260707_20260707T140842,2026-07-07T14:09:03
000852,2023-05-26,6495.348,6558.109,6451.727,6546.408,12627561700,,akshare.stock_zh_index_daily,week1_data_engineer_20260707_20260707T140842,2026-07-07T14:09:03
000852,2023-05-29,6560.161,6579.151,6518.031,6534.117,15248265700,,akshare.stock_zh_index_daily,week1_data_engineer_20260707_20260707T140842,2026-07-07T14:09:03
000852,2023-05-30,6517.707,6565.477,6461.093,6564.469,15131765100,,akshare.stock_zh_index_daily,week1_data_engineer_20260707_20260707T140842,2026-07-07T14:09:03
000852,2023-05-31,6556.516,6581.934,6523.273,6561.649,14296836400,,akshare.stock_zh_index_daily,week1_data_engineer_20260707_20260707T140842,2026-07-07T14:09:03
000852,2023-06-01,6539.259,6616.527,6515.023,6574.758,15396233900,,akshare.stock_zh_index_daily,week1_data_engineer_20260707_20260707T140842,2026-07-07T14:09:03
000852,2023-06-02,6585.73,6640.53,6585.73,6626.279,14926360400,,akshare.stock_zh_index_daily,week1_data_engineer_20260707_20260707T140842,2026-07-07T14:09:03
000852,2023-06-05,6631.222,6647.204,6609.017,6632.956,13715059400,,akshare.stock_zh_index_daily,week1_data_engineer_20260707_20260707T140842,2026-07-07T14:09:03
000852,2023-06-06,6625.086,6625.086,6475.259,6489.811,15175795900,,akshare.stock_zh_index_daily,week1_data_engineer_20260707_20260707T140842,2026-07-07T14:09:03
000852,2023-06-07,6487.196,6517.319,6467.304,6488.557,13140470900,,akshare.stock_zh_index_daily,week1_data_engineer_20260707_20260707T140842,2026-07-07T14:09:03
000852,2023-06-08,6477.94,6478.317,6399.782,6442.482,13558307000,,akshare.stock_zh_index_daily,week1_data_engineer_20260707_20260707T140842,2026-07-07T14:09:03
000852,2023-06-09,6446.62,6500.447,6427.919,6495.564,15197757900,,akshare.stock_zh_index_daily,week1_data_engineer_20260707_20260707T140842,2026-07-07T14:09:03
000852,2023-06-12,6488.2,6549.785,6474.863,6530.161,14515322000,,akshare.stock_zh_index_daily,week1_data_engineer_20260707_20260707T140842,2026-07-07T14:09:03
000852,2023-06-13,6525.048,6561.021,6519.967,6554.957,14563630100,,akshare.stock_zh_index_daily,week1_data_engineer_20260707_20260707T140842,2026-07-07T14:09:03
000852,2023-06-14,6556.032,6591.694,6547.486,6578.123,14919593100,,akshare.stock_zh_index_daily,week1_data_engineer_20260707_20260707T140842,2026-07-07T14:09:03
000852,2023-06-15,6579.462,6618.624,6568.611,6613.955,14795542700,,akshare.stock_zh_index_daily,week1_data_engineer_20260707_20260707T140842,2026-07-07T14:09:03
000852,2023-06-16,6613.105,6674.622,6602.039,6669.005,15570868900,,akshare.stock_zh_index_daily,week1_data_engineer_20260707_20260707T140842,2026-07-07T14:09:03
000852,2023-06-19,6674.119,6707.227,6673.812,6693.299,16802575500,,akshare.stock_zh_index_daily,week1_data_engineer_20260707_20260707T140842,2026-07-07T14:09:03
000852,2023-06-20,6683.924,6717.713,6671.99,6693.915,15886065300,,akshare.stock_zh_index_daily,week1_data_engineer_20260707_20260707T140842,2026-07-07T14:09:03
000852,2023-06-21,6679.148,6681.566,6548.407,6548.407,15398394400,,akshare.stock_zh_index_daily,week1_data_engineer_20260707_20260707T140842,2026-07-07T14:09:03
000852,2023-06-26,6504.971,6535.492,6404.044,6420.973,15473268800,,akshare.stock_zh_index_daily,week1_data_engineer_20260707_20260707T140842,2026-07-07T14:09:03
000852,2023-06-27,6425.843,6518.983,6424.332,6507.273,13560711900,,akshare.stock_zh_index_daily,week1_data_engineer_20260707_20260707T140842,2026-07-07T14:09:03
000852,2023-06-28,6504.499,6505.47,6367.353,6475.505,14580838500,,akshare.stock_zh_index_daily,week1_data_engineer_20260707_20260707T140842,2026-07-07T14:09:03
000852,2023-06-29,6465.096,6542.276,6462.068,6520.039,13525214500,,akshare.stock_zh_index_daily,week1_data_engineer_20260707_20260707T140842,2026-07-07T14:09:03
000852,2023-06-30,6507.504,6615.974,6500.861,6602.037,14449892400,,akshare.stock_zh_index_daily,week1_data_engineer_20260707_20260707T140842,2026-07-07T14:09:03
000852,2023-07-03,6617.076,6640.339,6571.843,6612.884,16097735600,,akshare.stock_zh_index_daily,week1_data_engineer_20260707_20260707T140842,2026-07-07T14:09:03
000852,2023-07-04,6610.664,6639.816,6599.6,6638.447,13974279500,,akshare.stock_zh_index_daily,week1_data_engineer_20260707_20260707T140842,2026-07-07T14:09:03
000852,2023-07-05,6632.367,6642.549,6575.73,6584.423,13305228000,,akshare.stock_zh_index_daily,week1_data_engineer_20260707_20260707T140842,2026-07-07T14:09:03
000852,2023-07-06,6573.576,6619.292,6558.885,6567.079,12407726800,,akshare.stock_zh_index_daily,week1_data_engineer_20260707_20260707T140842,2026-07-07T14:09:03
000852,2023-07-07,6553.558,6558.108,6486.115,6521.427,12359954100,,akshare.stock_zh_index_daily,week1_data_engineer_20260707_20260707T140842,2026-07-07T14:09:03
000852,2023-07-10,6539.079,6556.154,6501.746,6526.852,12045093600,,akshare.stock_zh_index_daily,week1_data_engineer_20260707_20260707T140842,2026-07-07T14:09:03
000852,2023-07-11,6531.628,6579.37,6514.991,6579.37,11960364400,,akshare.stock_zh_index_daily,week1_data_engineer_20260707_20260707T140842,2026-07-07T14:09:03
000852,2023-07-12,6576.942,6576.962,6476.847,6482.987,14020447100,,akshare.stock_zh_index_daily,week1_data_engineer_20260707_20260707T140842,2026-07-07T14:09:03
000852,2023-07-13,6497.809,6553.599,6497.758,6548.313,13511775700,,akshare.stock_zh_index_daily,week1_data_engineer_20260707_20260707T140842,2026-07-07T14:09:03
000852,2023-07-14,6554.535,6571.144,6538.646,6544.459,13563197100,,akshare.stock_zh_index_daily,week1_data_engineer_20260707_20260707T140842,2026-07-07T14:09:03
000852,2023-07-17,6524.605,6525.187,6481.286,6516.56,12640877300,,akshare.stock_zh_index_daily,week1_data_engineer_20260707_20260707T140842,2026-07-07T14:09:03
000852,2023-07-18,6519.757,6537.914,6490.059,6510.034,11996865300,,akshare.stock_zh_index_daily,week1_data_engineer_20260707_20260707T140842,2026-07-07T14:09:03
000852,2023-07-19,6508.523,6530.543,6459.443,6492.349,10913633500,,akshare.stock_zh_index_daily,week1_data_engineer_20260707_20260707T140842,2026-07-07T14:09:03
000852,2023-07-20,6497.778,6512.449,6404.123,6408.76,12215096200,,akshare.stock_zh_index_daily,week1_data_engineer_20260707_20260707T140842,2026-07-07T14:09:03
000852,2023-07-21,6397.154,6447.296,6378.197,6401.417,11359084900,,akshare.stock_zh_index_daily,week1_data_engineer_20260707_20260707T140842,2026-07-07T14:09:03
000852,2023-07-24,6397.431,6437.989,6370.055,6393.794,10904946500,,akshare.stock_zh_index_daily,week1_data_engineer_20260707_20260707T140842,2026-07-07T14:09:03
000852,2023-07-25,6448.271,6499.416,6444.579,6498.269,14736572700,,akshare.stock_zh_index_daily,week1_data_engineer_20260707_20260707T140842,2026-07-07T14:09:03
000852,2023-07-26,6497.595,6497.595,6441.558,6457.254,14958352200,,akshare.stock_zh_index_daily,week1_data_engineer_20260707_20260707T140842,2026-07-07T14:09:03
000852,2023-07-27,6458.484,6475.83,6397.595,6407.546,14462435800,,akshare.stock_zh_index_daily,week1_data_engineer_20260707_20260707T140842,2026-07-07T14:09:03
000852,2023-07-28,6389.435,6471.676,6369.372,6465.376,15726753200,,akshare.stock_zh_index_daily,week1_data_engineer_20260707_20260707T140842,2026-07-07T14:09:03
000852,2023-07-31,6475.828,6549.745,6475.828,6515.849,18381598000,,akshare.stock_zh_index_daily,week1_data_engineer_20260707_20260707T140842,2026-07-07T14:09:03
000852,2023-08-01,6513.14,6521.97,6482.168,6507.412,18432646400,,akshare.stock_zh_index_daily,week1_data_engineer_20260707_20260707T140842,2026-07-07T14:09:03
000852,2023-08-02,6499.864,6515.069,6475.423,6496.022,16864628900,,akshare.stock_zh_index_daily,week1_data_engineer_20260707_20260707T140842,2026-07-07T14:09:03
000852,2023-08-03,6472.113,6502.545,6460.28,6499.545,16347139500,,akshare.stock_zh_index_daily,week1_data_engineer_20260707_20260707T140842,2026-07-07T14:09:03
000852,2023-08-04,6514.54,6561.739,6505.861,6535.322,19462299900,,akshare.stock_zh_index_daily,week1_data_engineer_20260707_20260707T140842,2026-07-07T14:09:03
000852,2023-08-07,6524.296,6532.518,6485.662,6503.983,16891941200,,akshare.stock_zh_index_daily,week1_data_engineer_20260707_20260707T140842,2026-07-07T14:09:03
000852,2023-08-08,6496.59,6500.902,6457.247,6471.344,14274341400,,akshare.stock_zh_index_daily,week1_data_engineer_20260707_20260707T140842,2026-07-07T14:09:03
000852,2023-08-09,6452.98,6464.363,6411.228,6420.977,13231946700,,akshare.stock_zh_index_daily,week1_data_engineer_20260707_20260707T140842,2026-07-07T14:09:03
000852,2023-08-10,6409.222,6438.431,6392.895,6426.814,13195769200,,akshare.stock_zh_index_daily,week1_data_engineer_20260707_20260707T140842,2026-07-07T14:09:03
000852,2023-08-11,6428.879,6428.879,6304.635,6304.635,14901672900,,akshare.stock_zh_index_daily,week1_data_engineer_20260707_20260707T140842,2026-07-07T14:09:03
000852,2023-08-14,6251.966,6320.949,6213.976,6319.407,13839222100,,akshare.stock_zh_index_daily,week1_data_engineer_20260707_20260707T140842,2026-07-07T14:09:03
000852,2023-08-15,6318.548,6325.574,6203.443,6261.733,12270310700,,akshare.stock_zh_index_daily,week1_data_engineer_20260707_20260707T140842,2026-07-07T14:09:03
000852,2023-08-16,6240.712,6255.811,6186.403,6186.403,12495875900,,akshare.stock_zh_index_daily,week1_data_engineer_20260707_20260707T140842,2026-07-07T14:09:03
000852,2023-08-17,6167.654,6255.05,6128.131,6247.601,12913523800,,akshare.stock_zh_index_daily,week1_data_engineer_20260707_20260707T140842,2026-07-07T14:09:03
000852,2023-08-18,6245.126,6259.791,6117.107,6117.107,13921253900,,akshare.stock_zh_index_daily,week1_data_engineer_20260707_20260707T140842,2026-07-07T14:09:03
000852,2023-08-21,6107.924,6154.25,6057.171,6057.171,11709169600,,akshare.stock_zh_index_daily,week1_data_engineer_20260707_20260707T140842,2026-07-07T14:09:03
000852,2023-08-22,6082.721,6108.21,5984.437,6099.195,14428242200,,akshare.stock_zh_index_daily,week1_data_engineer_20260707_20260707T140842,2026-07-07T14:09:03
000852,2023-08-23,6084.154,6084.154,5973.646,5973.671,12842238200,,akshare.stock_zh_index_daily,week1_data_engineer_20260707_20260707T140842,2026-07-07T14:09:03
000852,2023-08-24,5989.428,6049.546,5942.567,5987.966,13419745100,,akshare.stock_zh_index_daily,week1_data_engineer_20260707_20260707T140842,2026-07-07T14:09:03
000852,2023-08-25,5960.589,5980.241,5855.878,5879.027,14011710800,,akshare.stock_zh_index_daily,week1_data_engineer_20260707_20260707T140842,2026-07-07T14:09:03
000852,2023-08-28,6204.104,6204.104,5907.941,5922.162,21087009800,,akshare.stock_zh_index_daily,week1_data_engineer_20260707_20260707T140842,2026-07-07T14:09:03
000852,2023-08-29,5909.462,6121.591,5907.961,6108.759,18668957600,,akshare.stock_zh_index_daily,week1_data_engineer_20260707_20260707T140842,2026-07-07T14:09:03
000852,2023-08-30,6117.411,6185.273,6102.091,6139.627,16749956000,,akshare.stock_zh_index_daily,week1_data_engineer_20260707_20260707T140842,2026-07-07T14:09:03
000852,2023-08-31,6130.642,6130.953,6087.327,6104.295,14304040900,,akshare.stock_zh_index_daily,week1_data_engineer_20260707_20260707T140842,2026-07-07T14:09:03
000852,2023-09-01,6108.128,6136.782,6086.271,6107.2,12401705300,,akshare.stock_zh_index_daily,week1_data_engineer_20260707_20260707T140842,2026-07-07T14:09:03
000852,2023-09-04,6129.539,6198.762,6109.097,6198.762,15550728100,,akshare.stock_zh_index_daily,week1_data_engineer_20260707_20260707T140842,2026-07-07T14:09:03
000852,2023-09-05,6188.515,6206.346,6154.83,6167.642,14106799900,,akshare.stock_zh_index_daily,week1_data_engineer_20260707_20260707T140842,2026-07-07T14:09:03
000852,2023-09-06,6146.394,6202.324,6117.806,6195.383,12971766400,,akshare.stock_zh_index_daily,week1_data_engineer_20260707_20260707T140842,2026-07-07T14:09:03
000852,2023-09-07,6185.328,6185.328,6083.489,6083.489,13225411600,,akshare.stock_zh_index_daily,week1_data_engineer_20260707_20260707T140842,2026-07-07T14:09:03
000852,2023-09-08,6063.241,6128.839,6062.897,6102.488,11891827900,,akshare.stock_zh_index_daily,week1_data_engineer_20260707_20260707T140842,2026-07-07T14:09:03
000852,2023-09-11,6114.067,6204.434,6083.391,6182.643,14400329900,,akshare.stock_zh_index_daily,week1_data_engineer_20260707_20260707T140842,2026-07-07T14:09:03
000852,2023-09-12,6175.635,6212.26,6169.035,6184.606,12051225300,,akshare.stock_zh_index_daily,week1_data_engineer_20260707_20260707T140842,2026-07-07T14:09:03
000852,2023-09-13,6169.529,6177.385,6059.287,6103.137,12503267600,,akshare.stock_zh_index_daily,week1_data_engineer_20260707_20260707T140842,2026-07-07T14:09:03
000852,2023-09-14,6101.773,6102.488,6037.717,6068.713,11444184400,,akshare.stock_zh_index_daily,week1_data_engineer_20260707_20260707T140842,2026-07-07T14:09:03
000852,2023-09-15,6082.194,6117.821,6046.874,6079.063,12419690300,,akshare.stock_zh_index_daily,week1_data_engineer_20260707_20260707T140842,2026-07-07T14:09:03
000852,2023-09-18,6058.297,6106.265,6029.973,6083.969,11839445700,,akshare.stock_zh_index_daily,week1_data_engineer_20260707_20260707T140842,2026-07-07T14:09:03
000852,2023-09-19,6077.396,6077.396,6011.908,6031.042,11274599300,,akshare.stock_zh_index_daily,week1_data_engineer_20260707_20260707T140842,2026-07-07T14:09:03
000852,2023-09-20,6020.91,6038.752,5982.105,5982.558,10572797400,,akshare.stock_zh_index_daily,week1_data_engineer_20260707_20260707T140842,2026-07-07T14:09:03
000852,2023-09-21,5968.35,5999.401,5931.104,5939.664,9970952900,,akshare.stock_zh_index_daily,week1_data_engineer_20260707_20260707T140842,2026-07-07T14:09:03
000852,2023-09-22,5934.266,6056.446,5923.243,6054.928,13355677200,,akshare.stock_zh_index_daily,week1_data_engineer_20260707_20260707T140842,2026-07-07T14:09:03
000852,2023-09-25,6051.821,6058.465,6014.613,6027.394,12953261200,,akshare.stock_zh_index_daily,week1_data_engineer_20260707_20260707T140842,2026-07-07T14:09:03
000852,2023-09-26,6017.302,6034.855,5996.047,5996.11,11406156300,,akshare.stock_zh_index_daily,week1_data_engineer_20260707_20260707T140842,2026-07-07T14:09:03
000852,2023-09-27,5989.803,6063.912,5989.16,6034.061,12166233000,,akshare.stock_zh_index_daily,week1_data_engineer_20260707_20260707T140842,2026-07-07T14:09:03
000852,2023-09-28,6048.833,6085.533,6048.677,6078.945,12775925600,,akshare.stock_zh_index_daily,week1_data_engineer_20260707_20260707T140842,2026-07-07T14:09:03
000852,2023-10-09,6073.276,6075.464,6025.358,6059.965,13675596400,,akshare.stock_zh_index_daily,week1_data_engineer_20260707_20260707T140842,2026-07-07T14:09:03
000852,2023-10-10,6069.905,6084.931,6037.466,6043.482,14081531200,,akshare.stock_zh_index_daily,week1_data_engineer_20260707_20260707T140842,2026-07-07T14:09:03
000852,2023-10-11,6056.029,6105.416,6040.502,6059.401,14360113000,,akshare.stock_zh_index_daily,week1_data_engineer_20260707_20260707T140842,2026-07-07T14:09:03
000852,2023-10-12,6088.545,6106.95,6064.819,6104.456,14545282400,,akshare.stock_zh_index_daily,week1_data_engineer_20260707_20260707T140842,2026-07-07T14:09:03
000852,2023-10-13,6080.328,6091.538,6063.558,6081.866,14411508900,,akshare.stock_zh_index_daily,week1_data_engineer_20260707_20260707T140842,2026-07-07T14:09:03
000852,2023-10-16,6089.424,6089.482,5996.789,6024.359,16445921700,,akshare.stock_zh_index_daily,week1_data_engineer_20260707_20260707T140842,2026-07-07T14:09:03
000852,2023-10-17,6027.914,6028.021,5967.3,6011.37,13942123400,,akshare.stock_zh_index_daily,week1_data_engineer_20260707_20260707T140842,2026-07-07T14:09:03
000852,2023-10-18,5992.509,5992.509,5905.836,5908.008,14506515300,,akshare.stock_zh_index_daily,week1_data_engineer_20260707_20260707T140842,2026-07-07T14:09:03
000852,2023-10-19,5879.808,5929.58,5842.412,5842.892,15549780100,,akshare.stock_zh_index_daily,week1_data_engineer_20260707_20260707T140842,2026-07-07T14:09:03
000852,2023-10-20,5816.717,5855.462,5767.021,5774.32,13896434900,,akshare.stock_zh_index_daily,week1_data_engineer_20260707_20260707T140842,2026-07-07T14:09:03
000852,2023-10-23,5754.177,5754.245,5613.73,5638.136,14584585400,,akshare.stock_zh_index_daily,week1_data_engineer_20260707_20260707T140842,2026-07-07T14:09:03
000852,2023-10-24,5654.926,5734.549,5625.709,5719.323,15155306600,,akshare.stock_zh_index_daily,week1_data_engineer_20260707_20260707T140842,2026-07-07T14:09:03
000852,2023-10-25,5753.685,5811.268,5752.786,5778.905,16359732600,,akshare.stock_zh_index_daily,week1_data_engineer_20260707_20260707T140842,2026-07-07T14:09:03
000852,2023-10-26,5745.534,5817.634,5724.0,5811.692,15727583200,,akshare.stock_zh_index_daily,week1_data_engineer_20260707_20260707T140842,2026-07-07T14:09:03
000852,2023-10-27,5792.606,5937.54,5774.631,5916.678,17217964600,,akshare.stock_zh_index_daily,week1_data_engineer_20260707_20260707T140842,2026-07-07T14:09:03
000852,2023-10-30,5899.38,6017.281,5898.694,6006.559,17928105200,,akshare.stock_zh_index_daily,week1_data_engineer_20260707_20260707T140842,2026-07-07T14:09:03
000852,2023-10-31,6003.365,6013.733,5934.205,5969.341,16531844100,,akshare.stock_zh_index_daily,week1_data_engineer_20260707_20260707T140842,2026-07-07T14:09:03
000852,2023-11-01,5969.807,5983.869,5943.193,5958.418,14745112800,,akshare.stock_zh_index_daily,week1_data_engineer_20260707_20260707T140842,2026-07-07T14:09:03
000852,2023-11-02,5958.477,5983.222,5885.247,5885.247,14014441200,,akshare.stock_zh_index_daily,week1_data_engineer_20260707_20260707T140842,2026-07-07T14:09:03
000852,2023-11-03,5895.602,5992.746,5895.602,5973.167,14612020600,,akshare.stock_zh_index_daily,week1_data_engineer_20260707_20260707T140842,2026-07-07T14:09:03
000852,2023-11-06,6007.434,6097.037,6007.434,6096.57,18660314600,,akshare.stock_zh_index_daily,week1_data_engineer_20260707_20260707T140842,2026-07-07T14:09:03
000852,2023-11-07,6088.511,6132.138,6068.244,6116.757,17394670700,,akshare.stock_zh_index_daily,week1_data_engineer_20260707_20260707T140842,2026-07-07T14:09:03
000852,2023-11-08,6114.987,6160.242,6099.292,6138.938,18396408800,,akshare.stock_zh_index_daily,week1_data_engineer_20260707_20260707T140842,2026-07-07T14:09:03
000852,2023-11-09,6135.072,6160.979,6087.728,6100.693,16224431900,,akshare.stock_zh_index_daily,week1_data_engineer_20260707_20260707T140842,2026-07-07T14:09:03
000852,2023-11-10,6079.473,6097.611,6055.988,6088.558,14156760500,,akshare.stock_zh_index_daily,week1_data_engineer_20260707_20260707T140842,2026-07-07T14:09:03
000852,2023-11-13,6107.269,6144.635,6095.275,6144.635,15035960600,,akshare.stock_zh_index_daily,week1_data_engineer_20260707_20260707T140842,2026-07-07T14:09:03
000852,2023-11-14,6143.481,6189.5,6133.223,6181.98,16017236300,,akshare.stock_zh_index_daily,week1_data_engineer_20260707_20260707T140842,2026-07-07T14:09:03
000852,2023-11-15,6226.198,6234.536,6184.9,6207.268,16761318800,,akshare.stock_zh_index_daily,week1_data_engineer_20260707_20260707T140842,2026-07-07T14:09:03
000852,2023-11-16,6188.826,6193.638,6143.819,6145.151,14368211600,,akshare.stock_zh_index_daily,week1_data_engineer_20260707_20260707T140842,2026-07-07T14:09:03
000852,2023-11-17,6135.825,6199.231,6131.666,6199.228,14598965800,,akshare.stock_zh_index_daily,week1_data_engineer_20260707_20260707T140842,2026-07-07T14:09:03
000852,2023-11-20,6211.339,6254.136,6184.638,6253.276,16024627100,,akshare.stock_zh_index_daily,week1_data_engineer_20260707_20260707T140842,2026-07-07T14:09:03
000852,2023-11-21,6258.741,6267.22,6200.691,6212.125,17615066500,,akshare.stock_zh_index_daily,week1_data_engineer_20260707_20260707T140842,2026-07-07T14:09:03
000852,2023-11-22,6193.358,6221.871,6132.97,6132.97,17118316300,,akshare.stock_zh_index_daily,week1_data_engineer_20260707_20260707T140842,2026-07-07T14:09:03
000852,2023-11-23,6123.586,6199.875,6107.004,6197.526,15210718300,,akshare.stock_zh_index_daily,week1_data_engineer_20260707_20260707T140842,2026-07-07T14:09:03
000852,2023-11-24,6194.024,6194.024,6098.961,6115.407,14981599200,,akshare.stock_zh_index_daily,week1_data_engineer_20260707_20260707T140842,2026-07-07T14:09:03
000852,2023-11-27,6107.562,6130.401,6076.711,6111.364,15443307700,,akshare.stock_zh_index_daily,week1_data_engineer_20260707_20260707T140842,2026-07-07T14:09:03
000852,2023-11-28,6099.512,6143.302,6065.688,6143.302,12836813300,,akshare.stock_zh_index_daily,week1_data_engineer_20260707_20260707T140842,2026-07-07T14:09:03
000852,2023-11-29,6138.761,6154.898,6103.983,6113.366,13564395200,,akshare.stock_zh_index_daily,week1_data_engineer_20260707_20260707T140842,2026-07-07T14:09:03
000852,2023-11-30,6104.774,6110.408,6031.475,6080.547,13103299900,,akshare.stock_zh_index_daily,week1_data_engineer_20260707_20260707T140842,2026-07-07T14:09:03
000852,2023-12-01,6078.639,6142.739,6059.803,6130.051,14535274400,,akshare.stock_zh_index_daily,week1_data_engineer_20260707_20260707T140842,2026-07-07T14:09:03
000852,2023-12-04,6131.588,6147.053,6110.253,6114.393,15341436500,,akshare.stock_zh_index_daily,week1_data_engineer_20260707_20260707T140842,2026-07-07T14:09:03
000852,2023-12-05,6098.117,6098.117,5992.6,5992.6,14277542700,,akshare.stock_zh_index_daily,week1_data_engineer_20260707_20260707T140842,2026-07-07T14:09:03
000852,2023-12-06,5977.611,6066.418,5970.282,6023.804,14432062400,,akshare.stock_zh_index_daily,week1_data_engineer_20260707_20260707T140842,2026-07-07T14:09:03
000852,2023-12-07,6019.96,6044.858,5983.245,6020.83,14853662700,,akshare.stock_zh_index_daily,week1_data_engineer_20260707_20260707T140842,2026-07-07T14:09:03
000852,2023-12-08,6021.919,6056.063,6003.144,6003.144,16797128200,,akshare.stock_zh_index_daily,week1_data_engineer_20260707_20260707T140842,2026-07-07T14:09:03
000852,2023-12-11,5984.677,6080.804,5933.736,6075.08,15984343600,,akshare.stock_zh_index_daily,week1_data_engineer_20260707_20260707T140842,2026-07-07T14:09:03
000852,2023-12-12,6070.875,6084.279,6050.735,6078.99,12971208800,,akshare.stock_zh_index_daily,week1_data_engineer_20260707_20260707T140842,2026-07-07T14:09:03
000852,2023-12-13,6067.781,6076.361,6019.553,6019.553,12254715000,,akshare.stock_zh_index_daily,week1_data_engineer_20260707_20260707T140842,2026-07-07T14:09:03
000852,2023-12-14,6038.921,6072.615,5989.234,5991.862,12019938200,,akshare.stock_zh_index_daily,week1_data_engineer_20260707_20260707T140842,2026-07-07T14:09:03
000852,2023-12-15,6000.259,6016.396,5935.317,5951.6,12371010000,,akshare.stock_zh_index_daily,week1_data_engineer_20260707_20260707T140842,2026-07-07T14:09:03
000852,2023-12-18,5939.435,5941.897,5845.961,5857.005,12525942300,,akshare.stock_zh_index_daily,week1_data_engineer_20260707_20260707T140842,2026-07-07T14:09:03
000852,2023-12-19,5853.195,5887.765,5820.513,5863.542,11168267500,,akshare.stock_zh_index_daily,week1_data_engineer_20260707_20260707T140842,2026-07-07T14:09:03
000852,2023-12-20,5869.561,5873.759,5761.312,5761.312,11163005300,,akshare.stock_zh_index_daily,week1_data_engineer_20260707_20260707T140842,2026-07-07T14:09:03
000852,2023-12-21,5739.021,5814.036,5685.642,5798.912,12494910000,,akshare.stock_zh_index_daily,week1_data_engineer_20260707_20260707T140842,2026-07-07T14:09:03
000852,2023-12-22,5797.609,5819.65,5713.805,5733.909,14116708500,,akshare.stock_zh_index_daily,week1_data_engineer_20260707_20260707T140842,2026-07-07T14:09:03
000852,2023-12-25,5726.562,5753.434,5698.324,5735.726,10963896300,,akshare.stock_zh_index_daily,week1_data_engineer_20260707_20260707T140842,2026-07-07T14:09:03
000852,2023-12-26,5734.15,5734.556,5632.872,5651.588,10406327600,,akshare.stock_zh_index_daily,week1_data_engineer_20260707_20260707T140842,2026-07-07T14:09:03
000852,2023-12-27,5658.194,5703.169,5636.943,5696.161,10826535400,,akshare.stock_zh_index_daily,week1_data_engineer_20260707_20260707T140842,2026-07-07T14:09:03
000852,2023-12-28,5687.753,5824.395,5660.13,5805.527,14413438300,,akshare.stock_zh_index_daily,week1_data_engineer_20260707_20260707T140842,2026-07-07T14:09:03
000852,2023-12-29,5797.576,5891.627,5795.757,5887.235,13469077800,,akshare.stock_zh_index_daily,week1_data_engineer_20260707_20260707T140842,2026-07-07T14:09:03
000852,2024-01-02,5891.174,5891.227,5854.592,5854.749,12837767000,,akshare.stock_zh_index_daily,week1_data_engineer_20260707_20260707T140842,2026-07-07T14:09:03
000852,2024-01-03,5838.553,5861.411,5785.252,5824.043,11924892500,,akshare.stock_zh_index_daily,week1_data_engineer_20260707_20260707T140842,2026-07-07T14:09:03
000852,2024-01-04,5814.937,5814.937,5753.467,5783.016,10295253400,,akshare.stock_zh_index_daily,week1_data_engineer_20260707_20260707T140842,2026-07-07T14:09:03
000852,2024-01-05,5779.757,5796.759,5652.126,5675.809,11920519700,,akshare.stock_zh_index_daily,week1_data_engineer_20260707_20260707T140842,2026-07-07T14:09:03
000852,2024-01-08,5664.453,5664.453,5543.575,5543.575,11051272600,,akshare.stock_zh_index_daily,week1_data_engineer_20260707_20260707T140842,2026-07-07T14:09:03
000852,2024-01-09,5553.184,5607.218,5513.13,5553.304,11022322300,,akshare.stock_zh_index_daily,week1_data_engineer_20260707_20260707T140842,2026-07-07T14:09:03
000852,2024-01-10,5540.664,5580.419,5462.362,5512.069,10649944600,,akshare.stock_zh_index_daily,week1_data_engineer_20260707_20260707T140842,2026-07-07T14:09:03
000852,2024-01-11,5507.803,5634.025,5502.294,5611.115,12471774900,,akshare.stock_zh_index_daily,week1_data_engineer_20260707_20260707T140842,2026-07-07T14:09:03
000852,2024-01-12,5601.098,5646.272,5574.408,5574.493,12106688100,,akshare.stock_zh_index_daily,week1_data_engineer_20260707_20260707T140842,2026-07-07T14:09:03
000852,2024-01-15,5558.148,5607.134,5520.363,5559.376,10866718400,,akshare.stock_zh_index_daily,week1_data_engineer_20260707_20260707T140842,2026-07-07T14:09:03
000852,2024-01-16,5555.0,5566.21,5463.295,5539.474,11680310800,,akshare.stock_zh_index_daily,week1_data_engineer_20260707_20260707T140842,2026-07-07T14:09:03
000852,2024-01-17,5529.895,5529.895,5389.122,5389.122,10403735400,,akshare.stock_zh_index_daily,week1_data_engineer_20260707_20260707T140842,2026-07-07T14:09:03
000852,2024-01-18,5360.206,5375.234,5214.899,5373.424,14871103600,,akshare.stock_zh_index_daily,week1_data_engineer_20260707_20260707T140842,2026-07-07T14:09:03
000852,2024-01-19,5364.807,5395.137,5304.96,5306.986,10643108600,,akshare.stock_zh_index_daily,week1_data_engineer_20260707_20260707T140842,2026-07-07T14:09:03
000852,2024-01-22,5298.314,5298.314,4970.198,5000.834,14425251200,,akshare.stock_zh_index_daily,week1_data_engineer_20260707_20260707T140842,2026-07-07T14:09:03
000852,2024-01-23,4992.792,5102.443,4939.52,5079.632,13028824100,,akshare.stock_zh_index_daily,week1_data_engineer_20260707_20260707T140842,2026-07-07T14:09:03
000852,2024-01-24,5102.825,5151.423,4951.901,5143.408,14332644100,,akshare.stock_zh_index_daily,week1_data_engineer_20260707_20260707T140842,2026-07-07T14:09:03
000852,2024-01-25,5143.289,5316.261,5112.535,5316.195,16314491700,,akshare.stock_zh_index_daily,week1_data_engineer_20260707_20260707T140842,2026-07-07T14:09:03
000852,2024-01-26,5303.961,5352.846,5253.317,5269.765,15541566100,,akshare.stock_zh_index_daily,week1_data_engineer_20260707_20260707T140842,2026-07-07T14:09:03
000852,2024-01-29,5282.817,5301.871,5131.247,5131.247,15000089200,,akshare.stock_zh_index_daily,week1_data_engineer_20260707_20260707T140842,2026-07-07T14:09:03
000852,2024-01-30,5099.587,5144.294,4978.91,4984.66,12501506900,,akshare.stock_zh_index_daily,week1_data_engineer_20260707_20260707T140842,2026-07-07T14:09:03
000852,2024-01-31,4949.188,4986.102,4775.623,4785.032,15823715500,,akshare.stock_zh_index_daily,week1_data_engineer_20260707_20260707T140842,2026-07-07T14:09:03
000852,2024-02-01,4753.639,4858.715,4684.473,4750.444,14711551600,,akshare.stock_zh_index_daily,week1_data_engineer_20260707_20260707T140842,2026-07-07T14:09:03
000852,2024-02-02,4753.668,4802.619,4431.815,4574.669,17688543500,,akshare.stock_zh_index_daily,week1_data_engineer_20260707_20260707T140842,2026-07-07T14:09:03
000852,2024-02-05,4534.752,4534.752,4177.943,4293.07,21127433000,,akshare.stock_zh_index_daily,week1_data_engineer_20260707_20260707T140842,2026-07-07T14:09:03
000852,2024-02-06,4229.794,4641.455,4192.965,4592.444,21018741000,,akshare.stock_zh_index_daily,week1_data_engineer_20260707_20260707T140842,2026-07-07T14:09:03
000852,2024-02-07,4604.122,4848.236,4599.351,4797.846,21621331700,,akshare.stock_zh_index_daily,week1_data_engineer_20260707_20260707T140842,2026-07-07T14:09:03
000852,2024-02-08,4826.143,5067.228,4826.143,4993.105,21762005900,,akshare.stock_zh_index_daily,week1_data_engineer_20260707_20260707T140842,2026-07-07T14:09:03
000852,2024-02-19,5062.685,5071.2,4950.328,5029.586,20387099600,,akshare.stock_zh_index_daily,week1_data_engineer_20260707_20260707T140842,2026-07-07T14:09:03
000852,2024-02-20,5004.42,5058.217,4950.394,5046.012,15434428500,,akshare.stock_zh_index_daily,week1_data_engineer_20260707_20260707T140842,2026-07-07T14:09:03
000852,2024-02-21,5001.657,5208.649,4974.076,5073.482,19328052700,,akshare.stock_zh_index_daily,week1_data_engineer_20260707_20260707T140842,2026-07-07T14:09:03
000852,2024-02-22,5075.432,5152.024,5066.003,5151.534,15306429500,,akshare.stock_zh_index_daily,week1_data_engineer_20260707_20260707T140842,2026-07-07T14:09:03
000852,2024-02-23,5169.013,5225.67,5114.145,5225.67,17121369300,,akshare.stock_zh_index_daily,week1_data_engineer_20260707_20260707T140842,2026-07-07T14:09:03
000852,2024-02-26,5234.805,5325.77,5201.125,5255.396,18447164300,,akshare.stock_zh_index_daily,week1_data_engineer_20260707_20260707T140842,2026-07-07T14:09:03
000852,2024-02-27,5237.105,5394.034,5218.586,5394.034,18262237200,,akshare.stock_zh_index_daily,week1_data_engineer_20260707_20260707T140842,2026-07-07T14:09:03
000852,2024-02-28,5403.496,5478.086,5152.052,5152.052,26074238200,,akshare.stock_zh_index_daily,week1_data_engineer_20260707_20260707T140842,2026-07-07T14:09:03
000852,2024-02-29,5122.18,5344.605,5122.18,5344.605,18803623800,,akshare.stock_zh_index_daily,week1_data_engineer_20260707_20260707T140842,2026-07-07T14:09:03
000852,2024-03-01,5354.731,5411.323,5322.086,5401.939,18443648700,,akshare.stock_zh_index_daily,week1_data_engineer_20260707_20260707T140842,2026-07-07T14:09:03
000852,2024-03-04,5412.908,5429.801,5332.238,5428.336,17930820500,,akshare.stock_zh_index_daily,week1_data_engineer_20260707_20260707T140842,2026-07-07T14:09:03
000852,2024-03-05,5392.877,5417.816,5337.665,5375.132,17416691100,,akshare.stock_zh_index_daily,week1_data_engineer_20260707_20260707T140842,2026-07-07T14:09:03
000852,2024-03-06,5346.079,5434.402,5306.456,5381.459,15468437100,,akshare.stock_zh_index_daily,week1_data_engineer_20260707_20260707T140842,2026-07-07T14:09:03
000852,2024-03-07,5389.989,5430.392,5303.277,5303.277,16102386000,,akshare.stock_zh_index_daily,week1_data_engineer_20260707_20260707T140842,2026-07-07T14:09:03
000852,2024-03-08,5309.594,5386.176,5283.146,5370.372,13913089500,,akshare.stock_zh_index_daily,week1_data_engineer_20260707_20260707T140842,2026-07-07T14:09:03
000852,2024-03-11,5358.837,5466.646,5350.292,5466.646,16413344200,,akshare.stock_zh_index_daily,week1_data_engineer_20260707_20260707T140842,2026-07-07T14:09:03
000852,2024-03-12,5477.131,5524.505,5443.965,5496.355,18398414000,,akshare.stock_zh_index_daily,week1_data_engineer_20260707_20260707T140842,2026-07-07T14:09:03
000852,2024-03-13,5501.586,5561.082,5476.786,5521.784,18127080700,,akshare.stock_zh_index_daily,week1_data_engineer_20260707_20260707T140842,2026-07-07T14:09:03
000852,2024-03-14,5521.716,5546.103,5433.208,5486.646,16894817200,,akshare.stock_zh_index_daily,week1_data_engineer_20260707_20260707T140842,2026-07-07T14:09:03
000852,2024-03-15,5472.893,5555.644,5459.317,5555.644,16109584100,,akshare.stock_zh_index_daily,week1_data_engineer_20260707_20260707T140842,2026-07-07T14:09:03
000852,2024-03-18,5573.927,5648.012,5559.052,5648.012,19341951700,,akshare.stock_zh_index_daily,week1_data_engineer_20260707_20260707T140842,2026-07-07T14:09:03
000852,2024-03-19,5633.504,5660.502,5607.256,5607.475,18111809600,,akshare.stock_zh_index_daily,week1_data_engineer_20260707_20260707T140842,2026-07-07T14:09:03
000852,2024-03-20,5600.125,5663.738,5600.125,5659.154,17930765400,,akshare.stock_zh_index_daily,week1_data_engineer_20260707_20260707T140842,2026-07-07T14:09:03
000852,2024-03-21,5674.495,5690.455,5623.297,5658.279,19433294600,,akshare.stock_zh_index_daily,week1_data_engineer_20260707_20260707T140842,2026-07-07T14:09:03
000852,2024-03-22,5649.083,5660.145,5546.779,5595.885,21025432700,,akshare.stock_zh_index_daily,week1_data_engineer_20260707_20260707T140842,2026-07-07T14:09:03
000852,2024-03-25,5581.351,5611.694,5466.062,5466.062,20470538200,,akshare.stock_zh_index_daily,week1_data_engineer_20260707_20260707T140842,2026-07-07T14:09:03
000852,2024-03-26,5454.653,5495.633,5381.853,5447.748,18318068400,,akshare.stock_zh_index_daily,week1_data_engineer_20260707_20260707T140842,2026-07-07T14:09:03
000852,2024-03-27,5435.971,5436.652,5266.231,5266.231,17917350400,,akshare.stock_zh_index_daily,week1_data_engineer_20260707_20260707T140842,2026-07-07T14:09:03
000852,2024-03-28,5262.22,5430.767,5262.22,5382.236,17859873500,,akshare.stock_zh_index_daily,week1_data_engineer_20260707_20260707T140842,2026-07-07T14:09:03
000852,2024-03-29,5383.745,5441.26,5345.872,5441.26,16865343100,,akshare.stock_zh_index_daily,week1_data_engineer_20260707_20260707T140842,2026-07-07T14:09:03
000852,2024-04-01,5461.587,5559.868,5461.587,5559.056,19102570700,,akshare.stock_zh_index_daily,week1_data_engineer_20260707_20260707T140842,2026-07-07T14:09:03
000852,2024-04-02,5556.517,5556.517,5490.824,5531.052,19609745900,,akshare.stock_zh_index_daily,week1_data_engineer_20260707_20260707T140842,2026-07-07T14:09:03
000852,2024-04-03,5518.911,5525.034,5457.614,5500.926,18629106600,,akshare.stock_zh_index_daily,week1_data_engineer_20260707_20260707T140842,2026-07-07T14:09:03
000852,2024-04-08,5487.632,5492.397,5399.915,5399.915,18657335900,,akshare.stock_zh_index_daily,week1_data_engineer_20260707_20260707T140842,2026-07-07T14:09:03
000852,2024-04-09,5392.994,5468.911,5384.03,5468.911,15920115900,,akshare.stock_zh_index_daily,week1_data_engineer_20260707_20260707T140842,2026-07-07T14:09:03
000852,2024-04-10,5456.972,5456.972,5325.912,5367.052,16745949300,,akshare.stock_zh_index_daily,week1_data_engineer_20260707_20260707T140842,2026-07-07T14:09:03
000852,2024-04-11,5330.685,5441.502,5322.839,5379.915,16514370000,,akshare.stock_zh_index_daily,week1_data_engineer_20260707_20260707T140842,2026-07-07T14:09:03
000852,2024-04-12,5379.17,5408.52,5330.542,5338.769,15717452200,,akshare.stock_zh_index_daily,week1_data_engineer_20260707_20260707T140842,2026-07-07T14:09:03
000852,2024-04-15,5320.809,5364.594,5205.713,5287.512,20171102800,,akshare.stock_zh_index_daily,week1_data_engineer_20260707_20260707T140842,2026-07-07T14:09:03
000852,2024-04-16,5255.207,5283.832,5063.94,5066.66,20717194000,,akshare.stock_zh_index_daily,week1_data_engineer_20260707_20260707T140842,2026-07-07T14:09:03
000852,2024-04-17,5109.082,5287.456,5109.082,5287.456,19007939500,,akshare.stock_zh_index_daily,week1_data_engineer_20260707_20260707T140842,2026-07-07T14:09:03
000852,2024-04-18,5276.471,5345.436,5233.899,5286.719,18822505800,,akshare.stock_zh_index_daily,week1_data_engineer_20260707_20260707T140842,2026-07-07T14:09:03
000852,2024-04-19,5257.01,5312.151,5224.319,5264.389,17887021100,,akshare.stock_zh_index_daily,week1_data_engineer_20260707_20260707T140842,2026-07-07T14:09:03
000852,2024-04-22,5231.564,5300.793,5187.523,5246.082,16776222900,,akshare.stock_zh_index_daily,week1_data_engineer_20260707_20260707T140842,2026-07-07T14:09:03
000852,2024-04-23,5234.434,5260.294,5194.262,5218.428,15685139400,,akshare.stock_zh_index_daily,week1_data_engineer_20260707_20260707T140842,2026-07-07T14:09:03
000852,2024-04-24,5219.257,5305.607,5200.598,5305.607,16266674900,,akshare.stock_zh_index_daily,week1_data_engineer_20260707_20260707T140842,2026-07-07T14:09:03
000852,2024-04-25,5285.137,5357.441,5273.553,5313.986,15783124800,,akshare.stock_zh_index_daily,week1_data_engineer_20260707_20260707T140842,2026-07-07T14:09:03
000852,2024-04-26,5303.151,5420.365,5303.151,5415.938,21088692700,,akshare.stock_zh_index_daily,week1_data_engineer_20260707_20260707T140842,2026-07-07T14:09:03
000852,2024-04-29,5422.411,5550.214,5422.411,5545.235,24143974400,,akshare.stock_zh_index_daily,week1_data_engineer_20260707_20260707T140842,2026-07-07T14:09:03
000852,2024-04-30,5530.944,5542.193,5482.988,5497.43,20490974300,,akshare.stock_zh_index_daily,week1_data_engineer_20260707_20260707T140842,2026-07-07T14:09:03
000852,2024-05-06,5558.924,5611.266,5558.924,5606.842,20517402800,,akshare.stock_zh_index_daily,week1_data_engineer_20260707_20260707T140842,2026-07-07T14:09:03
000852,2024-05-07,5604.271,5631.953,5593.008,5625.336,18562254000,,akshare.stock_zh_index_daily,week1_data_engineer_20260707_20260707T140842,2026-07-07T14:09:03
000852,2024-05-08,5605.592,5605.592,5529.914,5536.659,17573098800,,akshare.stock_zh_index_daily,week1_data_engineer_20260707_20260707T140842,2026-07-07T14:09:03
000852,2024-05-09,5533.513,5638.64,5533.513,5626.825,17267826100,,akshare.stock_zh_index_daily,week1_data_engineer_20260707_20260707T140842,2026-07-07T14:09:03
000852,2024-05-10,5632.759,5641.922,5549.61,5574.232,18837704400,,akshare.stock_zh_index_daily,week1_data_engineer_20260707_20260707T140842,2026-07-07T14:09:03
000852,2024-05-13,5537.928,5556.708,5479.946,5520.804,18030863900,,akshare.stock_zh_index_daily,week1_data_engineer_20260707_20260707T140842,2026-07-07T14:09:03
000852,2024-05-14,5524.434,5574.251,5524.263,5551.675,16958506700,,akshare.stock_zh_index_daily,week1_data_engineer_20260707_20260707T140842,2026-07-07T14:09:03
000852,2024-05-15,5541.809,5551.263,5491.523,5497.235,16330459800,,akshare.stock_zh_index_daily,week1_data_engineer_20260707_20260707T140842,2026-07-07T14:09:03
000852,2024-05-16,5508.95,5539.919,5474.281,5488.946,16979800200,,akshare.stock_zh_index_daily,week1_data_engineer_20260707_20260707T140842,2026-07-07T14:09:03
000852,2024-05-17,5489.416,5564.063,5478.297,5563.231,18287308100,,akshare.stock_zh_index_daily,week1_data_engineer_20260707_20260707T140842,2026-07-07T14:09:03
000852,2024-05-20,5563.654,5612.346,5548.903,5596.777,19747644100,,akshare.stock_zh_index_daily,week1_data_engineer_20260707_20260707T140842,2026-07-07T14:09:03
000852,2024-05-21,5586.009,5586.009,5517.39,5536.745,17295988000,,akshare.stock_zh_index_daily,week1_data_engineer_20260707_20260707T140842,2026-07-07T14:09:03
000852,2024-05-22,5532.843,5553.697,5508.758,5539.66,16800299300,,akshare.stock_zh_index_daily,week1_data_engineer_20260707_20260707T140842,2026-07-07T14:09:03
000852,2024-05-23,5521.18,5521.18,5402.004,5412.824,17580671000,,akshare.stock_zh_index_daily,week1_data_engineer_20260707_20260707T140842,2026-07-07T14:09:03
000852,2024-05-24,5401.583,5436.813,5350.106,5350.107,15105011400,,akshare.stock_zh_index_daily,week1_data_engineer_20260707_20260707T140842,2026-07-07T14:09:03
000852,2024-05-27,5358.076,5404.616,5295.088,5404.616,15140911400,,akshare.stock_zh_index_daily,week1_data_engineer_20260707_20260707T140842,2026-07-07T14:09:03
000852,2024-05-28,5390.405,5414.978,5343.83,5348.029,14845805000,,akshare.stock_zh_index_daily,week1_data_engineer_20260707_20260707T140842,2026-07-07T14:09:03
000852,2024-05-29,5336.697,5386.783,5324.687,5351.252,14269866300,,akshare.stock_zh_index_daily,week1_data_engineer_20260707_20260707T140842,2026-07-07T14:09:03
000852,2024-05-30,5334.797,5371.807,5311.439,5334.296,14132317100,,akshare.stock_zh_index_daily,week1_data_engineer_20260707_20260707T140842,2026-07-07T14:09:03
000852,2024-05-31,5334.099,5381.716,5334.099,5355.21,13673513700,,akshare.stock_zh_index_daily,week1_data_engineer_20260707_20260707T140842,2026-07-07T14:09:03
000852,2024-06-03,5350.643,5351.252,5246.169,5284.624,16338815200,,akshare.stock_zh_index_daily,week1_data_engineer_20260707_20260707T140842,2026-07-07T14:09:03
000852,2024-06-04,5267.362,5319.709,5229.676,5313.708,14512777700,,akshare.stock_zh_index_daily,week1_data_engineer_20260707_20260707T140842,2026-07-07T14:09:03
000852,2024-06-05,5294.301,5330.804,5244.085,5244.085,13214350400,,akshare.stock_zh_index_daily,week1_data_engineer_20260707_20260707T140842,2026-07-07T14:09:03
000852,2024-06-06,5249.95,5275.886,5113.214,5130.869,16979325500,,akshare.stock_zh_index_daily,week1_data_engineer_20260707_20260707T140842,2026-07-07T14:09:03
000852,2024-06-07,5159.173,5189.995,5096.084,5153.587,13032020200,,akshare.stock_zh_index_daily,week1_data_engineer_20260707_20260707T140842,2026-07-07T14:09:03
000852,2024-06-11,5132.218,5208.179,5086.86,5198.923,12853390400,,akshare.stock_zh_index_daily,week1_data_engineer_20260707_20260707T140842,2026-07-07T14:09:03
000852,2024-06-12,5188.358,5231.469,5186.607,5216.462,12165075200,,akshare.stock_zh_index_daily,week1_data_engineer_20260707_20260707T140842,2026-07-07T14:09:03
000852,2024-06-13,5214.412,5219.708,5170.166,5180.236,13117250700,,akshare.stock_zh_index_daily,week1_data_engineer_20260707_20260707T140842,2026-07-07T14:09:03
000852,2024-06-14,5164.872,5190.712,5138.358,5180.651,13913297800,,akshare.stock_zh_index_daily,week1_data_engineer_20260707_20260707T140842,2026-07-07T14:09:03
000852,2024-06-17,5158.98,5211.39,5151.277,5183.968,12461637200,,akshare.stock_zh_index_daily,week1_data_engineer_20260707_20260707T140842,2026-07-07T14:09:03
000852,2024-06-18,5183.271,5237.819,5177.277,5227.254,13546066300,,akshare.stock_zh_index_daily,week1_data_engineer_20260707_20260707T140842,2026-07-07T14:09:03
000852,2024-06-19,5230.488,5241.967,5159.995,5159.995,12580622900,,akshare.stock_zh_index_daily,week1_data_engineer_20260707_20260707T140842,2026-07-07T14:09:03
000852,2024-06-20,5150.796,5174.875,5052.885,5056.138,14150084500,,akshare.stock_zh_index_daily,week1_data_engineer_20260707_20260707T140842,2026-07-07T14:09:03
000852,2024-06-21,5040.629,5090.57,5014.479,5055.333,11120168900,,akshare.stock_zh_index_daily,week1_data_engineer_20260707_20260707T140842,2026-07-07T14:09:03
000852,2024-06-24,5025.517,5029.731,4884.497,4887.777,12891516300,,akshare.stock_zh_index_daily,week1_data_engineer_20260707_20260707T140842,2026-07-07T14:09:03
000852,2024-06-25,4885.89,4907.955,4814.68,4847.611,11259330000,,akshare.stock_zh_index_daily,week1_data_engineer_20260707_20260707T140842,2026-07-07T14:09:03
000852,2024-06-26,4842.004,4988.308,4812.1,4986.384,13802752900,,akshare.stock_zh_index_daily,week1_data_engineer_20260707_20260707T140842,2026-07-07T14:09:03
000852,2024-06-27,4964.659,4969.089,4862.634,4864.086,12164291100,,akshare.stock_zh_index_daily,week1_data_engineer_20260707_20260707T140842,2026-07-07T14:09:03
000852,2024-06-28,4855.351,4968.273,4851.835,4895.987,13456779600,,akshare.stock_zh_index_daily,week1_data_engineer_20260707_20260707T140842,2026-07-07T14:09:03
000852,2024-07-01,4894.559,4954.175,4839.745,4940.247,12921932500,,akshare.stock_zh_index_daily,week1_data_engineer_20260707_20260707T140842,2026-07-07T14:09:03
000852,2024-07-02,4940.7,4951.197,4886.702,4905.65,11882798600,,akshare.stock_zh_index_daily,week1_data_engineer_20260707_20260707T140842,2026-07-07T14:09:03
000852,2024-07-03,4900.667,4906.51,4857.775,4867.133,10230030100,,akshare.stock_zh_index_daily,week1_data_engineer_20260707_20260707T140842,2026-07-07T14:09:03
000852,2024-07-04,4868.546,4883.737,4745.909,4761.868,12120225700,,akshare.stock_zh_index_daily,week1_data_engineer_20260707_20260707T140842,2026-07-07T14:09:03
000852,2024-07-05,4753.734,4828.843,4711.868,4810.794,11060246700,,akshare.stock_zh_index_daily,week1_data_engineer_20260707_20260707T140842,2026-07-07T14:09:03
000852,2024-07-08,4801.489,4801.489,4679.285,4693.965,12354877500,,akshare.stock_zh_index_daily,week1_data_engineer_20260707_20260707T140842,2026-07-07T14:09:03
000852,2024-07-09,4689.275,4810.322,4645.197,4797.063,14851118700,,akshare.stock_zh_index_daily,week1_data_engineer_20260707_20260707T140842,2026-07-07T14:09:03
000852,2024-07-10,4783.17,4829.208,4768.125,4777.682,13840154300,,akshare.stock_zh_index_daily,week1_data_engineer_20260707_20260707T140842,2026-07-07T14:09:03
000852,2024-07-11,4846.105,4896.146,4821.414,4893.594,15319046900,,akshare.stock_zh_index_daily,week1_data_engineer_20260707_20260707T140842,2026-07-07T14:09:03
000852,2024-07-12,4884.413,4897.169,4858.303,4878.02,13085417900,,akshare.stock_zh_index_daily,week1_data_engineer_20260707_20260707T140842,2026-07-07T14:09:03
000852,2024-07-15,4869.004,4869.004,4815.407,4827.602,12641301700,,akshare.stock_zh_index_daily,week1_data_engineer_20260707_20260707T140842,2026-07-07T14:09:03
000852,2024-07-16,4815.739,4845.349,4786.214,4836.718,12089150200,,akshare.stock_zh_index_daily,week1_data_engineer_20260707_20260707T140842,2026-07-07T14:09:03
000852,2024-07-17,4834.441,4842.721,4786.348,4795.624,12042511600,,akshare.stock_zh_index_daily,week1_data_engineer_20260707_20260707T140842,2026-07-07T14:09:03
000852,2024-07-18,4763.304,4822.619,4714.601,4812.426,12172778100,,akshare.stock_zh_index_daily,week1_data_engineer_20260707_20260707T140842,2026-07-07T14:09:03
000852,2024-07-19,4788.771,4854.707,4778.714,4821.423,11264795500,,akshare.stock_zh_index_daily,week1_data_engineer_20260707_20260707T140842,2026-07-07T14:09:03
000852,2024-07-22,4822.639,4848.307,4798.117,4826.871,11073212100,,akshare.stock_zh_index_daily,week1_data_engineer_20260707_20260707T140842,2026-07-07T14:09:03
000852,2024-07-23,4825.745,4825.745,4694.953,4694.953,12049520100,,akshare.stock_zh_index_daily,week1_data_engineer_20260707_20260707T140842,2026-07-07T14:09:03
000852,2024-07-24,4682.062,4713.074,4625.422,4631.011,12109198000,,akshare.stock_zh_index_daily,week1_data_engineer_20260707_20260707T140842,2026-07-07T14:09:03
000852,2024-07-25,4602.633,4678.659,4587.707,4632.567,10853045800,,akshare.stock_zh_index_daily,week1_data_engineer_20260707_20260707T140842,2026-07-07T14:09:03
000852,2024-07-26,4638.312,4710.569,4638.312,4702.08,11069103300,,akshare.stock_zh_index_daily,week1_data_engineer_20260707_20260707T140842,2026-07-07T14:09:03
000852,2024-07-29,4707.279,4707.279,4670.8,4685.646,10931960500,,akshare.stock_zh_index_daily,week1_data_engineer_20260707_20260707T140842,2026-07-07T14:09:03
000852,2024-07-30,4674.924,4716.214,4637.41,4702.491,11231559400,,akshare.stock_zh_index_daily,week1_data_engineer_20260707_20260707T140842,2026-07-07T14:09:03
000852,2024-07-31,4698.734,4889.772,4690.0,4889.081,17376194200,,akshare.stock_zh_index_daily,week1_data_engineer_20260707_20260707T140842,2026-07-07T14:09:03
000852,2024-08-01,4894.809,4933.061,4850.633,4878.289,14642142100,,akshare.stock_zh_index_daily,week1_data_engineer_20260707_20260707T140842,2026-07-07T14:09:03
000852,2024-08-02,4844.778,4902.941,4802.022,4809.889,13798976700,,akshare.stock_zh_index_daily,week1_data_engineer_20260707_20260707T140842,2026-07-07T14:09:03
000852,2024-08-05,4776.182,4854.59,4678.739,4678.775,15284748500,,akshare.stock_zh_index_daily,week1_data_engineer_20260707_20260707T140842,2026-07-07T14:09:03
000852,2024-08-06,4731.196,4766.273,4695.637,4749.947,12709764100,,akshare.stock_zh_index_daily,week1_data_engineer_20260707_20260707T140842,2026-07-07T14:09:03
000852,2024-08-07,4741.651,4772.206,4715.529,4743.41,11261928400,,akshare.stock_zh_index_daily,week1_data_engineer_20260707_20260707T140842,2026-07-07T14:09:03
000852,2024-08-08,4728.33,4776.488,4677.425,4739.493,12674657200,,akshare.stock_zh_index_daily,week1_data_engineer_20260707_20260707T140842,2026-07-07T14:09:03
000852,2024-08-09,4760.127,4789.169,4702.745,4702.745,11566533800,,akshare.stock_zh_index_daily,week1_data_engineer_20260707_20260707T140842,2026-07-07T14:09:03
000852,2024-08-12,4696.364,4707.216,4657.33,4674.102,10766524500,,akshare.stock_zh_index_daily,week1_data_engineer_20260707_20260707T140842,2026-07-07T14:09:03
000852,2024-08-13,4671.2,4698.342,4642.669,4697.586,10020724800,,akshare.stock_zh_index_daily,week1_data_engineer_20260707_20260707T140842,2026-07-07T14:09:03
000852,2024-08-14,4698.003,4698.148,4649.278,4649.278,9991137300,,akshare.stock_zh_index_daily,week1_data_engineer_20260707_20260707T140842,2026-07-07T14:09:03
000852,2024-08-15,4639.084,4743.728,4620.555,4691.85,12990065000,,akshare.stock_zh_index_daily,week1_data_engineer_20260707_20260707T140842,2026-07-07T14:09:03
000852,2024-08-16,4696.718,4703.027,4654.46,4655.651,12261254100,,akshare.stock_zh_index_daily,week1_data_engineer_20260707_20260707T140842,2026-07-07T14:09:03
000852,2024-08-19,4651.297,4714.059,4644.601,4663.612,11994224400,,akshare.stock_zh_index_daily,week1_data_engineer_20260707_20260707T140842,2026-07-07T14:09:03
000852,2024-08-20,4663.776,4665.634,4563.855,4579.304,12997965500,,akshare.stock_zh_index_daily,week1_data_engineer_20260707_20260707T140842,2026-07-07T14:09:03
000852,2024-08-21,4564.378,4590.2,4543.881,4548.264,10816431500,,akshare.stock_zh_index_daily,week1_data_engineer_20260707_20260707T140842,2026-07-07T14:09:03
000852,2024-08-22,4549.3,4562.977,4484.559,4491.839,11346933000,,akshare.stock_zh_index_daily,week1_data_engineer_20260707_20260707T140842,2026-07-07T14:09:03
000852,2024-08-23,4482.654,4510.598,4462.76,4495.344,11025472000,,akshare.stock_zh_index_daily,week1_data_engineer_20260707_20260707T140842,2026-07-07T14:09:03
000852,2024-08-26,4492.706,4531.173,4476.243,4512.893,11227184300,,akshare.stock_zh_index_daily,week1_data_engineer_20260707_20260707T140842,2026-07-07T14:09:03
000852,2024-08-27,4500.735,4501.084,4449.215,4459.68,11393952000,,akshare.stock_zh_index_daily,week1_data_engineer_20260707_20260707T140842,2026-07-07T14:09:03
000852,2024-08-28,4449.711,4506.313,4437.518,4470.55,10790317700,,akshare.stock_zh_index_daily,week1_data_engineer_20260707_20260707T140842,2026-07-07T14:09:03
000852,2024-08-29,4453.431,4558.947,4443.903,4542.464,12978875300,,akshare.stock_zh_index_daily,week1_data_engineer_20260707_20260707T140842,2026-07-07T14:09:03
000852,2024-08-30,4539.929,4691.015,4534.044,4629.32,17783861600,,akshare.stock_zh_index_daily,week1_data_engineer_20260707_20260707T140842,2026-07-07T14:09:03
000852,2024-09-02,4627.182,4635.765,4529.834,4532.515,15592727400,,akshare.stock_zh_index_daily,week1_data_engineer_20260707_20260707T140842,2026-07-07T14:09:03
000852,2024-09-03,4529.941,4598.632,4529.941,4572.397,12895246200,,akshare.stock_zh_index_daily,week1_data_engineer_20260707_20260707T140842,2026-07-07T14:09:03
000852,2024-09-04,4542.905,4594.439,4529.338,4550.77,12287165700,,akshare.stock_zh_index_daily,week1_data_engineer_20260707_20260707T140842,2026-07-07T14:09:03
000852,2024-09-05,4554.518,4614.752,4554.518,4586.781,12120919400,,akshare.stock_zh_index_daily,week1_data_engineer_20260707_20260707T140842,2026-07-07T14:09:03
000852,2024-09-06,4588.928,4595.697,4506.387,4508.228,12721773300,,akshare.stock_zh_index_daily,week1_data_engineer_20260707_20260707T140842,2026-07-07T14:09:03
000852,2024-09-09,4490.99,4523.366,4459.126,4475.532,11328492700,,akshare.stock_zh_index_daily,week1_data_engineer_20260707_20260707T140842,2026-07-07T14:09:03
000852,2024-09-10,4481.488,4507.154,4400.776,4487.576,13235158500,,akshare.stock_zh_index_daily,week1_data_engineer_20260707_20260707T140842,2026-07-07T14:09:03
000852,2024-09-11,4469.015,4500.683,4453.2,4486.007,11395397200,,akshare.stock_zh_index_daily,week1_data_engineer_20260707_20260707T140842,2026-07-07T14:09:03
000852,2024-09-12,4490.524,4542.285,4468.744,4468.744,11873118700,,akshare.stock_zh_index_daily,week1_data_engineer_20260707_20260707T140842,2026-07-07T14:09:03
000852,2024-09-13,4471.984,4478.218,4413.187,4413.187,11682728700,,akshare.stock_zh_index_daily,week1_data_engineer_20260707_20260707T140842,2026-07-07T14:09:03
000852,2024-09-18,4413.903,4425.792,4342.209,4399.133,11355207800,,akshare.stock_zh_index_daily,week1_data_engineer_20260707_20260707T140842,2026-07-07T14:09:03
000852,2024-09-19,4418.784,4527.613,4385.486,4482.275,14574716000,,akshare.stock_zh_index_daily,week1_data_engineer_20260707_20260707T140842,2026-07-07T14:09:03
000852,2024-09-20,4484.175,4487.076,4428.165,4463.356,12748017700,,akshare.stock_zh_index_daily,week1_data_engineer_20260707_20260707T140842,2026-07-07T14:09:03
000852,2024-09-23,4462.717,4513.97,4445.99,4469.133,12494506600,,akshare.stock_zh_index_daily,week1_data_engineer_20260707_20260707T140842,2026-07-07T14:09:03
000852,2024-09-24,4489.492,4642.558,4466.336,4642.558,21578253100,,akshare.stock_zh_index_daily,week1_data_engineer_20260707_20260707T140842,2026-07-07T14:09:03
000852,2024-09-25,4688.389,4799.857,4681.853,4686.258,26424073100,,akshare.stock_zh_index_daily,week1_data_engineer_20260707_20260707T140842,2026-07-07T14:09:03
000852,2024-09-26,4675.944,4874.132,4672.866,4874.132,25397782900,,akshare.stock_zh_index_daily,week1_data_engineer_20260707_20260707T140842,2026-07-07T14:09:03
000852,2024-09-27,4950.938,5164.542,4944.84,5136.441,29068169400,,akshare.stock_zh_index_daily,week1_data_engineer_20260707_20260707T140842,2026-07-07T14:09:03
000852,2024-09-30,5375.571,5732.568,5307.549,5708.826,47143285200,,akshare.stock_zh_index_daily,week1_data_engineer_20260707_20260707T140842,2026-07-07T14:09:03
000852,2024-10-08,6437.113,6437.113,5861.322,6201.985,55059079200,,akshare.stock_zh_index_daily,week1_data_engineer_20260707_20260707T140842,2026-07-07T14:09:03
000852,2024-10-09,6052.671,6105.029,5706.045,5727.38,45809421200,,akshare.stock_zh_index_daily,week1_data_engineer_20260707_20260707T140842,2026-07-07T14:09:03
000852,2024-10-10,5777.898,5881.329,5593.983,5654.53,34962801200,,akshare.stock_zh_index_daily,week1_data_engineer_20260707_20260707T140842,2026-07-07T14:09:03
000852,2024-10-11,5610.948,5616.806,5349.321,5416.758,27999264600,,akshare.stock_zh_index_daily,week1_data_engineer_20260707_20260707T140842,2026-07-07T14:09:03
000852,2024-10-14,5451.619,5620.419,5346.424,5615.756,28114440500,,akshare.stock_zh_index_daily,week1_data_engineer_20260707_20260707T140842,2026-07-07T14:09:03
000852,2024-10-15,5585.688,5704.56,5505.81,5507.176,29751709500,,akshare.stock_zh_index_daily,week1_data_engineer_20260707_20260707T140842,2026-07-07T14:09:03
000852,2024-10-16,5425.432,5598.835,5424.393,5524.255,24852031900,,akshare.stock_zh_index_daily,week1_data_engineer_20260707_20260707T140842,2026-07-07T14:09:03
000852,2024-10-17,5563.465,5624.794,5504.485,5505.615,27639748600,,akshare.stock_zh_index_daily,week1_data_engineer_20260707_20260707T140842,2026-07-07T14:09:03
000852,2024-10-18,5495.196,5880.896,5484.235,5749.434,35971903900,,akshare.stock_zh_index_daily,week1_data_engineer_20260707_20260707T140842,2026-07-07T14:09:03
000852,2024-10-21,5797.003,5954.436,5767.79,5860.571,35506109500,,akshare.stock_zh_index_daily,week1_data_engineer_20260707_20260707T140842,2026-07-07T14:09:03
000852,2024-10-22,5866.786,5940.367,5814.297,5888.815,34729862800,,akshare.stock_zh_index_daily,week1_data_engineer_20260707_20260707T140842,2026-07-07T14:09:03
000852,2024-10-23,5871.318,5991.589,5856.368,5903.578,33375377200,,akshare.stock_zh_index_daily,week1_data_engineer_20260707_20260707T140842,2026-07-07T14:09:03
000852,2024-10-24,5871.286,5887.45,5817.932,5861.632,26414947600,,akshare.stock_zh_index_daily,week1_data_engineer_20260707_20260707T140842,2026-07-07T14:09:03
000852,2024-10-25,5876.437,6014.11,5876.214,5974.909,30682066500,,akshare.stock_zh_index_daily,week1_data_engineer_20260707_20260707T140842,2026-07-07T14:09:03
000852,2024-10-28,5988.723,6082.088,5965.001,6082.088,32672293800,,akshare.stock_zh_index_daily,week1_data_engineer_20260707_20260707T140842,2026-07-07T14:09:03
000852,2024-10-29,6106.194,6113.638,5982.526,5983.836,36932529900,,akshare.stock_zh_index_daily,week1_data_engineer_20260707_20260707T140842,2026-07-07T14:09:03
000852,2024-10-30,5960.792,6043.587,5945.675,6019.347,32438018600,,akshare.stock_zh_index_daily,week1_data_engineer_20260707_20260707T140842,2026-07-07T14:09:03
000852,2024-10-31,6041.013,6161.555,6004.713,6116.663,38611948500,,akshare.stock_zh_index_daily,week1_data_engineer_20260707_20260707T140842,2026-07-07T14:09:03
000852,2024-11-01,6100.79,6125.408,5912.532,5930.232,40933827600,,akshare.stock_zh_index_daily,week1_data_engineer_20260707_20260707T140842,2026-07-07T14:09:03
000852,2024-11-04,5912.314,6053.112,5912.314,6053.112,29563714700,,akshare.stock_zh_index_daily,week1_data_engineer_20260707_20260707T140842,2026-07-07T14:09:03
000852,2024-11-05,6057.208,6279.915,6051.457,6266.542,39014253100,,akshare.stock_zh_index_daily,week1_data_engineer_20260707_20260707T140842,2026-07-07T14:09:03
000852,2024-11-06,6287.293,6368.869,6247.152,6293.193,42425010100,,akshare.stock_zh_index_daily,week1_data_engineer_20260707_20260707T140842,2026-07-07T14:09:03
000852,2024-11-07,6238.617,6403.918,6229.49,6403.918,40857165200,,akshare.stock_zh_index_daily,week1_data_engineer_20260707_20260707T140842,2026-07-07T14:09:03
000852,2024-11-08,6470.074,6526.65,6400.094,6423.122,45179630800,,akshare.stock_zh_index_daily,week1_data_engineer_20260707_20260707T140842,2026-07-07T14:09:03
000852,2024-11-11,6416.168,6580.568,6412.576,6579.005,40243625500,,akshare.stock_zh_index_daily,week1_data_engineer_20260707_20260707T140842,2026-07-07T14:09:03
000852,2024-11-12,6593.822,6616.157,6429.35,6491.972,40071524400,,akshare.stock_zh_index_daily,week1_data_engineer_20260707_20260707T140842,2026-07-07T14:09:03
000852,2024-11-13,6453.864,6512.597,6357.556,6474.394,31748592800,,akshare.stock_zh_index_daily,week1_data_engineer_20260707_20260707T140842,2026-07-07T14:09:03
000852,2024-11-14,6462.01,6472.954,6263.314,6272.191,29479471800,,akshare.stock_zh_index_daily,week1_data_engineer_20260707_20260707T140842,2026-07-07T14:09:03
000852,2024-11-15,6246.336,6331.872,6124.661,6125.513,29519163400,,akshare.stock_zh_index_daily,week1_data_engineer_20260707_20260707T140842,2026-07-07T14:09:03
000852,2024-11-18,6154.507,6180.88,5937.085,5974.558,32267260800,,akshare.stock_zh_index_daily,week1_data_engineer_20260707_20260707T140842,2026-07-07T14:09:03
000852,2024-11-19,5977.844,6130.496,5945.456,6130.285,27316752600,,akshare.stock_zh_index_daily,week1_data_engineer_20260707_20260707T140842,2026-07-07T14:09:03
000852,2024-11-20,6116.96,6262.083,6105.222,6250.803,29997582100,,akshare.stock_zh_index_daily,week1_data_engineer_20260707_20260707T140842,2026-07-07T14:09:03
000852,2024-11-21,6241.009,6292.86,6199.706,6262.164,29965511100,,akshare.stock_zh_index_daily,week1_data_engineer_20260707_20260707T140842,2026-07-07T14:09:03
000852,2024-11-22,6240.086,6280.603,6030.375,6030.488,34212911700,,akshare.stock_zh_index_daily,week1_data_engineer_20260707_20260707T140842,2026-07-07T14:09:03
000852,2024-11-25,6047.938,6076.191,5937.905,6052.129,27764677600,,akshare.stock_zh_index_daily,week1_data_engineer_20260707_20260707T140842,2026-07-07T14:09:03
000852,2024-11-26,6036.638,6093.371,5979.392,5981.57,24440411200,,akshare.stock_zh_index_daily,week1_data_engineer_20260707_20260707T140842,2026-07-07T14:09:03
000852,2024-11-27,5942.533,6119.011,5856.997,6118.664,29094626700,,akshare.stock_zh_index_daily,week1_data_engineer_20260707_20260707T140842,2026-07-07T14:09:03
000852,2024-11-28,6121.678,6170.134,6077.601,6086.085,30123556000,,akshare.stock_zh_index_daily,week1_data_engineer_20260707_20260707T140842,2026-07-07T14:09:03
000852,2024-11-29,6066.714,6246.198,6039.832,6189.128,32476269100,,akshare.stock_zh_index_daily,week1_data_engineer_20260707_20260707T140842,2026-07-07T14:09:03
000852,2024-12-02,6188.802,6325.86,6188.802,6313.608,35402806600,,akshare.stock_zh_index_daily,week1_data_engineer_20260707_20260707T140842,2026-07-07T14:09:03
000852,2024-12-03,6318.966,6342.357,6239.44,6303.276,32665236300,,akshare.stock_zh_index_daily,week1_data_engineer_20260707_20260707T140842,2026-07-07T14:09:03
000852,2024-12-04,6301.048,6303.505,6175.839,6204.945,29920209800,,akshare.stock_zh_index_daily,week1_data_engineer_20260707_20260707T140842,2026-07-07T14:09:03
000852,2024-12-05,6186.123,6302.355,6186.123,6285.601,28853561700,,akshare.stock_zh_index_daily,week1_data_engineer_20260707_20260707T140842,2026-07-07T14:09:03
000852,2024-12-06,6291.302,6384.657,6229.212,6349.621,34903096300,,akshare.stock_zh_index_daily,week1_data_engineer_20260707_20260707T140842,2026-07-07T14:09:03
000852,2024-12-09,6346.595,6371.098,6257.542,6303.272,29377328700,,akshare.stock_zh_index_daily,week1_data_engineer_20260707_20260707T140842,2026-07-07T14:09:03
000852,2024-12-10,6493.537,6497.889,6352.762,6362.02,37420920600,,akshare.stock_zh_index_daily,week1_data_engineer_20260707_20260707T140842,2026-07-07T14:09:03
000852,2024-12-11,6343.781,6454.971,6343.781,6447.374,33135195600,,akshare.stock_zh_index_daily,week1_data_engineer_20260707_20260707T140842,2026-07-07T14:09:03
000852,2024-12-12,6454.942,6493.71,6390.589,6490.146,34232605300,,akshare.stock_zh_index_daily,week1_data_engineer_20260707_20260707T140842,2026-07-07T14:09:03
000852,2024-12-13,6447.203,6460.939,6351.301,6354.988,36198551300,,akshare.stock_zh_index_daily,week1_data_engineer_20260707_20260707T140842,2026-07-07T14:09:03
000852,2024-12-16,6355.628,6367.809,6248.158,6277.516,31021517300,,akshare.stock_zh_index_daily,week1_data_engineer_20260707_20260707T140842,2026-07-07T14:09:03
000852,2024-12-17,6262.493,6269.14,6133.129,6143.944,27479395900,,akshare.stock_zh_index_daily,week1_data_engineer_20260707_20260707T140842,2026-07-07T14:09:03
000852,2024-12-18,6156.692,6242.517,6121.054,6195.868,24802412200,,akshare.stock_zh_index_daily,week1_data_engineer_20260707_20260707T140842,2026-07-07T14:09:03
000852,2024-12-19,6127.22,6223.805,6108.394,6207.186,25148792400,,akshare.stock_zh_index_daily,week1_data_engineer_20260707_20260707T140842,2026-07-07T14:09:03
000852,2024-12-20,6195.644,6320.963,6191.081,6271.753,24365908500,,akshare.stock_zh_index_daily,week1_data_engineer_20260707_20260707T140842,2026-07-07T14:09:03
000852,2024-12-23,6271.763,6276.971,6086.912,6096.381,25847497500,,akshare.stock_zh_index_daily,week1_data_engineer_20260707_20260707T140842,2026-07-07T14:09:03
000852,2024-12-24,6110.767,6165.202,6066.226,6164.361,21601091800,,akshare.stock_zh_index_daily,week1_data_engineer_20260707_20260707T140842,2026-07-07T14:09:03
000852,2024-12-25,6158.649,6159.596,6037.736,6094.687,21902703200,,akshare.stock_zh_index_daily,week1_data_engineer_20260707_20260707T140842,2026-07-07T14:09:03
000852,2024-12-26,6083.887,6185.807,6083.887,6160.452,20691673900,,akshare.stock_zh_index_daily,week1_data_engineer_20260707_20260707T140842,2026-07-07T14:09:03
000852,2024-12-27,6164.67,6250.201,6135.479,6171.565,23784155400,,akshare.stock_zh_index_daily,week1_data_engineer_20260707_20260707T140842,2026-07-07T14:09:03
000852,2024-12-30,6164.908,6192.585,6097.103,6145.928,20771244800,,akshare.stock_zh_index_daily,week1_data_engineer_20260707_20260707T140842,2026-07-07T14:09:03
000852,2024-12-31,6151.034,6160.733,5957.717,5957.717,23799003200,,akshare.stock_zh_index_daily,week1_data_engineer_20260707_20260707T140842,2026-07-07T14:09:03
000852,2025-01-02,5948.68,5982.554,5743.179,5797.089,24412560600,,akshare.stock_zh_index_daily,week1_data_engineer_20260707_20260707T140842,2026-07-07T14:09:03
000852,2025-01-03,5808.542,5826.083,5609.766,5625.209,23709321100,,akshare.stock_zh_index_daily,week1_data_engineer_20260707_20260707T140842,2026-07-07T14:09:03
000852,2025-01-06,5614.028,5688.922,5561.898,5608.034,20304767600,,akshare.stock_zh_index_daily,week1_data_engineer_20260707_20260707T140842,2026-07-07T14:09:03
000852,2025-01-07,5610.946,5694.005,5580.885,5692.041,19391245000,,akshare.stock_zh_index_daily,week1_data_engineer_20260707_20260707T140842,2026-07-07T14:09:03
000852,2025-01-08,5664.312,5706.659,5501.492,5661.779,22580083000,,akshare.stock_zh_index_daily,week1_data_engineer_20260707_20260707T140842,2026-07-07T14:09:03
000852,2025-01-09,5629.895,5714.461,5629.824,5672.78,19332042100,,akshare.stock_zh_index_daily,week1_data_engineer_20260707_20260707T140842,2026-07-07T14:09:03
000852,2025-01-10,5662.767,5718.212,5544.916,5544.916,19801487700,,akshare.stock_zh_index_daily,week1_data_engineer_20260707_20260707T140842,2026-07-07T14:09:03
000852,2025-01-13,5487.125,5599.327,5457.51,5559.473,16930919000,,akshare.stock_zh_index_daily,week1_data_engineer_20260707_20260707T140842,2026-07-07T14:09:03
000852,2025-01-14,5580.878,5814.707,5562.18,5811.055,23577286900,,akshare.stock_zh_index_daily,week1_data_engineer_20260707_20260707T140842,2026-07-07T14:09:03
000852,2025-01-15,5805.898,5815.148,5755.625,5775.571,20429032500,,akshare.stock_zh_index_daily,week1_data_engineer_20260707_20260707T140842,2026-07-07T14:09:03
000852,2025-01-16,5810.051,5906.466,5753.764,5801.305,21637323900,,akshare.stock_zh_index_daily,week1_data_engineer_20260707_20260707T140842,2026-07-07T14:09:03
000852,2025-01-17,5780.606,5885.417,5755.907,5841.572,19681796700,,akshare.stock_zh_index_daily,week1_data_engineer_20260707_20260707T140842,2026-07-07T14:09:03
000852,2025-01-20,5877.972,5925.072,5856.833,5879.15,19843078300,,akshare.stock_zh_index_daily,week1_data_engineer_20260707_20260707T140842,2026-07-07T14:09:03
000852,2025-01-21,5911.405,5917.129,5834.964,5908.023,19912783400,,akshare.stock_zh_index_daily,week1_data_engineer_20260707_20260707T140842,2026-07-07T14:09:03
000852,2025-01-22,5879.843,5886.742,5824.035,5855.739,18029676000,,akshare.stock_zh_index_daily,week1_data_engineer_20260707_20260707T140842,2026-07-07T14:09:03
000852,2025-01-23,5911.219,5991.845,5829.033,5829.033,22285575300,,akshare.stock_zh_index_daily,week1_data_engineer_20260707_20260707T140842,2026-07-07T14:09:03
000852,2025-01-24,5815.458,5943.112,5815.458,5938.13,20809044500,,akshare.stock_zh_index_daily,week1_data_engineer_20260707_20260707T140842,2026-07-07T14:09:03
000852,2025-01-27,5946.729,5964.15,5846.069,5846.069,18864620000,,akshare.stock_zh_index_daily,week1_data_engineer_20260707_20260707T140842,2026-07-07T14:09:03
000852,2025-02-05,5900.513,5928.88,5851.595,5881.437,21200531000,,akshare.stock_zh_index_daily,week1_data_engineer_20260707_20260707T140842,2026-07-07T14:09:03
000852,2025-02-06,5869.705,6042.019,5853.746,6041.834,25599851100,,akshare.stock_zh_index_daily,week1_data_engineer_20260707_20260707T140842,2026-07-07T14:09:03
000852,2025-02-07,6046.365,6198.748,6042.261,6134.055,32395283500,,akshare.stock_zh_index_daily,week1_data_engineer_20260707_20260707T140842,2026-07-07T14:09:03
000852,2025-02-10,6155.051,6218.066,6126.082,6210.547,29782593200,,akshare.stock_zh_index_daily,week1_data_engineer_20260707_20260707T140842,2026-07-07T14:09:03
000852,2025-02-11,6209.521,6220.964,6135.866,6190.174,28827157600,,akshare.stock_zh_index_daily,week1_data_engineer_20260707_20260707T140842,2026-07-07T14:09:03
000852,2025-02-12,6172.394,6284.918,6171.061,6284.611,28134276500,,akshare.stock_zh_index_daily,week1_data_engineer_20260707_20260707T140842,2026-07-07T14:09:03
000852,2025-02-13,6290.79,6290.79,6202.593,6212.497,31298493500,,akshare.stock_zh_index_daily,week1_data_engineer_20260707_20260707T140842,2026-07-07T14:09:03
000852,2025-02-14,6203.477,6257.306,6182.264,6248.835,29800584900,,akshare.stock_zh_index_daily,week1_data_engineer_20260707_20260707T140842,2026-07-07T14:09:03
000852,2025-02-17,6285.04,6308.484,6231.868,6281.566,32373433700,,akshare.stock_zh_index_daily,week1_data_engineer_20260707_20260707T140842,2026-07-07T14:09:03
000852,2025-02-18,6264.282,6282.404,6112.585,6142.138,30015933000,,akshare.stock_zh_index_daily,week1_data_engineer_20260707_20260707T140842,2026-07-07T14:09:03
000852,2025-02-19,6134.991,6290.013,6133.942,6288.529,27292011400,,akshare.stock_zh_index_daily,week1_data_engineer_20260707_20260707T140842,2026-07-07T14:09:03
000852,2025-02-20,6289.133,6349.474,6274.031,6334.414,28811019800,,akshare.stock_zh_index_daily,week1_data_engineer_20260707_20260707T140842,2026-07-07T14:09:03
000852,2025-02-21,6347.67,6456.919,6317.085,6449.228,32726377100,,akshare.stock_zh_index_daily,week1_data_engineer_20260707_20260707T140842,2026-07-07T14:09:03
000852,2025-02-24,6454.558,6504.4,6411.766,6464.024,31846116100,,akshare.stock_zh_index_daily,week1_data_engineer_20260707_20260707T140842,2026-07-07T14:09:03
000852,2025-02-25,6369.276,6503.007,6359.836,6435.428,29536637200,,akshare.stock_zh_index_daily,week1_data_engineer_20260707_20260707T140842,2026-07-07T14:09:03
000852,2025-02-26,6451.402,6527.846,6423.603,6524.406,30317641300,,akshare.stock_zh_index_daily,week1_data_engineer_20260707_20260707T140842,2026-07-07T14:09:03
000852,2025-02-27,6526.811,6550.1,6395.908,6499.53,31196410100,,akshare.stock_zh_index_daily,week1_data_engineer_20260707_20260707T140842,2026-07-07T14:09:03
000852,2025-02-28,6460.904,6468.796,6252.014,6270.419,29555967500,,akshare.stock_zh_index_daily,week1_data_engineer_20260707_20260707T140842,2026-07-07T14:09:03
000852,2025-03-03,6291.05,6382.048,6240.568,6273.67,26694541200,,akshare.stock_zh_index_daily,week1_data_engineer_20260707_20260707T140842,2026-07-07T14:09:03
000852,2025-03-04,6218.831,6364.121,6217.81,6357.628,22954848600,,akshare.stock_zh_index_daily,week1_data_engineer_20260707_20260707T140842,2026-07-07T14:09:03
000852,2025-03-05,6365.432,6401.831,6318.287,6398.237,23896184700,,akshare.stock_zh_index_daily,week1_data_engineer_20260707_20260707T140842,2026-07-07T14:09:03
000852,2025-03-06,6438.159,6548.855,6435.543,6534.971,30055477000,,akshare.stock_zh_index_daily,week1_data_engineer_20260707_20260707T140842,2026-07-07T14:09:03
000852,2025-03-07,6512.732,6577.951,6465.264,6507.765,30888880700,,akshare.stock_zh_index_daily,week1_data_engineer_20260707_20260707T140842,2026-07-07T14:09:03
000852,2025-03-10,6519.028,6541.593,6466.903,6520.973,25652211300,,akshare.stock_zh_index_daily,week1_data_engineer_20260707_20260707T140842,2026-07-07T14:09:03
000852,2025-03-11,6438.245,6551.734,6432.758,6551.734,25245521600,,akshare.stock_zh_index_daily,week1_data_engineer_20260707_20260707T140842,2026-07-07T14:09:03
000852,2025-03-12,6585.595,6632.388,6564.716,6566.968,28170557600,,akshare.stock_zh_index_daily,week1_data_engineer_20260707_20260707T140842,2026-07-07T14:09:03
000852,2025-03-13,6558.419,6570.887,6405.732,6466.851,26682567700,,akshare.stock_zh_index_daily,week1_data_engineer_20260707_20260707T140842,2026-07-07T14:09:03
000852,2025-03-14,6463.925,6575.819,6428.225,6571.171,27632999400,,akshare.stock_zh_index_daily,week1_data_engineer_20260707_20260707T140842,2026-07-07T14:09:03
000852,2025-03-17,6585.821,6609.889,6557.634,6589.566,25208084100,,akshare.stock_zh_index_daily,week1_data_engineer_20260707_20260707T140842,2026-07-07T14:09:03
000852,2025-03-18,6605.043,6642.857,6581.965,6611.926,23472656300,,akshare.stock_zh_index_daily,week1_data_engineer_20260707_20260707T140842,2026-07-07T14:09:03
000852,2025-03-19,6590.555,6598.508,6536.716,6564.677,21966299900,,akshare.stock_zh_index_daily,week1_data_engineer_20260707_20260707T140842,2026-07-07T14:09:03
000852,2025-03-20,6551.82,6596.271,6528.858,6535.062,23190747700,,akshare.stock_zh_index_daily,week1_data_engineer_20260707_20260707T140842,2026-07-07T14:09:03
000852,2025-03-21,6507.95,6531.76,6389.615,6405.611,25620533500,,akshare.stock_zh_index_daily,week1_data_engineer_20260707_20260707T140842,2026-07-07T14:09:03
000852,2025-03-24,6403.565,6412.518,6244.868,6360.341,25768458300,,akshare.stock_zh_index_daily,week1_data_engineer_20260707_20260707T140842,2026-07-07T14:09:03
000852,2025-03-25,6355.814,6382.188,6289.124,6310.764,23166378100,,akshare.stock_zh_index_daily,week1_data_engineer_20260707_20260707T140842,2026-07-07T14:09:03
000852,2025-03-26,6297.329,6371.101,6297.329,6334.908,20667951300,,akshare.stock_zh_index_daily,week1_data_engineer_20260707_20260707T140842,2026-07-07T14:09:03
000852,2025-03-27,6315.097,6394.21,6254.887,6328.767,19889470400,,akshare.stock_zh_index_daily,week1_data_engineer_20260707_20260707T140842,2026-07-07T14:09:03
000852,2025-03-28,6326.813,6356.804,6261.686,6268.321,19655352800,,akshare.stock_zh_index_daily,week1_data_engineer_20260707_20260707T140842,2026-07-07T14:09:03
000852,2025-03-31,6229.556,6259.364,6143.65,6226.649,20738202700,,akshare.stock_zh_index_daily,week1_data_engineer_20260707_20260707T140842,2026-07-07T14:09:03
000852,2025-04-01,6242.071,6300.666,6240.204,6259.484,18233221700,,akshare.stock_zh_index_daily,week1_data_engineer_20260707_20260707T140842,2026-07-07T14:09:03
000852,2025-04-02,6252.63,6316.636,6251.852,6277.253,15926642500,,akshare.stock_zh_index_daily,week1_data_engineer_20260707_20260707T140842,2026-07-07T14:09:03
000852,2025-04-03,6208.288,6299.165,6168.535,6203.257,18369963000,,akshare.stock_zh_index_daily,week1_data_engineer_20260707_20260707T140842,2026-07-07T14:09:03
000852,2025-04-07,5811.544,5905.573,5437.453,5496.443,27721482900,,akshare.stock_zh_index_daily,week1_data_engineer_20260707_20260707T140842,2026-07-07T14:09:03
000852,2025-04-08,5475.56,5632.641,5426.034,5530.019,30970151600,,akshare.stock_zh_index_daily,week1_data_engineer_20260707_20260707T140842,2026-07-07T14:09:03
000852,2025-04-09,5439.177,5688.485,5224.973,5652.33,30572403900,,akshare.stock_zh_index_daily,week1_data_engineer_20260707_20260707T140842,2026-07-07T14:09:03
000852,2025-04-10,5766.505,5883.459,5766.406,5784.585,27416184900,,akshare.stock_zh_index_daily,week1_data_engineer_20260707_20260707T140842,2026-07-07T14:09:03
000852,2025-04-11,5744.795,5923.136,5743.078,5862.188,22213916200,,akshare.stock_zh_index_daily,week1_data_engineer_20260707_20260707T140842,2026-07-07T14:09:03
000852,2025-04-14,5933.992,5979.902,5914.254,5938.526,21658114100,,akshare.stock_zh_index_daily,week1_data_engineer_20260707_20260707T140842,2026-07-07T14:09:03
000852,2025-04-15,5938.573,5949.861,5872.287,5914.029,18304784800,,akshare.stock_zh_index_daily,week1_data_engineer_20260707_20260707T140842,2026-07-07T14:09:03
000852,2025-04-16,5897.2,5903.119,5758.666,5835.348,19042390100,,akshare.stock_zh_index_daily,week1_data_engineer_20260707_20260707T140842,2026-07-07T14:09:03
000852,2025-04-17,5802.293,5898.179,5801.12,5839.564,17319670800,,akshare.stock_zh_index_daily,week1_data_engineer_20260707_20260707T140842,2026-07-07T14:09:03
000852,2025-04-18,5833.108,5855.692,5793.787,5831.687,16444460300,,akshare.stock_zh_index_daily,week1_data_engineer_20260707_20260707T140842,2026-07-07T14:09:03
000852,2025-04-21,5826.622,5952.718,5802.835,5952.637,19271150000,,akshare.stock_zh_index_daily,week1_data_engineer_20260707_20260707T140842,2026-07-07T14:09:03
000852,2025-04-22,5947.149,5974.317,5923.589,5949.312,20645707400,,akshare.stock_zh_index_daily,week1_data_engineer_20260707_20260707T140842,2026-07-07T14:09:03
000852,2025-04-23,5971.473,6013.275,5954.027,5984.583,21819615600,,akshare.stock_zh_index_daily,week1_data_engineer_20260707_20260707T140842,2026-07-07T14:09:03
000852,2025-04-24,5979.406,5984.367,5897.65,5920.478,19979656400,,akshare.stock_zh_index_daily,week1_data_engineer_20260707_20260707T140842,2026-07-07T14:09:03
000852,2025-04-25,5927.316,5982.715,5901.077,5939.502,19808766000,,akshare.stock_zh_index_daily,week1_data_engineer_20260707_20260707T140842,2026-07-07T14:09:03
000852,2025-04-28,5933.419,5939.958,5868.872,5877.057,19495089100,,akshare.stock_zh_index_daily,week1_data_engineer_20260707_20260707T140842,2026-07-07T14:09:03
000852,2025-04-29,5850.827,5921.556,5836.031,5903.381,18602339400,,akshare.stock_zh_index_daily,week1_data_engineer_20260707_20260707T140842,2026-07-07T14:09:03
000852,2025-04-30,5907.188,5972.655,5907.188,5950.117,19545899800,,akshare.stock_zh_index_daily,week1_data_engineer_20260707_20260707T140842,2026-07-07T14:09:03
000852,2025-05-06,5993.334,6102.922,5993.334,6102.922,22020962300,,akshare.stock_zh_index_daily,week1_data_engineer_20260707_20260707T140842,2026-07-07T14:09:03
000852,2025-05-07,6171.607,6195.139,6063.644,6111.495,23392295100,,akshare.stock_zh_index_daily,week1_data_engineer_20260707_20260707T140842,2026-07-07T14:09:03
000852,2025-05-08,6093.56,6167.146,6087.372,6158.077,20391582600,,akshare.stock_zh_index_daily,week1_data_engineer_20260707_20260707T140842,2026-07-07T14:09:03
000852,2025-05-09,6153.529,6153.529,6054.935,6082.082,18922128700,,akshare.stock_zh_index_daily,week1_data_engineer_20260707_20260707T140842,2026-07-07T14:09:03
000852,2025-05-12,6122.669,6167.461,6110.022,6167.461,19684721000,,akshare.stock_zh_index_daily,week1_data_engineer_20260707_20260707T140842,2026-07-07T14:09:03
000852,2025-05-13,6219.454,6220.445,6141.68,6151.01,20327421700,,akshare.stock_zh_index_daily,week1_data_engineer_20260707_20260707T140842,2026-07-07T14:09:03
000852,2025-05-14,6144.246,6199.299,6111.112,6160.37,21155908300,,akshare.stock_zh_index_daily,week1_data_engineer_20260707_20260707T140842,2026-07-07T14:09:03
000852,2025-05-15,6146.002,6146.002,6055.839,6057.036,19052381400,,akshare.stock_zh_index_daily,week1_data_engineer_20260707_20260707T140842,2026-07-07T14:09:03
000852,2025-05-16,6042.22,6098.878,6042.22,6068.117,17639475900,,akshare.stock_zh_index_daily,week1_data_engineer_20260707_20260707T140842,2026-07-07T14:09:03
000852,2025-05-19,6073.203,6100.802,6009.951,6095.337,18471299000,,akshare.stock_zh_index_daily,week1_data_engineer_20260707_20260707T140842,2026-07-07T14:09:03
000852,2025-05-20,6097.364,6154.954,6078.218,6146.017,19295729400,,akshare.stock_zh_index_daily,week1_data_engineer_20260707_20260707T140842,2026-07-07T14:09:03
000852,2025-05-21,6137.096,6141.726,6109.925,6132.181,19655084200,,akshare.stock_zh_index_daily,week1_data_engineer_20260707_20260707T140842,2026-07-07T14:09:03
000852,2025-05-22,6113.207,6146.201,6062.593,6066.103,18639573700,,akshare.stock_zh_index_daily,week1_data_engineer_20260707_20260707T140842,2026-07-07T14:09:03
000852,2025-05-23,6060.518,6099.227,5989.675,5989.675,18492377400,,akshare.stock_zh_index_daily,week1_data_engineer_20260707_20260707T140842,2026-07-07T14:09:03
000852,2025-05-26,5991.859,6038.806,5981.842,6028.786,15598879400,,akshare.stock_zh_index_daily,week1_data_engineer_20260707_20260707T140842,2026-07-07T14:09:03
000852,2025-05-27,6019.543,6023.144,5971.347,6008.46,15794575800,,akshare.stock_zh_index_daily,week1_data_engineer_20260707_20260707T140842,2026-07-07T14:09:03
000852,2025-05-28,6006.889,6023.825,5972.184,5984.456,15910549400,,akshare.stock_zh_index_daily,week1_data_engineer_20260707_20260707T140842,2026-07-07T14:09:03
000852,2025-05-29,5980.857,6091.962,5980.857,6089.578,18937646600,,akshare.stock_zh_index_daily,week1_data_engineer_20260707_20260707T140842,2026-07-07T14:09:03
000852,2025-05-30,6075.45,6075.45,6016.891,6026.56,18691867100,,akshare.stock_zh_index_daily,week1_data_engineer_20260707_20260707T140842,2026-07-07T14:09:03
000852,2025-06-03,6009.184,6086.616,6008.545,6070.037,19176467200,,akshare.stock_zh_index_daily,week1_data_engineer_20260707_20260707T140842,2026-07-07T14:09:03
000852,2025-06-04,6067.827,6124.703,6067.827,6123.172,18695585000,,akshare.stock_zh_index_daily,week1_data_engineer_20260707_20260707T140842,2026-07-07T14:09:03
000852,2025-06-05,6125.89,6174.85,6101.846,6167.015,20607791900,,akshare.stock_zh_index_daily,week1_data_engineer_20260707_20260707T140842,2026-07-07T14:09:03
000852,2025-06-06,6164.41,6169.568,6137.565,6152.845,17833958200,,akshare.stock_zh_index_daily,week1_data_engineer_20260707_20260707T140842,2026-07-07T14:09:03
000852,2025-06-09,6161.138,6226.383,6158.903,6218.964,19328363200,,akshare.stock_zh_index_daily,week1_data_engineer_20260707_20260707T140842,2026-07-07T14:09:03
000852,2025-06-10,6220.042,6220.042,6098.089,6161.692,22006048500,,akshare.stock_zh_index_daily,week1_data_engineer_20260707_20260707T140842,2026-07-07T14:09:03
000852,2025-06-11,6162.157,6221.202,6162.157,6186.512,19764358000,,akshare.stock_zh_index_daily,week1_data_engineer_20260707_20260707T140842,2026-07-07T14:09:03
000852,2025-06-12,6171.557,6202.727,6151.036,6192.22,19701874900,,akshare.stock_zh_index_daily,week1_data_engineer_20260707_20260707T140842,2026-07-07T14:09:03
000852,2025-06-13,6174.432,6183.714,6088.571,6106.008,23688954700,,akshare.stock_zh_index_daily,week1_data_engineer_20260707_20260707T140842,2026-07-07T14:09:03
000852,2025-06-16,6089.963,6151.513,6089.963,6147.46,19731093300,,akshare.stock_zh_index_daily,week1_data_engineer_20260707_20260707T140842,2026-07-07T14:09:03
000852,2025-06-17,6153.147,6171.165,6120.57,6141.468,20842728000,,akshare.stock_zh_index_daily,week1_data_engineer_20260707_20260707T140842,2026-07-07T14:09:03
000852,2025-06-18,6126.18,6143.209,6086.694,6135.386,20410575500,,akshare.stock_zh_index_daily,week1_data_engineer_20260707_20260707T140842,2026-07-07T14:09:03
000852,2025-06-19,6127.938,6146.642,6028.717,6048.224,21221733600,,akshare.stock_zh_index_daily,week1_data_engineer_20260707_20260707T140842,2026-07-07T14:09:03
000852,2025-06-20,6039.991,6061.841,5997.59,5999.591,18085734200,,akshare.stock_zh_index_daily,week1_data_engineer_20260707_20260707T140842,2026-07-07T14:09:03
000852,2025-06-23,5966.495,6083.527,5965.663,6078.222,19355849000,,akshare.stock_zh_index_daily,week1_data_engineer_20260707_20260707T140842,2026-07-07T14:09:03
000852,2025-06-24,6082.744,6194.666,6082.744,6194.666,23345340300,,akshare.stock_zh_index_daily,week1_data_engineer_20260707_20260707T140842,2026-07-07T14:09:03
000852,2025-06-25,6196.153,6282.112,6194.148,6276.163,24755632500,,akshare.stock_zh_index_daily,week1_data_engineer_20260707_20260707T140842,2026-07-07T14:09:03
000852,2025-06-26,6272.443,6310.536,6244.781,6247.791,25424649500,,akshare.stock_zh_index_daily,week1_data_engineer_20260707_20260707T140842,2026-07-07T14:09:03
000852,2025-06-27,6265.923,6319.161,6257.587,6276.937,24856335200,,akshare.stock_zh_index_daily,week1_data_engineer_20260707_20260707T140842,2026-07-07T14:09:03
000852,2025-06-30,6297.077,6358.026,6292.514,6356.181,23732297300,,akshare.stock_zh_index_daily,week1_data_engineer_20260707_20260707T140842,2026-07-07T14:09:03
000852,2025-07-01,6358.06,6373.768,6308.061,6373.768,24353733000,,akshare.stock_zh_index_daily,week1_data_engineer_20260707_20260707T140842,2026-07-07T14:09:03
000852,2025-07-02,6358.873,6358.873,6285.0,6309.484,23858090300,,akshare.stock_zh_index_daily,week1_data_engineer_20260707_20260707T140842,2026-07-07T14:09:03
000852,2025-07-03,6306.745,6349.145,6295.225,6342.638,21398076500,,akshare.stock_zh_index_daily,week1_data_engineer_20260707_20260707T140842,2026-07-07T14:09:03
000852,2025-07-04,6338.557,6375.067,6292.136,6312.197,23813321000,,akshare.stock_zh_index_daily,week1_data_engineer_20260707_20260707T140842,2026-07-07T14:09:03
000852,2025-07-07,6305.045,6333.512,6303.862,6327.139,21047736100,,akshare.stock_zh_index_daily,week1_data_engineer_20260707_20260707T140842,2026-07-07T14:09:03
000852,2025-07-08,6321.553,6408.114,6318.523,6407.698,23512558300,,akshare.stock_zh_index_daily,week1_data_engineer_20260707_20260707T140842,2026-07-07T14:09:03
000852,2025-07-09,6412.144,6431.091,6375.082,6390.466,23617558900,,akshare.stock_zh_index_daily,week1_data_engineer_20260707_20260707T140842,2026-07-07T14:09:03
000852,2025-07-10,6385.213,6427.739,6367.66,6406.568,24018338000,,akshare.stock_zh_index_daily,week1_data_engineer_20260707_20260707T140842,2026-07-07T14:09:03
000852,2025-07-11,6411.314,6487.44,6388.402,6461.1,28256128300,,akshare.stock_zh_index_daily,week1_data_engineer_20260707_20260707T140842,2026-07-07T14:09:03
000852,2025-07-14,6465.506,6474.934,6443.555,6462.305,24205780100,,akshare.stock_zh_index_daily,week1_data_engineer_20260707_20260707T140842,2026-07-07T14:09:03
000852,2025-07-15,6451.997,6472.527,6381.557,6442.834,26986941100,,akshare.stock_zh_index_daily,week1_data_engineer_20260707_20260707T140842,2026-07-07T14:09:03
000852,2025-07-16,6440.517,6487.83,6433.507,6462.063,22023002400,,akshare.stock_zh_index_daily,week1_data_engineer_20260707_20260707T140842,2026-07-07T14:09:03
000852,2025-07-17,6458.414,6535.671,6451.153,6535.671,22783164600,,akshare.stock_zh_index_daily,week1_data_engineer_20260707_20260707T140842,2026-07-07T14:09:03
000852,2025-07-18,6546.362,6563.817,6521.5,6552.074,23446171300,,akshare.stock_zh_index_daily,week1_data_engineer_20260707_20260707T140842,2026-07-07T14:09:03
000852,2025-07-21,6557.251,6614.606,6555.043,6612.259,27659155200,,akshare.stock_zh_index_daily,week1_data_engineer_20260707_20260707T140842,2026-07-07T14:09:03
000852,2025-07-22,6607.826,6642.235,6597.048,6637.104,30165999400,,akshare.stock_zh_index_daily,week1_data_engineer_20260707_20260707T140842,2026-07-07T14:09:03
000852,2025-07-23,6634.123,6667.858,6594.483,6607.22,29410927500,,akshare.stock_zh_index_daily,week1_data_engineer_20260707_20260707T140842,2026-07-07T14:09:03
000852,2025-07-24,6602.169,6701.12,6602.169,6701.12,28541821900,,akshare.stock_zh_index_daily,week1_data_engineer_20260707_20260707T140842,2026-07-07T14:09:03
000852,2025-07-25,6708.08,6716.703,6674.541,6706.61,26400479800,,akshare.stock_zh_index_daily,week1_data_engineer_20260707_20260707T140842,2026-07-07T14:09:03
000852,2025-07-28,6713.818,6736.079,6679.211,6729.979,25274290400,,akshare.stock_zh_index_daily,week1_data_engineer_20260707_20260707T140842,2026-07-07T14:09:03
000852,2025-07-29,6724.315,6773.884,6684.158,6773.884,25926123600,,akshare.stock_zh_index_daily,week1_data_engineer_20260707_20260707T140842,2026-07-07T14:09:03
000852,2025-07-30,6758.327,6770.883,6662.906,6718.482,26817955900,,akshare.stock_zh_index_daily,week1_data_engineer_20260707_20260707T140842,2026-07-07T14:09:03
000852,2025-07-31,6701.156,6750.078,6639.123,6661.186,27013867700,,akshare.stock_zh_index_daily,week1_data_engineer_20260707_20260707T140842,2026-07-07T14:09:03
000852,2025-08-01,6665.642,6702.679,6625.928,6670.472,23248467000,,akshare.stock_zh_index_daily,week1_data_engineer_20260707_20260707T140842,2026-07-07T14:09:03
000852,2025-08-04,6637.839,6739.725,6631.124,6739.694,21349152500,,akshare.stock_zh_index_daily,week1_data_engineer_20260707_20260707T140842,2026-07-07T14:09:03
000852,2025-08-05,6753.527,6787.481,6744.072,6787.481,22372467700,,akshare.stock_zh_index_daily,week1_data_engineer_20260707_20260707T140842,2026-07-07T14:09:03
000852,2025-08-06,6784.175,6865.017,6774.033,6861.309,25813388800,,akshare.stock_zh_index_daily,week1_data_engineer_20260707_20260707T140842,2026-07-07T14:09:03
000852,2025-08-07,6864.446,6876.497,6813.774,6862.15,26138960000,,akshare.stock_zh_index_daily,week1_data_engineer_20260707_20260707T140842,2026-07-07T14:09:03
000852,2025-08-08,6844.439,6865.838,6816.094,6838.13,25146567100,,akshare.stock_zh_index_daily,week1_data_engineer_20260707_20260707T140842,2026-07-07T14:09:03
000852,2025-08-11,6850.572,6957.404,6850.572,6943.937,26097024100,,akshare.stock_zh_index_daily,week1_data_engineer_20260707_20260707T140842,2026-07-07T14:09:03
000852,2025-08-12,6943.666,6963.804,6894.846,6963.611,26048986900,,akshare.stock_zh_index_daily,week1_data_engineer_20260707_20260707T140842,2026-07-07T14:09:03
000852,2025-08-13,6966.273,7070.504,6966.273,7064.334,29465387400,,akshare.stock_zh_index_daily,week1_data_engineer_20260707_20260707T140842,2026-07-07T14:09:03
000852,2025-08-14,7072.903,7077.809,6957.397,6976.488,31727293600,,akshare.stock_zh_index_daily,week1_data_engineer_20260707_20260707T140842,2026-07-07T14:09:03
000852,2025-08-15,6956.508,7117.51,6956.508,7117.501,30400522600,,akshare.stock_zh_index_daily,week1_data_engineer_20260707_20260707T140842,2026-07-07T14:09:03
000852,2025-08-18,7158.531,7267.981,7143.066,7237.602,37983126300,,akshare.stock_zh_index_daily,week1_data_engineer_20260707_20260707T140842,2026-07-07T14:09:03
000852,2025-08-19,7231.93,7289.032,7193.595,7242.849,34087904500,,akshare.stock_zh_index_daily,week1_data_engineer_20260707_20260707T140842,2026-07-07T14:09:03
000852,2025-08-20,7212.97,7305.461,7166.991,7305.461,32475150300,,akshare.stock_zh_index_daily,week1_data_engineer_20260707_20260707T140842,2026-07-07T14:09:03
000852,2025-08-21,7318.757,7343.174,7215.338,7253.343,32682289100,,akshare.stock_zh_index_daily,week1_data_engineer_20260707_20260707T140842,2026-07-07T14:09:03
000852,2025-08-22,7250.191,7362.94,7250.191,7362.94,32680749200,,akshare.stock_zh_index_daily,week1_data_engineer_20260707_20260707T140842,2026-07-07T14:09:03
000852,2025-08-25,7418.346,7504.009,7405.939,7477.728,40845765500,,akshare.stock_zh_index_daily,week1_data_engineer_20260707_20260707T140842,2026-07-07T14:09:03
000852,2025-08-26,7457.77,7526.166,7435.301,7476.467,36368466100,,akshare.stock_zh_index_daily,week1_data_engineer_20260707_20260707T140842,2026-07-07T14:09:03
000852,2025-08-27,7488.928,7565.353,7336.504,7336.504,41675926500,,akshare.stock_zh_index_daily,week1_data_engineer_20260707_20260707T140842,2026-07-07T14:09:03
000852,2025-08-28,7331.187,7447.11,7216.766,7447.11,38146643500,,akshare.stock_zh_index_daily,week1_data_engineer_20260707_20260707T140842,2026-07-07T14:09:03
000852,2025-08-29,7449.864,7477.204,7380.83,7438.677,32764088100,,akshare.stock_zh_index_daily,week1_data_engineer_20260707_20260707T140842,2026-07-07T14:09:03
000852,2025-09-01,7475.0,7502.592,7424.341,7501.148,32422071200,,akshare.stock_zh_index_daily,week1_data_engineer_20260707_20260707T140842,2026-07-07T14:09:03
000852,2025-09-02,7498.445,7499.602,7258.589,7313.882,35043585300,,akshare.stock_zh_index_daily,week1_data_engineer_20260707_20260707T140842,2026-07-07T14:09:03
000852,2025-09-03,7336.386,7361.028,7182.291,7206.876,29028856800,,akshare.stock_zh_index_daily,week1_data_engineer_20260707_20260707T140842,2026-07-07T14:09:03
000852,2025-09-04,7214.72,7254.999,6939.665,7041.154,29762275400,,akshare.stock_zh_index_daily,week1_data_engineer_20260707_20260707T140842,2026-07-07T14:09:03
000852,2025-09-05,7046.958,7248.577,7017.946,7245.667,28276593100,,akshare.stock_zh_index_daily,week1_data_engineer_20260707_20260707T140842,2026-07-07T14:09:03
000852,2025-09-08,7257.332,7321.157,7220.591,7311.034,30781328900,,akshare.stock_zh_index_daily,week1_data_engineer_20260707_20260707T140842,2026-07-07T14:09:03
000852,2025-09-09,7287.402,7315.967,7198.319,7226.028,28244306100,,akshare.stock_zh_index_daily,week1_data_engineer_20260707_20260707T140842,2026-07-07T14:09:03
000852,2025-09-10,7214.226,7296.001,7179.757,7230.168,25267415800,,akshare.stock_zh_index_daily,week1_data_engineer_20260707_20260707T140842,2026-07-07T14:09:03
000852,2025-09-11,7215.928,7399.885,7161.281,7399.885,29397514200,,akshare.stock_zh_index_daily,week1_data_engineer_20260707_20260707T140842,2026-07-07T14:09:03
000852,2025-09-12,7402.417,7472.874,7387.589,7422.884,31583879300,,akshare.stock_zh_index_daily,week1_data_engineer_20260707_20260707T140842,2026-07-07T14:09:03
000852,2025-09-15,7445.498,7454.295,7404.496,7415.571,30130776100,,akshare.stock_zh_index_daily,week1_data_engineer_20260707_20260707T140842,2026-07-07T14:09:03
000852,2025-09-16,7426.409,7487.066,7364.733,7483.628,30901059000,,akshare.stock_zh_index_daily,week1_data_engineer_20260707_20260707T140842,2026-07-07T14:09:03
000852,2025-09-17,7478.408,7564.816,7461.41,7554.813,30170648500,,akshare.stock_zh_index_daily,week1_data_engineer_20260707_20260707T140842,2026-07-07T14:09:03
000852,2025-09-18,7552.23,7665.97,7393.18,7476.402,39860010200,,akshare.stock_zh_index_daily,week1_data_engineer_20260707_20260707T140842,2026-07-07T14:09:03
000852,2025-09-19,7473.022,7520.919,7405.291,7438.189,29589587000,,akshare.stock_zh_index_daily,week1_data_engineer_20260707_20260707T140842,2026-07-07T14:09:03
000852,2025-09-22,7457.886,7489.478,7418.465,7489.478,27036260200,,akshare.stock_zh_index_daily,week1_data_engineer_20260707_20260707T140842,2026-07-07T14:09:03
000852,2025-09-23,7500.618,7504.231,7261.666,7408.069,31326028000,,akshare.stock_zh_index_daily,week1_data_engineer_20260707_20260707T140842,2026-07-07T14:09:03
000852,2025-09-24,7375.911,7534.222,7342.47,7534.222,27891276100,,akshare.stock_zh_index_daily,week1_data_engineer_20260707_20260707T140842,2026-07-07T14:09:03
000852,2025-09-25,7521.317,7563.079,7487.119,7506.512,26440371200,,akshare.stock_zh_index_daily,week1_data_engineer_20260707_20260707T140842,2026-07-07T14:09:03
000852,2025-09-26,7476.937,7516.111,7396.585,7397.589,25875025900,,akshare.stock_zh_index_daily,week1_data_engineer_20260707_20260707T140842,2026-07-07T14:09:03
000852,2025-09-29,7415.128,7517.118,7376.909,7497.831,25868018400,,akshare.stock_zh_index_daily,week1_data_engineer_20260707_20260707T140842,2026-07-07T14:09:03
000852,2025-09-30,7525.624,7592.914,7524.915,7574.963,25517378500,,akshare.stock_zh_index_daily,week1_data_engineer_20260707_20260707T140842,2026-07-07T14:09:03
000852,2025-10-09,7623.299,7671.171,7590.473,7648.052,30349138000,,akshare.stock_zh_index_daily,week1_data_engineer_20260707_20260707T140842,2026-07-07T14:09:03
000852,2025-10-10,7608.292,7621.976,7513.166,7533.82,29042992200,,akshare.stock_zh_index_daily,week1_data_engineer_20260707_20260707T140842,2026-07-07T14:09:03
000852,2025-10-13,7250.579,7535.207,7250.579,7519.764,28840041100,,akshare.stock_zh_index_daily,week1_data_engineer_20260707_20260707T140842,2026-07-07T14:09:03
000852,2025-10-14,7580.393,7611.826,7342.6,7373.152,30441201300,,akshare.stock_zh_index_daily,week1_data_engineer_20260707_20260707T140842,2026-07-07T14:09:03
000852,2025-10-15,7384.011,7484.049,7315.483,7483.449,24485396500,,akshare.stock_zh_index_daily,week1_data_engineer_20260707_20260707T140842,2026-07-07T14:09:03
000852,2025-10-16,7460.763,7472.755,7378.297,7401.838,23464307000,,akshare.stock_zh_index_daily,week1_data_engineer_20260707_20260707T140842,2026-07-07T14:09:03
000852,2025-10-17,7395.866,7426.21,7176.959,7185.478,25432732500,,akshare.stock_zh_index_daily,week1_data_engineer_20260707_20260707T140842,2026-07-07T14:09:03
000852,2025-10-20,7259.486,7301.988,7196.28,7239.185,21857967600,,akshare.stock_zh_index_daily,week1_data_engineer_20260707_20260707T140842,2026-07-07T14:09:03
000852,2025-10-21,7257.112,7350.923,7236.634,7344.047,23725016500,,akshare.stock_zh_index_daily,week1_data_engineer_20260707_20260707T140842,2026-07-07T14:09:03
000852,2025-10-22,7304.964,7349.797,7278.713,7312.21,22732450300,,akshare.stock_zh_index_daily,week1_data_engineer_20260707_20260707T140842,2026-07-07T14:09:03
000852,2025-10-23,7292.39,7319.55,7192.416,7308.099,23156897600,,akshare.stock_zh_index_daily,week1_data_engineer_20260707_20260707T140842,2026-07-07T14:09:03
000852,2025-10-24,7340.669,7419.407,7340.669,7419.235,24555995300,,akshare.stock_zh_index_daily,week1_data_engineer_20260707_20260707T140842,2026-07-07T14:09:03
000852,2025-10-27,7483.295,7511.414,7430.62,7495.383,26534474900,,akshare.stock_zh_index_daily,week1_data_engineer_20260707_20260707T140842,2026-07-07T14:09:03
000852,2025-10-28,7462.911,7534.051,7443.701,7479.221,25180424900,,akshare.stock_zh_index_daily,week1_data_engineer_20260707_20260707T140842,2026-07-07T14:09:03
000852,2025-10-29,7481.237,7569.117,7469.07,7569.117,26584612900,,akshare.stock_zh_index_daily,week1_data_engineer_20260707_20260707T140842,2026-07-07T14:09:03
000852,2025-10-30,7560.6,7569.156,7476.701,7485.085,29738526900,,akshare.stock_zh_index_daily,week1_data_engineer_20260707_20260707T140842,2026-07-07T14:09:03
000852,2025-10-31,7480.658,7583.033,7480.658,7506.675,29974520600,,akshare.stock_zh_index_daily,week1_data_engineer_20260707_20260707T140842,2026-07-07T14:09:03
000852,2025-11-03,7507.374,7539.327,7417.273,7538.118,27824170500,,akshare.stock_zh_index_daily,week1_data_engineer_20260707_20260707T140842,2026-07-07T14:09:03
000852,2025-11-04,7523.64,7523.64,7387.378,7435.731,25167741300,,akshare.stock_zh_index_daily,week1_data_engineer_20260707_20260707T140842,2026-07-07T14:09:03
000852,2025-11-05,7332.104,7490.904,7332.104,7464.863,25854817800,,akshare.stock_zh_index_daily,week1_data_engineer_20260707_20260707T140842,2026-07-07T14:09:03
000852,2025-11-06,7482.908,7551.83,7466.752,7551.83,26361295900,,akshare.stock_zh_index_daily,week1_data_engineer_20260707_20260707T140842,2026-07-07T14:09:03
000852,2025-11-07,7519.748,7581.56,7492.926,7541.878,26788866400,,akshare.stock_zh_index_daily,week1_data_engineer_20260707_20260707T140842,2026-07-07T14:09:03
000852,2025-11-10,7568.751,7592.757,7515.684,7563.254,27436131700,,akshare.stock_zh_index_daily,week1_data_engineer_20260707_20260707T140842,2026-07-07T14:09:03
000852,2025-11-11,7579.908,7598.988,7530.144,7540.791,26525073100,,akshare.stock_zh_index_daily,week1_data_engineer_20260707_20260707T140842,2026-07-07T14:09:03
000852,2025-11-12,7520.179,7537.761,7421.459,7486.377,26696336300,,akshare.stock_zh_index_daily,week1_data_engineer_20260707_20260707T140842,2026-07-07T14:09:03
000852,2025-11-13,7483.664,7604.891,7475.511,7590.576,27563607300,,akshare.stock_zh_index_daily,week1_data_engineer_20260707_20260707T140842,2026-07-07T14:09:03
000852,2025-11-14,7527.834,7591.315,7502.757,7502.757,27197278300,,akshare.stock_zh_index_daily,week1_data_engineer_20260707_20260707T140842,2026-07-07T14:09:03
000852,2025-11-17,7514.84,7544.723,7487.808,7523.076,26115611800,,akshare.stock_zh_index_daily,week1_data_engineer_20260707_20260707T140842,2026-07-07T14:09:03
000852,2025-11-18,7508.531,7521.656,7412.276,7448.101,27748040900,,akshare.stock_zh_index_daily,week1_data_engineer_20260707_20260707T140842,2026-07-07T14:09:03
000852,2025-11-19,7438.139,7471.732,7348.037,7387.208,23839382000,,akshare.stock_zh_index_daily,week1_data_engineer_20260707_20260707T140842,2026-07-07T14:09:03
000852,2025-11-20,7429.7,7439.044,7332.321,7340.412,22753609000,,akshare.stock_zh_index_daily,week1_data_engineer_20260707_20260707T140842,2026-07-07T14:09:03
000852,2025-11-21,7235.326,7274.334,7067.703,7067.703,28480069000,,akshare.stock_zh_index_daily,week1_data_engineer_20260707_20260707T140842,2026-07-07T14:09:03
000852,2025-11-24,7105.642,7190.723,7064.598,7156.409,24065506200,,akshare.stock_zh_index_daily,week1_data_engineer_20260707_20260707T140842,2026-07-07T14:09:03
000852,2025-11-25,7195.1,7311.727,7194.766,7249.947,24542942900,,akshare.stock_zh_index_daily,week1_data_engineer_20260707_20260707T140842,2026-07-07T14:09:03
000852,2025-11-26,7236.655,7307.199,7225.087,7248.449,23177682400,,akshare.stock_zh_index_daily,week1_data_engineer_20260707_20260707T140842,2026-07-07T14:09:03
000852,2025-11-27,7243.714,7330.6,7243.714,7257.454,21127741200,,akshare.stock_zh_index_daily,week1_data_engineer_20260707_20260707T140842,2026-07-07T14:09:03
000852,2025-11-28,7257.165,7334.21,7239.854,7334.21,20068050800,,akshare.stock_zh_index_daily,week1_data_engineer_20260707_20260707T140842,2026-07-07T14:09:03
000852,2025-12-01,7356.513,7388.618,7342.596,7386.681,23441158300,,akshare.stock_zh_index_daily,week1_data_engineer_20260707_20260707T140842,2026-07-07T14:09:03
000852,2025-12-02,7364.204,7364.204,7299.272,7313.178,20051247700,,akshare.stock_zh_index_daily,week1_data_engineer_20260707_20260707T140842,2026-07-07T14:09:03
000852,2025-12-03,7312.667,7324.211,7220.976,7248.274,21463340000,,akshare.stock_zh_index_daily,week1_data_engineer_20260707_20260707T140842,2026-07-07T14:09:03
000852,2025-12-04,7246.862,7269.902,7185.911,7248.657,19483925400,,akshare.stock_zh_index_daily,week1_data_engineer_20260707_20260707T140842,2026-07-07T14:09:03
000852,2025-12-05,7244.277,7346.999,7194.661,7342.492,21572766300,,akshare.stock_zh_index_daily,week1_data_engineer_20260707_20260707T140842,2026-07-07T14:09:03
000852,2025-12-08,7359.488,7446.192,7359.488,7423.046,24091899500,,akshare.stock_zh_index_daily,week1_data_engineer_20260707_20260707T140842,2026-07-07T14:09:03
000852,2025-12-09,7400.934,7439.546,7370.296,7380.584,22849142800,,akshare.stock_zh_index_daily,week1_data_engineer_20260707_20260707T140842,2026-07-07T14:09:03
000852,2025-12-10,7367.492,7421.423,7332.053,7408.244,21561113400,,akshare.stock_zh_index_daily,week1_data_engineer_20260707_20260707T140842,2026-07-07T14:09:03
000852,2025-12-11,7421.787,7425.441,7311.995,7311.995,23402087300,,akshare.stock_zh_index_daily,week1_data_engineer_20260707_20260707T140842,2026-07-07T14:09:03
000852,2025-12-12,7312.871,7384.848,7284.555,7370.942,24352518300,,akshare.stock_zh_index_daily,week1_data_engineer_20260707_20260707T140842,2026-07-07T14:09:03
000852,2025-12-15,7324.48,7375.612,7305.832,7309.078,22095769700,,akshare.stock_zh_index_daily,week1_data_engineer_20260707_20260707T140842,2026-07-07T14:09:03
000852,2025-12-16,7302.159,7302.159,7143.615,7181.62,23052600700,,akshare.stock_zh_index_daily,week1_data_engineer_20260707_20260707T140842,2026-07-07T14:09:03
000852,2025-12-17,7178.307,7303.375,7149.019,7288.738,22049877500,,akshare.stock_zh_index_daily,week1_data_engineer_20260707_20260707T140842,2026-07-07T14:09:03
000852,2025-12-18,7244.64,7336.732,7241.861,7272.402,20004466200,,akshare.stock_zh_index_daily,week1_data_engineer_20260707_20260707T140842,2026-07-07T14:09:03
000852,2025-12-19,7295.671,7357.042,7279.987,7329.806,21920554700,,akshare.stock_zh_index_daily,week1_data_engineer_20260707_20260707T140842,2026-07-07T14:09:03
000852,2025-12-22,7363.064,7433.428,7363.064,7408.349,22160188600,,akshare.stock_zh_index_daily,week1_data_engineer_20260707_20260707T140842,2026-07-07T14:09:03
000852,2025-12-23,7410.224,7441.412,7363.934,7392.42,22428856600,,akshare.stock_zh_index_daily,week1_data_engineer_20260707_20260707T140842,2026-07-07T14:09:03
000852,2025-12-24,7391.561,7513.254,7386.489,7506.381,21796145500,,akshare.stock_zh_index_daily,week1_data_engineer_20260707_20260707T140842,2026-07-07T14:09:03
000852,2025-12-25,7507.297,7591.782,7502.154,7579.379,22874491700,,akshare.stock_zh_index_daily,week1_data_engineer_20260707_20260707T140842,2026-07-07T14:09:03
000852,2025-12-26,7575.926,7644.84,7550.014,7605.53,26626161100,,akshare.stock_zh_index_daily,week1_data_engineer_20260707_20260707T140842,2026-07-07T14:09:03
000852,2025-12-29,7606.435,7637.91,7574.775,7594.158,26406479600,,akshare.stock_zh_index_daily,week1_data_engineer_20260707_20260707T140842,2026-07-07T14:09:03
000852,2025-12-30,7556.537,7636.153,7552.401,7597.299,26333187400,,akshare.stock_zh_index_daily,week1_data_engineer_20260707_20260707T140842,2026-07-07T14:09:03
000852,2025-12-31,7606.646,7619.221,7560.723,7595.285,24454923100,,akshare.stock_zh_index_daily,week1_data_engineer_20260707_20260707T140842,2026-07-07T14:09:03
000852,2026-01-05,7639.538,7753.959,7623.749,7753.88,30537472600,,akshare.stock_zh_index_daily,week1_data_engineer_20260707_20260707T140842,2026-07-07T14:09:03
000852,2026-01-06,7756.158,7864.903,7755.072,7864.903,33116203400,,akshare.stock_zh_index_daily,week1_data_engineer_20260707_20260707T140842,2026-07-07T14:09:03
000852,2026-01-07,7881.836,7939.752,7864.139,7906.42,31873436700,,akshare.stock_zh_index_daily,week1_data_engineer_20260707_20260707T140842,2026-07-07T14:09:03
000852,2026-01-08,7886.81,7993.631,7886.629,7971.589,32556390800,,akshare.stock_zh_index_daily,week1_data_engineer_20260707_20260707T140842,2026-07-07T14:09:03
000852,2026-01-09,7969.19,8131.491,7969.19,8129.183,38104386900,,akshare.stock_zh_index_daily,week1_data_engineer_20260707_20260707T140842,2026-07-07T14:09:03
000852,2026-01-12,8196.085,8371.749,8171.105,8357.011,44722895400,,akshare.stock_zh_index_daily,week1_data_engineer_20260707_20260707T140842,2026-07-07T14:09:03
000852,2026-01-13,8381.042,8381.042,8177.629,8203.133,45444450300,,akshare.stock_zh_index_daily,week1_data_engineer_20260707_20260707T140842,2026-07-07T14:09:03
000852,2026-01-14,8204.28,8415.098,8154.241,8257.172,48979835900,,akshare.stock_zh_index_daily,week1_data_engineer_20260707_20260707T140842,2026-07-07T14:09:03
000852,2026-01-15,8197.061,8267.813,8151.107,8240.775,35335770800,,akshare.stock_zh_index_daily,week1_data_engineer_20260707_20260707T140842,2026-07-07T14:09:03
000852,2026-01-16,8276.608,8304.399,8180.117,8232.729,35253940500,,akshare.stock_zh_index_daily,week1_data_engineer_20260707_20260707T140842,2026-07-07T14:09:03
000852,2026-01-19,8204.627,8298.48,8187.938,8265.646,32669114900,,akshare.stock_zh_index_daily,week1_data_engineer_20260707_20260707T140842,2026-07-07T14:09:03
000852,2026-01-20,8271.779,8300.05,8104.918,8182.752,33668913400,,akshare.stock_zh_index_daily,week1_data_engineer_20260707_20260707T140842,2026-07-07T14:09:03
000852,2026-01-21,8138.682,8289.134,8136.918,8247.68,32567636800,,akshare.stock_zh_index_daily,week1_data_engineer_20260707_20260707T140842,2026-07-07T14:09:03
000852,2026-01-22,8272.468,8314.216,8252.745,8309.346,32856328100,,akshare.stock_zh_index_daily,week1_data_engineer_20260707_20260707T140842,2026-07-07T14:09:03
000852,2026-01-23,8331.77,8478.556,8323.349,8470.744,39304302000,,akshare.stock_zh_index_daily,week1_data_engineer_20260707_20260707T140842,2026-07-07T14:09:03
000852,2026-01-26,8513.222,8530.417,8302.099,8365.435,40342837500,,akshare.stock_zh_index_daily,week1_data_engineer_20260707_20260707T140842,2026-07-07T14:09:03
000852,2026-01-27,8325.433,8406.099,8186.244,8382.153,36565732800,,akshare.stock_zh_index_daily,week1_data_engineer_20260707_20260707T140842,2026-07-07T14:09:03
000852,2026-01-28,8392.753,8432.62,8334.683,8399.794,34965829300,,akshare.stock_zh_index_daily,week1_data_engineer_20260707_20260707T140842,2026-07-07T14:09:03
000852,2026-01-29,8380.605,8463.125,8308.825,8332.207,40198798200,,akshare.stock_zh_index_daily,week1_data_engineer_20260707_20260707T140842,2026-07-07T14:09:03
000852,2026-01-30,8255.335,8313.227,8083.97,8254.86,36491645100,,akshare.stock_zh_index_daily,week1_data_engineer_20260707_20260707T140842,2026-07-07T14:09:03
000852,2026-02-02,8166.736,8221.582,7974.599,7975.428,30832146700,,akshare.stock_zh_index_daily,week1_data_engineer_20260707_20260707T140842,2026-07-07T14:09:03
000852,2026-02-03,8058.763,8210.047,8023.238,8209.101,29921845800,,akshare.stock_zh_index_daily,week1_data_engineer_20260707_20260707T140842,2026-07-07T14:09:03
000852,2026-02-04,8184.205,8216.204,8101.2,8207.12,31646115000,,akshare.stock_zh_index_daily,week1_data_engineer_20260707_20260707T140842,2026-07-07T14:09:03
000852,2026-02-05,8121.511,8154.558,8027.623,8068.077,27581682300,,akshare.stock_zh_index_daily,week1_data_engineer_20260707_20260707T140842,2026-07-07T14:09:03
000852,2026-02-06,7980.466,8152.322,7950.01,8051.574,28108356300,,akshare.stock_zh_index_daily,week1_data_engineer_20260707_20260707T140842,2026-07-07T14:09:03
000852,2026-02-09,8177.291,8235.155,8149.646,8233.778,28284816900,,akshare.stock_zh_index_daily,week1_data_engineer_20260707_20260707T140842,2026-07-07T14:09:03
000852,2026-02-10,8246.218,8274.143,8199.511,8250.3,29191625000,,akshare.stock_zh_index_daily,week1_data_engineer_20260707_20260707T140842,2026-07-07T14:09:03
000852,2026-02-11,8239.17,8304.125,8236.957,8239.513,27323431200,,akshare.stock_zh_index_daily,week1_data_engineer_20260707_20260707T140842,2026-07-07T14:09:03
000852,2026-02-12,8252.185,8337.371,8227.604,8314.832,27759673600,,akshare.stock_zh_index_daily,week1_data_engineer_20260707_20260707T140842,2026-07-07T14:09:03
000852,2026-02-13,8272.876,8323.715,8200.148,8204.829,26114631200,,akshare.stock_zh_index_daily,week1_data_engineer_20260707_20260707T140842,2026-07-07T14:09:03
000852,2026-02-24,8319.691,8356.914,8236.707,8299.771,27947962000,,akshare.stock_zh_index_daily,week1_data_engineer_20260707_20260707T140842,2026-07-07T14:09:03
000852,2026-02-25,8320.612,8449.763,8310.325,8426.331,33344734600,,akshare.stock_zh_index_daily,week1_data_engineer_20260707_20260707T140842,2026-07-07T14:09:03
000852,2026-02-26,8447.783,8496.748,8398.066,8490.617,33314760800,,akshare.stock_zh_index_daily,week1_data_engineer_20260707_20260707T140842,2026-07-07T14:09:03
000852,2026-02-27,8434.096,8561.295,8433.717,8560.843,31389956300,,akshare.stock_zh_index_daily,week1_data_engineer_20260707_20260707T140842,2026-07-07T14:09:03
000852,2026-03-02,8464.273,8535.807,8393.927,8476.965,37890628100,,akshare.stock_zh_index_daily,week1_data_engineer_20260707_20260707T140842,2026-07-07T14:09:03
000852,2026-03-03,8495.954,8510.854,8128.305,8142.454,39018957900,,akshare.stock_zh_index_daily,week1_data_engineer_20260707_20260707T140842,2026-07-07T14:09:03
000852,2026-03-04,8039.593,8228.895,8039.593,8094.518,32068956100,,akshare.stock_zh_index_daily,week1_data_engineer_20260707_20260707T140842,2026-07-07T14:09:03
000852,2026-03-05,8235.374,8243.829,8121.382,8171.119,31536018100,,akshare.stock_zh_index_daily,week1_data_engineer_20260707_20260707T140842,2026-07-07T14:09:03
000852,2026-03-06,8120.495,8273.68,8115.479,8248.857,29463326900,,akshare.stock_zh_index_daily,week1_data_engineer_20260707_20260707T140842,2026-07-07T14:09:03
000852,2026-03-09,8131.742,8230.656,7983.569,8203.869,35630788700,,akshare.stock_zh_index_daily,week1_data_engineer_20260707_20260707T140842,2026-07-07T14:09:03
000852,2026-03-10,8272.941,8351.666,8271.493,8350.09,31168527300,,akshare.stock_zh_index_daily,week1_data_engineer_20260707_20260707T140842,2026-07-07T14:09:03
000852,2026-03-11,8356.09,8394.122,8334.328,8363.526,32173733200,,akshare.stock_zh_index_daily,week1_data_engineer_20260707_20260707T140842,2026-07-07T14:09:03
000852,2026-03-12,8357.351,8388.633,8267.39,8335.908,32821274700,,akshare.stock_zh_index_daily,week1_data_engineer_20260707_20260707T140842,2026-07-07T14:09:03
000852,2026-03-13,8297.913,8350.917,8196.374,8214.293,33312302000,,akshare.stock_zh_index_daily,week1_data_engineer_20260707_20260707T140842,2026-07-07T14:09:03
000852,2026-03-16,8212.267,8226.032,8089.488,8211.352,31153245800,,akshare.stock_zh_index_daily,week1_data_engineer_20260707_20260707T140842,2026-07-07T14:09:03
000852,2026-03-17,8219.5,8223.989,8019.075,8019.857,29972338000,,akshare.stock_zh_index_daily,week1_data_engineer_20260707_20260707T140842,2026-07-07T14:09:03
000852,2026-03-18,8050.714,8105.806,7970.189,8096.595,27089355400,,akshare.stock_zh_index_daily,week1_data_engineer_20260707_20260707T140842,2026-07-07T14:09:03
000852,2026-03-19,7988.873,8008.389,7874.262,7909.234,28459109900,,akshare.stock_zh_index_daily,week1_data_engineer_20260707_20260707T140842,2026-07-07T14:09:03
000852,2026-03-20,7943.413,7996.164,7781.579,7783.435,29902296300,,akshare.stock_zh_index_daily,week1_data_engineer_20260707_20260707T140842,2026-07-07T14:09:03
000852,2026-03-23,7632.972,7712.04,7357.696,7409.107,34925621000,,akshare.stock_zh_index_daily,week1_data_engineer_20260707_20260707T140842,2026-07-07T14:09:03
000852,2026-03-24,7538.697,7601.883,7361.793,7600.857,29385508500,,akshare.stock_zh_index_daily,week1_data_engineer_20260707_20260707T140842,2026-07-07T14:09:03
000852,2026-03-25,7654.784,7781.197,7654.784,7751.181,30366881700,,akshare.stock_zh_index_daily,week1_data_engineer_20260707_20260707T140842,2026-07-07T14:09:03
000852,2026-03-26,7733.702,7775.893,7614.889,7639.376,27345513300,,akshare.stock_zh_index_daily,week1_data_engineer_20260707_20260707T140842,2026-07-07T14:09:03
000852,2026-03-27,7526.586,7784.547,7526.586,7746.313,25889527400,,akshare.stock_zh_index_daily,week1_data_engineer_20260707_20260707T140842,2026-07-07T14:09:03
000852,2026-03-30,7664.636,7774.851,7618.961,7767.93,26117412900,,akshare.stock_zh_index_daily,week1_data_engineer_20260707_20260707T140842,2026-07-07T14:09:03
000852,2026-03-31,7741.959,7789.239,7618.187,7619.85,25525579000,,akshare.stock_zh_index_daily,week1_data_engineer_20260707_20260707T140842,2026-07-07T14:09:03
000852,2026-04-01,7767.883,7786.759,7692.01,7764.153,25597564400,,akshare.stock_zh_index_daily,week1_data_engineer_20260707_20260707T140842,2026-07-07T14:09:03
000852,2026-04-02,7733.747,7764.027,7581.392,7623.417,24684116100,,akshare.stock_zh_index_daily,week1_data_engineer_20260707_20260707T140842,2026-07-07T14:09:03
000852,2026-04-03,7658.821,7664.756,7521.944,7536.6,22368034900,,akshare.stock_zh_index_daily,week1_data_engineer_20260707_20260707T140842,2026-07-07T14:09:03
000852,2026-04-07,7556.277,7640.505,7554.408,7606.017,21097435700,,akshare.stock_zh_index_daily,week1_data_engineer_20260707_20260707T140842,2026-07-07T14:09:03
000852,2026-04-08,7765.55,7955.768,7765.197,7955.768,29788517200,,akshare.stock_zh_index_daily,week1_data_engineer_20260707_20260707T140842,2026-07-07T14:09:03
000852,2026-04-09,7881.803,7959.067,7872.475,7921.447,26065017100,,akshare.stock_zh_index_daily,week1_data_engineer_20260707_20260707T140842,2026-07-07T14:09:03
000852,2026-04-10,7981.622,8059.755,7981.622,7998.232,26241528500,,akshare.stock_zh_index_daily,week1_data_engineer_20260707_20260707T140842,2026-07-07T14:09:03
000852,2026-04-13,7947.222,8040.026,7947.222,8025.572,24984977300,,akshare.stock_zh_index_daily,week1_data_engineer_20260707_20260707T140842,2026-07-07T14:09:03
000852,2026-04-14,8088.05,8144.762,8059.38,8144.762,26630582500,,akshare.stock_zh_index_daily,week1_data_engineer_20260707_20260707T140842,2026-07-07T14:09:03
000852,2026-04-15,8186.074,8193.296,8083.265,8106.165,27384184600,,akshare.stock_zh_index_daily,week1_data_engineer_20260707_20260707T140842,2026-07-07T14:09:03
000852,2026-04-16,8120.358,8239.008,8100.489,8232.983,27958443300,,akshare.stock_zh_index_daily,week1_data_engineer_20260707_20260707T140842,2026-07-07T14:09:03
000852,2026-04-17,8225.729,8333.222,8223.706,8307.436,28510344300,,akshare.stock_zh_index_daily,week1_data_engineer_20260707_20260707T140842,2026-07-07T14:09:03
000852,2026-04-20,8308.055,8374.812,8308.055,8357.814,29202960400,,akshare.stock_zh_index_daily,week1_data_engineer_20260707_20260707T140842,2026-07-07T14:09:03
000852,2026-04-21,8331.592,8358.124,8270.161,8351.156,27899621000,,akshare.stock_zh_index_daily,week1_data_engineer_20260707_20260707T140842,2026-07-07T14:09:03
000852,2026-04-22,8317.278,8482.153,8317.278,8481.24,28170553900,,akshare.stock_zh_index_daily,week1_data_engineer_20260707_20260707T140842,2026-07-07T14:09:03
000852,2026-04-23,8488.996,8500.438,8302.849,8362.74,31979149200,,akshare.stock_zh_index_daily,week1_data_engineer_20260707_20260707T140842,2026-07-07T14:09:03
000852,2026-04-24,8318.597,8360.79,8254.431,8304.141,29374811800,,akshare.stock_zh_index_daily,week1_data_engineer_20260707_20260707T140842,2026-07-07T14:09:03
000852,2026-04-27,8292.811,8366.312,8249.944,8338.726,27706012400,,akshare.stock_zh_index_daily,week1_data_engineer_20260707_20260707T140842,2026-07-07T14:09:03
000852,2026-04-28,8307.692,8316.267,8187.239,8226.692,28497044600,,akshare.stock_zh_index_daily,week1_data_engineer_20260707_20260707T140842,2026-07-07T14:09:03
000852,2026-04-29,8163.348,8361.487,8163.348,8343.065,28909945600,,akshare.stock_zh_index_daily,week1_data_engineer_20260707_20260707T140842,2026-07-07T14:09:03
000852,2026-04-30,8345.247,8402.356,8324.294,8381.947,29911511000,,akshare.stock_zh_index_daily,week1_data_engineer_20260707_20260707T140842,2026-07-07T14:09:03
000852,2026-05-06,8462.023,8610.881,8462.023,8574.556,33085337100,,akshare.stock_zh_index_daily,week1_data_engineer_20260707_20260707T140842,2026-07-07T14:09:03
000852,2026-05-07,8602.146,8716.861,8573.295,8714.51,33247719000,,akshare.stock_zh_index_daily,week1_data_engineer_20260707_20260707T140842,2026-07-07T14:09:03
000852,2026-05-08,8655.127,8760.194,8651.059,8741.151,32178154500,,akshare.stock_zh_index_daily,week1_data_engineer_20260707_20260707T140842,2026-07-07T14:09:03
000852,2026-05-11,8807.905,8888.873,8760.714,8866.779,34480797200,,akshare.stock_zh_index_daily,week1_data_engineer_20260707_20260707T140842,2026-07-07T14:09:03
000852,2026-05-12,8880.415,8881.902,8749.722,8821.887,32084927800,,akshare.stock_zh_index_daily,week1_data_engineer_20260707_20260707T140842,2026-07-07T14:09:03
000852,2026-05-13,8764.023,8958.456,8764.023,8955.447,31915270600,,akshare.stock_zh_index_daily,week1_data_engineer_20260707_20260707T140842,2026-07-07T14:09:03
000852,2026-05-14,8989.487,8991.85,8778.709,8778.709,35634417700,,akshare.stock_zh_index_daily,week1_data_engineer_20260707_20260707T140842,2026-07-07T14:09:03
000852,2026-05-15,8786.382,8846.515,8616.06,8682.654,35570731700,,akshare.stock_zh_index_daily,week1_data_engineer_20260707_20260707T140842,2026-07-07T14:09:03
000852,2026-05-18,8645.763,8766.306,8610.742,8720.213,30042067200,,akshare.stock_zh_index_daily,week1_data_engineer_20260707_20260707T140842,2026-07-07T14:09:03
000852,2026-05-19,8691.384,8812.031,8602.046,8808.645,29921984500,,akshare.stock_zh_index_daily,week1_data_engineer_20260707_20260707T140842,2026-07-07T14:09:03
000852,2026-05-20,8769.097,8823.684,8697.4,8808.91,30671918800,,akshare.stock_zh_index_daily,week1_data_engineer_20260707_20260707T140842,2026-07-07T14:09:03
000852,2026-05-21,8852.434,8896.6,8500.92,8510.496,35003795100,,akshare.stock_zh_index_daily,week1_data_engineer_20260707_20260707T140842,2026-07-07T14:09:03
000852,2026-05-22,8578.9,8719.387,8521.695,8692.666,28681240700,,akshare.stock_zh_index_daily,week1_data_engineer_20260707_20260707T140842,2026-07-07T14:09:03
000852,2026-05-25,8756.458,8802.946,8670.716,8799.312,30289600600,,akshare.stock_zh_index_daily,week1_data_engineer_20260707_20260707T140842,2026-07-07T14:09:03
000852,2026-05-26,8755.908,8756.463,8560.804,8687.253,31437355100,,akshare.stock_zh_index_daily,week1_data_engineer_20260707_20260707T140842,2026-07-07T14:09:03
000852,2026-05-27,8679.536,8737.055,8495.723,8546.514,31311235400,,akshare.stock_zh_index_daily,week1_data_engineer_20260707_20260707T140842,2026-07-07T14:09:03
000852,2026-05-28,8527.909,8659.61,8459.949,8637.743,30074765000,,akshare.stock_zh_index_daily,week1_data_engineer_20260707_20260707T140842,2026-07-07T14:09:03
000852,2026-05-29,8673.798,8680.266,8357.801,8408.736,33278021700,,akshare.stock_zh_index_daily,week1_data_engineer_20260707_20260707T140842,2026-07-07T14:09:03
000852,2026-06-01,8393.518,8504.983,8339.353,8345.129,30570642300,,akshare.stock_zh_index_daily,week1_data_engineer_20260707_20260707T140842,2026-07-07T14:09:03
000852,2026-06-02,8360.807,8440.232,8219.153,8384.781,29277785300,,akshare.stock_zh_index_daily,week1_data_engineer_20260707_20260707T140842,2026-07-07T14:09:03
000852,2026-06-03,8386.858,8549.249,8357.464,8432.679,31829116600,,akshare.stock_zh_index_daily,week1_data_engineer_20260707_20260707T140842,2026-07-07T14:09:03
000852,2026-06-04,8338.854,8456.017,8338.854,8420.095,28617360900,,akshare.stock_zh_index_daily,week1_data_engineer_20260707_20260707T140842,2026-07-07T14:09:03
000852,2026-06-05,8380.852,8500.1,8305.396,8340.963,31495357600,,akshare.stock_zh_index_daily,week1_data_engineer_20260707_20260707T140842,2026-07-07T14:09:03
000852,2026-06-08,8069.482,8260.192,7987.396,8081.261,30353698500,,akshare.stock_zh_index_daily,week1_data_engineer_20260707_20260707T140842,2026-07-07T14:09:03
000852,2026-06-09,8178.823,8322.109,8096.577,8318.698,29309759700,,akshare.stock_zh_index_daily,week1_data_engineer_20260707_20260707T140842,2026-07-07T14:09:03
000852,2026-06-10,8232.024,8285.286,8103.01,8198.723,28684456600,,akshare.stock_zh_index_daily,week1_data_engineer_20260707_20260707T140842,2026-07-07T14:09:03
000852,2026-06-11,8158.46,8223.527,8084.9,8159.455,27116395300,,akshare.stock_zh_index_daily,week1_data_engineer_20260707_20260707T140842,2026-07-07T14:09:03
000852,2026-06-12,8294.897,8348.786,8181.417,8202.799,32859908500,,akshare.stock_zh_index_daily,week1_data_engineer_20260707_20260707T140842,2026-07-07T14:09:03
000852,2026-06-15,8269.397,8521.233,8269.397,8521.233,29601206700,,akshare.stock_zh_index_daily,week1_data_engineer_20260707_20260707T140842,2026-07-07T14:09:03
000852,2026-06-16,8534.27,8684.65,8508.908,8646.403,29802260700,,akshare.stock_zh_index_daily,week1_data_engineer_20260707_20260707T140842,2026-07-07T14:09:03
000852,2026-06-17,8581.65,8705.403,8581.65,8704.468,28222793700,,akshare.stock_zh_index_daily,week1_data_engineer_20260707_20260707T140842,2026-07-07T14:09:03
000852,2026-06-18,8666.638,8796.485,8664.278,8771.024,29006243500,,akshare.stock_zh_index_daily,week1_data_engineer_20260707_20260707T140842,2026-07-07T14:09:03
000852,2026-06-22,8813.725,8865.815,8609.611,8865.676,33571821000,,akshare.stock_zh_index_daily,week1_data_engineer_20260707_20260707T140842,2026-07-07T14:09:03
000852,2026-06-23,8838.763,8862.719,8626.101,8680.039,30395487800,,akshare.stock_zh_index_daily,week1_data_engineer_20260707_20260707T140842,2026-07-07T14:09:03
000852,2026-06-24,8650.816,8803.501,8581.751,8793.487,28686714500,,akshare.stock_zh_index_daily,week1_data_engineer_20260707_20260707T140842,2026-07-07T14:09:03
000852,2026-06-25,8806.071,8872.123,8743.249,8825.92,30544263800,,akshare.stock_zh_index_daily,week1_data_engineer_20260707_20260707T140842,2026-07-07T14:09:03
000852,2026-06-26,8771.598,8797.282,8563.695,8601.408,32122765600,,akshare.stock_zh_index_daily,week1_data_engineer_20260707_20260707T140842,2026-07-07T14:09:03
000852,2026-06-29,8616.424,8677.63,8413.864,8597.893,30987102100,,akshare.stock_zh_index_daily,week1_data_engineer_20260707_20260707T140842,2026-07-07T14:09:03
000852,2026-06-30,8574.25,8815.108,8547.312,8809.786,27911736400,,akshare.stock_zh_index_daily,week1_data_engineer_20260707_20260707T140842,2026-07-07T14:09:03
000852,2026-07-01,8827.47,8944.195,8806.646,8876.63,32576587100,,akshare.stock_zh_index_daily,week1_data_engineer_20260707_20260707T140842,2026-07-07T14:09:03
000852,2026-07-02,8688.291,8865.966,8598.869,8625.334,31085890200,,akshare.stock_zh_index_daily,week1_data_engineer_20260707_20260707T140842,2026-07-07T14:09:03
000852,2026-07-03,8627.382,8740.668,8559.285,8620.789,29024450800,,akshare.stock_zh_index_daily,week1_data_engineer_20260707_20260707T140842,2026-07-07T14:09:03
000852,2026-07-06,8669.123,8694.805,8432.897,8472.603,28122420800,,akshare.stock_zh_index_daily,week1_data_engineer_20260707_20260707T140842,2026-07-07T14:09:03
000001,2023-01-03,3087.513,3119.856,3073.054,3116.512,28137036200,,akshare.stock_zh_index_daily,week1_data_engineer_20260707_20260707T140842,2026-07-07T14:09:03
000001,2023-01-04,3117.571,3129.094,3109.451,3123.516,27331362600,,akshare.stock_zh_index_daily,week1_data_engineer_20260707_20260707T140842,2026-07-07T14:09:03
000001,2023-01-05,3132.761,3159.427,3130.23,3155.216,25700301800,,akshare.stock_zh_index_daily,week1_data_engineer_20260707_20260707T140842,2026-07-07T14:09:03
000001,2023-01-06,3155.075,3170.742,3151.841,3157.637,25738025500,,akshare.stock_zh_index_daily,week1_data_engineer_20260707_20260707T140842,2026-07-07T14:09:03
000001,2023-01-09,3169.374,3183.583,3165.428,3176.085,25811521800,,akshare.stock_zh_index_daily,week1_data_engineer_20260707_20260707T140842,2026-07-07T14:09:03
000001,2023-01-10,3178.022,3178.157,3165.145,3169.507,23298417500,,akshare.stock_zh_index_daily,week1_data_engineer_20260707_20260707T140842,2026-07-07T14:09:03
000001,2023-01-11,3172.376,3184.757,3160.89,3161.838,23774286900,,akshare.stock_zh_index_daily,week1_data_engineer_20260707_20260707T140842,2026-07-07T14:09:03
000001,2023-01-12,3167.273,3171.591,3153.404,3163.451,21667130500,,akshare.stock_zh_index_daily,week1_data_engineer_20260707_20260707T140842,2026-07-07T14:09:03
000001,2023-01-13,3170.355,3195.307,3167.51,3195.306,22022689700,,akshare.stock_zh_index_daily,week1_data_engineer_20260707_20260707T140842,2026-07-07T14:09:03
000001,2023-01-16,3198.519,3251.374,3197.319,3227.592,30674954900,,akshare.stock_zh_index_daily,week1_data_engineer_20260707_20260707T140842,2026-07-07T14:09:03
000001,2023-01-17,3229.435,3231.265,3211.757,3224.245,22659223000,,akshare.stock_zh_index_daily,week1_data_engineer_20260707_20260707T140842,2026-07-07T14:09:03
000001,2023-01-18,3227.595,3234.817,3220.37,3224.406,21210973000,,akshare.stock_zh_index_daily,week1_data_engineer_20260707_20260707T140842,2026-07-07T14:09:03
000001,2023-01-19,3221.518,3240.279,3210.383,3240.279,22646503000,,akshare.stock_zh_index_daily,week1_data_engineer_20260707_20260707T140842,2026-07-07T14:09:03
000001,2023-01-20,3247.203,3267.058,3247.203,3264.814,27321918200,,akshare.stock_zh_index_daily,week1_data_engineer_20260707_20260707T140842,2026-07-07T14:09:03
000001,2023-01-30,3308.869,3310.49,3266.758,3269.318,35332582900,,akshare.stock_zh_index_daily,week1_data_engineer_20260707_20260707T140842,2026-07-07T14:09:03
000001,2023-01-31,3266.144,3277.252,3252.015,3255.669,30016295700,,akshare.stock_zh_index_daily,week1_data_engineer_20260707_20260707T140842,2026-07-07T14:09:03
000001,2023-02-01,3262.196,3284.922,3245.411,3284.921,33950941000,,akshare.stock_zh_index_daily,week1_data_engineer_20260707_20260707T140842,2026-07-07T14:09:03
000001,2023-02-02,3291.783,3295.764,3272.414,3285.671,33341313300,,akshare.stock_zh_index_daily,week1_data_engineer_20260707_20260707T140842,2026-07-07T14:09:03
000001,2023-02-03,3275.658,3275.658,3235.353,3263.406,29334281400,,akshare.stock_zh_index_daily,week1_data_engineer_20260707_20260707T140842,2026-07-07T14:09:03
000001,2023-02-06,3244.701,3250.351,3226.211,3238.698,26705310700,,akshare.stock_zh_index_daily,week1_data_engineer_20260707_20260707T140842,2026-07-07T14:09:03
000001,2023-02-07,3245.23,3250.033,3233.833,3248.094,25094645000,,akshare.stock_zh_index_daily,week1_data_engineer_20260707_20260707T140842,2026-07-07T14:09:03
000001,2023-02-08,3251.501,3257.114,3230.439,3232.106,23453048100,,akshare.stock_zh_index_daily,week1_data_engineer_20260707_20260707T140842,2026-07-07T14:09:03
000001,2023-02-09,3227.728,3270.383,3225.772,3270.383,25475452900,,akshare.stock_zh_index_daily,week1_data_engineer_20260707_20260707T140842,2026-07-07T14:09:03
000001,2023-02-10,3266.437,3269.994,3247.23,3260.673,26062692600,,akshare.stock_zh_index_daily,week1_data_engineer_20260707_20260707T140842,2026-07-07T14:09:03
000001,2023-02-13,3256.988,3285.091,3252.633,3284.16,29721318800,,akshare.stock_zh_index_daily,week1_data_engineer_20260707_20260707T140842,2026-07-07T14:09:03
000001,2023-02-14,3288.974,3293.734,3279.189,3293.283,27097416800,,akshare.stock_zh_index_daily,week1_data_engineer_20260707_20260707T140842,2026-07-07T14:09:03
000001,2023-02-15,3294.015,3296.2,3274.551,3280.492,26993912300,,akshare.stock_zh_index_daily,week1_data_engineer_20260707_20260707T140842,2026-07-07T14:09:03
000001,2023-02-16,3281.735,3308.828,3231.342,3249.03,38086354500,,akshare.stock_zh_index_daily,week1_data_engineer_20260707_20260707T140842,2026-07-07T14:09:03
000001,2023-02-17,3244.733,3262.473,3223.258,3224.024,27845123700,,akshare.stock_zh_index_daily,week1_data_engineer_20260707_20260707T140842,2026-07-07T14:09:03
000001,2023-02-20,3230.473,3291.039,3225.843,3290.338,32500773300,,akshare.stock_zh_index_daily,week1_data_engineer_20260707_20260707T140842,2026-07-07T14:09:03
000001,2023-02-21,3291.631,3308.791,3282.436,3306.524,32440944900,,akshare.stock_zh_index_daily,week1_data_engineer_20260707_20260707T140842,2026-07-07T14:09:03
000001,2023-02-22,3292.049,3307.034,3286.721,3291.148,25540398500,,akshare.stock_zh_index_daily,week1_data_engineer_20260707_20260707T140842,2026-07-07T14:09:03
000001,2023-02-23,3293.522,3307.439,3275.362,3287.477,26232430400,,akshare.stock_zh_index_daily,week1_data_engineer_20260707_20260707T140842,2026-07-07T14:09:03
000001,2023-02-24,3287.255,3288.392,3253.975,3267.16,23420630600,,akshare.stock_zh_index_daily,week1_data_engineer_20260707_20260707T140842,2026-07-07T14:09:03
000001,2023-02-27,3257.0,3276.579,3251.721,3258.034,24285534400,,akshare.stock_zh_index_daily,week1_data_engineer_20260707_20260707T140842,2026-07-07T14:09:03
000001,2023-02-28,3265.742,3280.415,3246.145,3279.605,25162503200,,akshare.stock_zh_index_daily,week1_data_engineer_20260707_20260707T140842,2026-07-07T14:09:03
000001,2023-03-01,3279.136,3315.16,3272.035,3312.348,31839870400,,akshare.stock_zh_index_daily,week1_data_engineer_20260707_20260707T140842,2026-07-07T14:09:03
000001,2023-03-02,3308.011,3320.744,3306.455,3310.654,32852001600,,akshare.stock_zh_index_daily,week1_data_engineer_20260707_20260707T140842,2026-07-07T14:09:03
000001,2023-03-03,3314.773,3330.605,3302.623,3328.393,34399691900,,akshare.stock_zh_index_daily,week1_data_engineer_20260707_20260707T140842,2026-07-07T14:09:03
000001,2023-03-06,3332.024,3333.062,3308.726,3322.026,34053044600,,akshare.stock_zh_index_daily,week1_data_engineer_20260707_20260707T140842,2026-07-07T14:09:03
000001,2023-03-07,3320.211,3342.859,3284.41,3285.099,38995795600,,akshare.stock_zh_index_daily,week1_data_engineer_20260707_20260707T140842,2026-07-07T14:09:03
000001,2023-03-08,3271.88,3283.248,3263.693,3283.248,26044354700,,akshare.stock_zh_index_daily,week1_data_engineer_20260707_20260707T140842,2026-07-07T14:09:03
000001,2023-03-09,3285.943,3289.06,3260.0,3276.094,26402185900,,akshare.stock_zh_index_daily,week1_data_engineer_20260707_20260707T140842,2026-07-07T14:09:03
000001,2023-03-10,3255.512,3262.147,3229.496,3230.077,28113541000,,akshare.stock_zh_index_daily,week1_data_engineer_20260707_20260707T140842,2026-07-07T14:09:03
000001,2023-03-13,3228.124,3268.696,3228.124,3268.696,29492808700,,akshare.stock_zh_index_daily,week1_data_engineer_20260707_20260707T140842,2026-07-07T14:09:03
000001,2023-03-14,3261.922,3262.003,3216.993,3245.312,31990603300,,akshare.stock_zh_index_daily,week1_data_engineer_20260707_20260707T140842,2026-07-07T14:09:03
000001,2023-03-15,3261.028,3273.123,3256.857,3263.315,30516879800,,akshare.stock_zh_index_daily,week1_data_engineer_20260707_20260707T140842,2026-07-07T14:09:03
000001,2023-03-16,3244.47,3257.433,3224.722,3226.891,32738963200,,akshare.stock_zh_index_daily,week1_data_engineer_20260707_20260707T140842,2026-07-07T14:09:03
000001,2023-03-17,3245.26,3279.923,3240.157,3250.546,34300102200,,akshare.stock_zh_index_daily,week1_data_engineer_20260707_20260707T140842,2026-07-07T14:09:03
000001,2023-03-20,3253.93,3267.993,3231.646,3234.91,39251739100,,akshare.stock_zh_index_daily,week1_data_engineer_20260707_20260707T140842,2026-07-07T14:09:03
000001,2023-03-21,3240.839,3256.0,3237.893,3255.651,30181077900,,akshare.stock_zh_index_daily,week1_data_engineer_20260707_20260707T140842,2026-07-07T14:09:03
000001,2023-03-22,3263.413,3279.394,3255.739,3265.748,29084046200,,akshare.stock_zh_index_daily,week1_data_engineer_20260707_20260707T140842,2026-07-07T14:09:03
000001,2023-03-23,3258.779,3286.649,3252.992,3286.649,30611839300,,akshare.stock_zh_index_daily,week1_data_engineer_20260707_20260707T140842,2026-07-07T14:09:03
000001,2023-03-24,3282.739,3282.739,3260.844,3265.654,32451333700,,akshare.stock_zh_index_daily,week1_data_engineer_20260707_20260707T140842,2026-07-07T14:09:03
000001,2023-03-27,3261.824,3261.824,3229.704,3251.397,33786120600,,akshare.stock_zh_index_daily,week1_data_engineer_20260707_20260707T140842,2026-07-07T14:09:03
000001,2023-03-28,3256.602,3264.098,3241.737,3245.376,29568266000,,akshare.stock_zh_index_daily,week1_data_engineer_20260707_20260707T140842,2026-07-07T14:09:03
000001,2023-03-29,3253.621,3254.556,3229.585,3240.057,29690050800,,akshare.stock_zh_index_daily,week1_data_engineer_20260707_20260707T140842,2026-07-07T14:09:03
000001,2023-03-30,3243.068,3263.738,3220.985,3261.249,29989829500,,akshare.stock_zh_index_daily,week1_data_engineer_20260707_20260707T140842,2026-07-07T14:09:03
000001,2023-03-31,3263.406,3278.423,3260.04,3272.86,28361374600,,akshare.stock_zh_index_daily,week1_data_engineer_20260707_20260707T140842,2026-07-07T14:09:03
000001,2023-04-03,3277.34,3299.732,3276.416,3296.396,35767677500,,akshare.stock_zh_index_daily,week1_data_engineer_20260707_20260707T140842,2026-07-07T14:09:03
000001,2023-04-04,3297.183,3312.562,3290.993,3312.558,38587161700,,akshare.stock_zh_index_daily,week1_data_engineer_20260707_20260707T140842,2026-07-07T14:09:03
000001,2023-04-06,3302.751,3314.526,3296.055,3312.628,32715542400,,akshare.stock_zh_index_daily,week1_data_engineer_20260707_20260707T140842,2026-07-07T14:09:03
000001,2023-04-07,3312.481,3328.846,3308.061,3327.646,28303224700,,akshare.stock_zh_index_daily,week1_data_engineer_20260707_20260707T140842,2026-07-07T14:09:03
000001,2023-04-10,3331.505,3332.715,3309.917,3315.358,34081984500,,akshare.stock_zh_index_daily,week1_data_engineer_20260707_20260707T140842,2026-07-07T14:09:03
000001,2023-04-11,3317.077,3317.448,3298.25,3313.571,32056605500,,akshare.stock_zh_index_daily,week1_data_engineer_20260707_20260707T140842,2026-07-07T14:09:03
000001,2023-04-12,3316.862,3330.708,3315.399,3327.182,34302531500,,akshare.stock_zh_index_daily,week1_data_engineer_20260707_20260707T140842,2026-07-07T14:09:03
000001,2023-04-13,3321.273,3334.47,3309.252,3318.364,34786210600,,akshare.stock_zh_index_daily,week1_data_engineer_20260707_20260707T140842,2026-07-07T14:09:03
000001,2023-04-14,3326.37,3340.076,3316.81,3338.153,33829927500,,akshare.stock_zh_index_daily,week1_data_engineer_20260707_20260707T140842,2026-07-07T14:09:03
000001,2023-04-17,3337.061,3385.61,3336.388,3385.61,40280992600,,akshare.stock_zh_index_daily,week1_data_engineer_20260707_20260707T140842,2026-07-07T14:09:03
000001,2023-04-18,3379.227,3396.175,3375.78,3393.331,34839948600,,akshare.stock_zh_index_daily,week1_data_engineer_20260707_20260707T140842,2026-07-07T14:09:03
000001,2023-04-19,3391.355,3394.959,3364.642,3370.128,34612344300,,akshare.stock_zh_index_daily,week1_data_engineer_20260707_20260707T140842,2026-07-07T14:09:03
000001,2023-04-20,3367.053,3371.368,3344.016,3367.031,35035496500,,akshare.stock_zh_index_daily,week1_data_engineer_20260707_20260707T140842,2026-07-07T14:09:03
000001,2023-04-21,3363.999,3367.609,3301.258,3301.258,38739509800,,akshare.stock_zh_index_daily,week1_data_engineer_20260707_20260707T140842,2026-07-07T14:09:03
000001,2023-04-24,3300.813,3303.091,3264.935,3275.413,35425562600,,akshare.stock_zh_index_daily,week1_data_engineer_20260707_20260707T140842,2026-07-07T14:09:03
000001,2023-04-25,3276.403,3288.569,3229.446,3264.872,38089572900,,akshare.stock_zh_index_daily,week1_data_engineer_20260707_20260707T140842,2026-07-07T14:09:03
000001,2023-04-26,3255.217,3277.98,3239.989,3264.101,35791784200,,akshare.stock_zh_index_daily,week1_data_engineer_20260707_20260707T140842,2026-07-07T14:09:03
000001,2023-04-27,3256.228,3299.301,3253.112,3285.884,34159053400,,akshare.stock_zh_index_daily,week1_data_engineer_20260707_20260707T140842,2026-07-07T14:09:03
000001,2023-04-28,3283.122,3324.881,3283.122,3323.275,40155478500,,akshare.stock_zh_index_daily,week1_data_engineer_20260707_20260707T140842,2026-07-07T14:09:03
000001,2023-05-04,3306.483,3352.746,3302.028,3350.459,48336491600,,akshare.stock_zh_index_daily,week1_data_engineer_20260707_20260707T140842,2026-07-07T14:09:03
000001,2023-05-05,3350.654,3364.142,3321.187,3334.503,43650449400,,akshare.stock_zh_index_daily,week1_data_engineer_20260707_20260707T140842,2026-07-07T14:09:03
000001,2023-05-08,3340.99,3400.177,3340.99,3395.004,53410365900,,akshare.stock_zh_index_daily,week1_data_engineer_20260707_20260707T140842,2026-07-07T14:09:03
000001,2023-05-09,3402.394,3418.953,3356.118,3357.671,57301330900,,akshare.stock_zh_index_daily,week1_data_engineer_20260707_20260707T140842,2026-07-07T14:09:03
000001,2023-05-10,3347.702,3349.721,3305.251,3319.151,45173973100,,akshare.stock_zh_index_daily,week1_data_engineer_20260707_20260707T140842,2026-07-07T14:09:03
000001,2023-05-11,3323.658,3333.25,3307.289,3309.551,35425827100,,akshare.stock_zh_index_daily,week1_data_engineer_20260707_20260707T140842,2026-07-07T14:09:03
000001,2023-05-12,3304.458,3319.131,3271.431,3272.362,34731498300,,akshare.stock_zh_index_daily,week1_data_engineer_20260707_20260707T140842,2026-07-07T14:09:03
000001,2023-05-15,3269.878,3310.737,3235.868,3310.737,38804588700,,akshare.stock_zh_index_daily,week1_data_engineer_20260707_20260707T140842,2026-07-07T14:09:03
000001,2023-05-16,3310.161,3317.901,3282.492,3290.987,32247941000,,akshare.stock_zh_index_daily,week1_data_engineer_20260707_20260707T140842,2026-07-07T14:09:03
000001,2023-05-17,3281.966,3298.519,3269.894,3284.232,28574405000,,akshare.stock_zh_index_daily,week1_data_engineer_20260707_20260707T140842,2026-07-07T14:09:03
000001,2023-05-18,3288.411,3313.862,3284.168,3297.32,30996747200,,akshare.stock_zh_index_daily,week1_data_engineer_20260707_20260707T140842,2026-07-07T14:09:03
000001,2023-05-19,3288.891,3302.342,3268.224,3283.542,28540406400,,akshare.stock_zh_index_daily,week1_data_engineer_20260707_20260707T140842,2026-07-07T14:09:03
000001,2023-05-22,3278.596,3308.533,3276.54,3296.47,27388999800,,akshare.stock_zh_index_daily,week1_data_engineer_20260707_20260707T140842,2026-07-07T14:09:03
000001,2023-05-23,3294.788,3298.226,3246.238,3246.238,27527908300,,akshare.stock_zh_index_daily,week1_data_engineer_20260707_20260707T140842,2026-07-07T14:09:03
000001,2023-05-24,3237.705,3237.705,3204.381,3204.749,28872025700,,akshare.stock_zh_index_daily,week1_data_engineer_20260707_20260707T140842,2026-07-07T14:09:03
000001,2023-05-25,3197.364,3207.021,3168.572,3201.261,28358892500,,akshare.stock_zh_index_daily,week1_data_engineer_20260707_20260707T140842,2026-07-07T14:09:03
000001,2023-05-26,3198.883,3220.774,3179.822,3212.504,26170047900,,akshare.stock_zh_index_daily,week1_data_engineer_20260707_20260707T140842,2026-07-07T14:09:03
000001,2023-05-29,3219.755,3230.971,3208.955,3221.448,29738948700,,akshare.stock_zh_index_daily,week1_data_engineer_20260707_20260707T140842,2026-07-07T14:09:03
000001,2023-05-30,3214.673,3230.632,3186.626,3224.213,30353246000,,akshare.stock_zh_index_daily,week1_data_engineer_20260707_20260707T140842,2026-07-07T14:09:03
000001,2023-05-31,3214.655,3216.36,3190.274,3204.564,29457333800,,akshare.stock_zh_index_daily,week1_data_engineer_20260707_20260707T140842,2026-07-07T14:09:03
000001,2023-06-01,3196.155,3225.093,3189.517,3204.635,31233075900,,akshare.stock_zh_index_daily,week1_data_engineer_20260707_20260707T140842,2026-07-07T14:09:03
000001,2023-06-02,3212.449,3233.992,3211.737,3230.069,29466709800,,akshare.stock_zh_index_daily,week1_data_engineer_20260707_20260707T140842,2026-07-07T14:09:03
000001,2023-06-05,3231.811,3244.18,3221.625,3232.441,27806020300,,akshare.stock_zh_index_daily,week1_data_engineer_20260707_20260707T140842,2026-07-07T14:09:03
000001,2023-06-06,3228.407,3247.349,3189.269,3195.34,30828587200,,akshare.stock_zh_index_daily,week1_data_engineer_20260707_20260707T140842,2026-07-07T14:09:03
000001,2023-06-07,3197.468,3210.33,3188.005,3197.759,25806340000,,akshare.stock_zh_index_daily,week1_data_engineer_20260707_20260707T140842,2026-07-07T14:09:03
000001,2023-06-08,3194.835,3225.526,3180.535,3213.586,29353074100,,akshare.stock_zh_index_daily,week1_data_engineer_20260707_20260707T140842,2026-07-07T14:09:03
000001,2023-06-09,3213.033,3231.406,3206.103,3231.406,31415550100,,akshare.stock_zh_index_daily,week1_data_engineer_20260707_20260707T140842,2026-07-07T14:09:03
000001,2023-06-12,3225.305,3239.437,3210.714,3228.834,31378444400,,akshare.stock_zh_index_daily,week1_data_engineer_20260707_20260707T140842,2026-07-07T14:09:03
000001,2023-06-13,3223.896,3235.085,3215.499,3233.673,28062845400,,akshare.stock_zh_index_daily,week1_data_engineer_20260707_20260707T140842,2026-07-07T14:09:03
000001,2023-06-14,3238.119,3248.461,3226.774,3228.989,30353726000,,akshare.stock_zh_index_daily,week1_data_engineer_20260707_20260707T140842,2026-07-07T14:09:03
000001,2023-06-15,3230.451,3252.975,3229.145,3252.975,31325575200,,akshare.stock_zh_index_daily,week1_data_engineer_20260707_20260707T140842,2026-07-07T14:09:03
000001,2023-06-16,3256.299,3276.552,3255.499,3273.334,32628184600,,akshare.stock_zh_index_daily,week1_data_engineer_20260707_20260707T140842,2026-07-07T14:09:03
000001,2023-06-19,3271.164,3271.164,3251.779,3255.806,32775304700,,akshare.stock_zh_index_daily,week1_data_engineer_20260707_20260707T140842,2026-07-07T14:09:03
000001,2023-06-20,3252.544,3252.844,3237.786,3240.365,29826059600,,akshare.stock_zh_index_daily,week1_data_engineer_20260707_20260707T140842,2026-07-07T14:09:03
000001,2023-06-21,3230.114,3236.363,3197.901,3197.901,29437737200,,akshare.stock_zh_index_daily,week1_data_engineer_20260707_20260707T140842,2026-07-07T14:09:03
000001,2023-06-26,3177.229,3181.076,3144.248,3150.619,30812981100,,akshare.stock_zh_index_daily,week1_data_engineer_20260707_20260707T140842,2026-07-07T14:09:03
000001,2023-06-27,3153.313,3194.409,3148.266,3189.443,28760432700,,akshare.stock_zh_index_daily,week1_data_engineer_20260707_20260707T140842,2026-07-07T14:09:03
000001,2023-06-28,3183.487,3192.659,3157.123,3189.376,27623194800,,akshare.stock_zh_index_daily,week1_data_engineer_20260707_20260707T140842,2026-07-07T14:09:03
000001,2023-06-29,3185.424,3196.503,3179.525,3182.381,25034007400,,akshare.stock_zh_index_daily,week1_data_engineer_20260707_20260707T140842,2026-07-07T14:09:03
000001,2023-06-30,3178.924,3212.993,3177.991,3202.062,26537987300,,akshare.stock_zh_index_daily,week1_data_engineer_20260707_20260707T140842,2026-07-07T14:09:03
000001,2023-07-03,3209.162,3246.861,3209.162,3243.975,31237139500,,akshare.stock_zh_index_daily,week1_data_engineer_20260707_20260707T140842,2026-07-07T14:09:03
000001,2023-07-04,3241.231,3246.958,3233.99,3245.349,27924872100,,akshare.stock_zh_index_daily,week1_data_engineer_20260707_20260707T140842,2026-07-07T14:09:03
000001,2023-07-05,3240.049,3241.835,3218.602,3222.947,26401642600,,akshare.stock_zh_index_daily,week1_data_engineer_20260707_20260707T140842,2026-07-07T14:09:03
000001,2023-07-06,3215.863,3229.48,3199.716,3205.575,24611903200,,akshare.stock_zh_index_daily,week1_data_engineer_20260707_20260707T140842,2026-07-07T14:09:03
000001,2023-07-07,3197.472,3212.047,3189.211,3196.609,25568846900,,akshare.stock_zh_index_daily,week1_data_engineer_20260707_20260707T140842,2026-07-07T14:09:03
000001,2023-07-10,3208.735,3216.535,3192.658,3203.696,23656036700,,akshare.stock_zh_index_daily,week1_data_engineer_20260707_20260707T140842,2026-07-07T14:09:03
000001,2023-07-11,3211.122,3221.68,3200.385,3221.367,22760046700,,akshare.stock_zh_index_daily,week1_data_engineer_20260707_20260707T140842,2026-07-07T14:09:03
000001,2023-07-12,3220.376,3224.331,3193.437,3196.134,27142338600,,akshare.stock_zh_index_daily,week1_data_engineer_20260707_20260707T140842,2026-07-07T14:09:03
000001,2023-07-13,3202.699,3238.468,3202.699,3236.48,27662050800,,akshare.stock_zh_index_daily,week1_data_engineer_20260707_20260707T140842,2026-07-07T14:09:03
000001,2023-07-14,3240.97,3248.385,3233.999,3237.701,27332749400,,akshare.stock_zh_index_daily,week1_data_engineer_20260707_20260707T140842,2026-07-07T14:09:03
000001,2023-07-17,3219.016,3219.016,3195.886,3209.63,25020837600,,akshare.stock_zh_index_daily,week1_data_engineer_20260707_20260707T140842,2026-07-07T14:09:03
000001,2023-07-18,3206.786,3210.248,3190.005,3197.82,23503025900,,akshare.stock_zh_index_daily,week1_data_engineer_20260707_20260707T140842,2026-07-07T14:09:03
000001,2023-07-19,3195.009,3204.361,3181.561,3198.836,21735586000,,akshare.stock_zh_index_daily,week1_data_engineer_20260707_20260707T140842,2026-07-07T14:09:03
000001,2023-07-20,3201.911,3209.055,3165.674,3169.522,23893289100,,akshare.stock_zh_index_daily,week1_data_engineer_20260707_20260707T140842,2026-07-07T14:09:03
000001,2023-07-21,3163.421,3185.636,3157.334,3167.745,22533136300,,akshare.stock_zh_index_daily,week1_data_engineer_20260707_20260707T140842,2026-07-07T14:09:03
000001,2023-07-24,3157.469,3178.734,3151.125,3164.161,21659521100,,akshare.stock_zh_index_daily,week1_data_engineer_20260707_20260707T140842,2026-07-07T14:09:03
000001,2023-07-25,3201.458,3231.749,3201.458,3231.521,34861771400,,akshare.stock_zh_index_daily,week1_data_engineer_20260707_20260707T140842,2026-07-07T14:09:03
000001,2023-07-26,3228.087,3229.892,3212.88,3223.028,31720605100,,akshare.stock_zh_index_daily,week1_data_engineer_20260707_20260707T140842,2026-07-07T14:09:03
000001,2023-07-27,3225.476,3245.603,3210.47,3216.671,32711886700,,akshare.stock_zh_index_daily,week1_data_engineer_20260707_20260707T140842,2026-07-07T14:09:03
000001,2023-07-28,3206.741,3280.278,3200.994,3275.926,41106843400,,akshare.stock_zh_index_daily,week1_data_engineer_20260707_20260707T140842,2026-07-07T14:09:03
000001,2023-07-31,3287.209,3322.129,3281.013,3291.04,45903099400,,akshare.stock_zh_index_daily,week1_data_engineer_20260707_20260707T140842,2026-07-07T14:09:03
000001,2023-08-01,3288.76,3305.34,3279.566,3290.949,45989083300,,akshare.stock_zh_index_daily,week1_data_engineer_20260707_20260707T140842,2026-07-07T14:09:03
000001,2023-08-02,3281.858,3290.82,3252.304,3261.69,40534149900,,akshare.stock_zh_index_daily,week1_data_engineer_20260707_20260707T140842,2026-07-07T14:09:03
000001,2023-08-03,3254.565,3280.864,3247.272,3280.463,38469131700,,akshare.stock_zh_index_daily,week1_data_engineer_20260707_20260707T140842,2026-07-07T14:09:03
000001,2023-08-04,3296.094,3315.049,3281.734,3288.084,47092769700,,akshare.stock_zh_index_daily,week1_data_engineer_20260707_20260707T140842,2026-07-07T14:09:03
000001,2023-08-07,3276.776,3276.776,3258.537,3268.831,36034148400,,akshare.stock_zh_index_daily,week1_data_engineer_20260707_20260707T140842,2026-07-07T14:09:03
000001,2023-08-08,3260.722,3274.519,3246.675,3260.62,31652073300,,akshare.stock_zh_index_daily,week1_data_engineer_20260707_20260707T140842,2026-07-07T14:09:03
000001,2023-08-09,3251.152,3257.082,3240.289,3244.487,27121853800,,akshare.stock_zh_index_daily,week1_data_engineer_20260707_20260707T140842,2026-07-07T14:09:03
000001,2023-08-10,3242.206,3257.03,3234.116,3254.56,28741214200,,akshare.stock_zh_index_daily,week1_data_engineer_20260707_20260707T140842,2026-07-07T14:09:03
000001,2023-08-11,3254.475,3254.475,3189.248,3189.248,33013775000,,akshare.stock_zh_index_daily,week1_data_engineer_20260707_20260707T140842,2026-07-07T14:09:03
000001,2023-08-14,3159.714,3180.507,3141.655,3178.427,29984032700,,akshare.stock_zh_index_daily,week1_data_engineer_20260707_20260707T140842,2026-07-07T14:09:03
000001,2023-08-15,3180.558,3186.234,3147.346,3176.176,27325192200,,akshare.stock_zh_index_daily,week1_data_engineer_20260707_20260707T140842,2026-07-07T14:09:03
000001,2023-08-16,3164.702,3176.626,3149.723,3150.128,28172829200,,akshare.stock_zh_index_daily,week1_data_engineer_20260707_20260707T140842,2026-07-07T14:09:03
000001,2023-08-17,3137.351,3167.446,3123.25,3163.739,29469258600,,akshare.stock_zh_index_daily,week1_data_engineer_20260707_20260707T140842,2026-07-07T14:09:03
000001,2023-08-18,3165.1,3179.116,3131.953,3131.953,29439035200,,akshare.stock_zh_index_daily,week1_data_engineer_20260707_20260707T140842,2026-07-07T14:09:03
000001,2023-08-21,3125.99,3134.957,3092.978,3092.978,26575342300,,akshare.stock_zh_index_daily,week1_data_engineer_20260707_20260707T140842,2026-07-07T14:09:03
000001,2023-08-22,3103.781,3126.784,3074.531,3120.334,30931633500,,akshare.stock_zh_index_daily,week1_data_engineer_20260707_20260707T140842,2026-07-07T14:09:03
000001,2023-08-23,3116.266,3116.377,3077.606,3078.402,27224412400,,akshare.stock_zh_index_daily,week1_data_engineer_20260707_20260707T140842,2026-07-07T14:09:03
000001,2023-08-24,3085.911,3106.182,3072.951,3082.244,30002463700,,akshare.stock_zh_index_daily,week1_data_engineer_20260707_20260707T140842,2026-07-07T14:09:03
000001,2023-08-25,3068.615,3085.047,3053.037,3064.075,29334768600,,akshare.stock_zh_index_daily,week1_data_engineer_20260707_20260707T140842,2026-07-07T14:09:03
000001,2023-08-28,3219.043,3219.043,3089.119,3098.636,48560776400,,akshare.stock_zh_index_daily,week1_data_engineer_20260707_20260707T140842,2026-07-07T14:09:03
000001,2023-08-29,3091.938,3145.761,3090.438,3135.887,39887578000,,akshare.stock_zh_index_daily,week1_data_engineer_20260707_20260707T140842,2026-07-07T14:09:03
000001,2023-08-30,3144.407,3153.689,3126.902,3137.138,34751186700,,akshare.stock_zh_index_daily,week1_data_engineer_20260707_20260707T140842,2026-07-07T14:09:03
000001,2023-08-31,3134.553,3139.98,3113.946,3119.876,31344824200,,akshare.stock_zh_index_daily,week1_data_engineer_20260707_20260707T140842,2026-07-07T14:09:03
000001,2023-09-01,3126.023,3143.846,3123.19,3133.247,29231099200,,akshare.stock_zh_index_daily,week1_data_engineer_20260707_20260707T140842,2026-07-07T14:09:03
000001,2023-09-04,3145.944,3177.06,3143.379,3177.06,36639114000,,akshare.stock_zh_index_daily,week1_data_engineer_20260707_20260707T140842,2026-07-07T14:09:03
000001,2023-09-05,3169.738,3169.738,3150.075,3154.369,29406184900,,akshare.stock_zh_index_daily,week1_data_engineer_20260707_20260707T140842,2026-07-07T14:09:03
000001,2023-09-06,3147.136,3162.155,3136.9,3158.077,26700223000,,akshare.stock_zh_index_daily,week1_data_engineer_20260707_20260707T140842,2026-07-07T14:09:03
000001,2023-09-07,3152.203,3152.266,3120.823,3122.352,26926473300,,akshare.stock_zh_index_daily,week1_data_engineer_20260707_20260707T140842,2026-07-07T14:09:03
000001,2023-09-08,3114.23,3126.041,3104.674,3116.719,22812506400,,akshare.stock_zh_index_daily,week1_data_engineer_20260707_20260707T140842,2026-07-07T14:09:03
000001,2023-09-11,3119.61,3155.103,3113.816,3142.779,29044291700,,akshare.stock_zh_index_daily,week1_data_engineer_20260707_20260707T140842,2026-07-07T14:09:03
000001,2023-09-12,3140.341,3147.514,3134.318,3137.059,23467205100,,akshare.stock_zh_index_daily,week1_data_engineer_20260707_20260707T140842,2026-07-07T14:09:03
000001,2023-09-13,3137.772,3143.758,3106.969,3123.067,24970103800,,akshare.stock_zh_index_daily,week1_data_engineer_20260707_20260707T140842,2026-07-07T14:09:03
000001,2023-09-14,3124.848,3135.025,3111.859,3126.551,26399013800,,akshare.stock_zh_index_daily,week1_data_engineer_20260707_20260707T140842,2026-07-07T14:09:03
000001,2023-09-15,3133.588,3141.964,3107.448,3117.743,29202636500,,akshare.stock_zh_index_daily,week1_data_engineer_20260707_20260707T140842,2026-07-07T14:09:03
000001,2023-09-18,3110.44,3128.701,3098.496,3125.932,25944425700,,akshare.stock_zh_index_daily,week1_data_engineer_20260707_20260707T140842,2026-07-07T14:09:03
000001,2023-09-19,3123.986,3131.13,3113.525,3124.957,25365276100,,akshare.stock_zh_index_daily,week1_data_engineer_20260707_20260707T140842,2026-07-07T14:09:03
000001,2023-09-20,3118.667,3122.128,3108.158,3108.568,22812446200,,akshare.stock_zh_index_daily,week1_data_engineer_20260707_20260707T140842,2026-07-07T14:09:03
000001,2023-09-21,3103.175,3113.494,3084.701,3084.701,22865910000,,akshare.stock_zh_index_daily,week1_data_engineer_20260707_20260707T140842,2026-07-07T14:09:03
000001,2023-09-22,3084.757,3132.558,3078.801,3132.432,28597835100,,akshare.stock_zh_index_daily,week1_data_engineer_20260707_20260707T140842,2026-07-07T14:09:03
000001,2023-09-25,3131.208,3131.208,3112.151,3115.607,25807188500,,akshare.stock_zh_index_daily,week1_data_engineer_20260707_20260707T140842,2026-07-07T14:09:03
000001,2023-09-26,3114.021,3120.289,3102.273,3102.273,22264431300,,akshare.stock_zh_index_daily,week1_data_engineer_20260707_20260707T140842,2026-07-07T14:09:03
000001,2023-09-27,3104.04,3125.447,3103.844,3107.316,24049583000,,akshare.stock_zh_index_daily,week1_data_engineer_20260707_20260707T140842,2026-07-07T14:09:03
000001,2023-09-28,3117.755,3121.835,3105.94,3110.475,23632998100,,akshare.stock_zh_index_daily,week1_data_engineer_20260707_20260707T140842,2026-07-07T14:09:03
000001,2023-10-09,3100.0,3103.36,3072.642,3096.922,26442220500,,akshare.stock_zh_index_daily,week1_data_engineer_20260707_20260707T140842,2026-07-07T14:09:03
000001,2023-10-10,3104.365,3109.982,3073.186,3075.236,25532737900,,akshare.stock_zh_index_daily,week1_data_engineer_20260707_20260707T140842,2026-07-07T14:09:03
000001,2023-10-11,3085.699,3095.659,3071.936,3078.956,25991869200,,akshare.stock_zh_index_daily,week1_data_engineer_20260707_20260707T140842,2026-07-07T14:09:03
000001,2023-10-12,3101.705,3109.99,3092.177,3107.901,27482799800,,akshare.stock_zh_index_daily,week1_data_engineer_20260707_20260707T140842,2026-07-07T14:09:03
000001,2023-10-13,3091.997,3094.915,3080.548,3088.099,25508523500,,akshare.stock_zh_index_daily,week1_data_engineer_20260707_20260707T140842,2026-07-07T14:09:03
000001,2023-10-16,3091.065,3091.126,3063.686,3073.813,26388236300,,akshare.stock_zh_index_daily,week1_data_engineer_20260707_20260707T140842,2026-07-07T14:09:03
000001,2023-10-17,3076.428,3084.073,3064.89,3083.496,25901958800,,akshare.stock_zh_index_daily,week1_data_engineer_20260707_20260707T140842,2026-07-07T14:09:03
000001,2023-10-18,3076.58,3076.58,3057.059,3058.71,26864715500,,akshare.stock_zh_index_daily,week1_data_engineer_20260707_20260707T140842,2026-07-07T14:09:03
000001,2023-10-19,3043.196,3043.196,3004.775,3005.393,30403891000,,akshare.stock_zh_index_daily,week1_data_engineer_20260707_20260707T140842,2026-07-07T14:09:03
000001,2023-10-20,2995.358,3006.275,2977.173,2983.059,26711359400,,akshare.stock_zh_index_daily,week1_data_engineer_20260707_20260707T140842,2026-07-07T14:09:03
000001,2023-10-23,2969.786,2973.661,2923.511,2939.291,27890412800,,akshare.stock_zh_index_daily,week1_data_engineer_20260707_20260707T140842,2026-07-07T14:09:03
000001,2023-10-24,2944.311,2964.761,2929.088,2962.244,31098538900,,akshare.stock_zh_index_daily,week1_data_engineer_20260707_20260707T140842,2026-07-07T14:09:03
000001,2023-10-25,2986.407,2993.295,2972.418,2974.114,33239200400,,akshare.stock_zh_index_daily,week1_data_engineer_20260707_20260707T140842,2026-07-07T14:09:03
000001,2023-10-26,2960.104,2990.328,2956.006,2988.299,29181451100,,akshare.stock_zh_index_daily,week1_data_engineer_20260707_20260707T140842,2026-07-07T14:09:03
000001,2023-10-27,2978.403,3029.21,2974.88,3017.784,32180371700,,akshare.stock_zh_index_daily,week1_data_engineer_20260707_20260707T140842,2026-07-07T14:09:03
000001,2023-10-30,3009.61,3028.264,3002.348,3021.553,36060423800,,akshare.stock_zh_index_daily,week1_data_engineer_20260707_20260707T140842,2026-07-07T14:09:03
000001,2023-10-31,3019.646,3023.001,3006.609,3018.771,31985996700,,akshare.stock_zh_index_daily,week1_data_engineer_20260707_20260707T140842,2026-07-07T14:09:03
000001,2023-11-01,3038.182,3038.33,3013.933,3023.077,28011044500,,akshare.stock_zh_index_daily,week1_data_engineer_20260707_20260707T140842,2026-07-07T14:09:03
000001,2023-11-02,3028.665,3038.642,3009.121,3009.406,26879458100,,akshare.stock_zh_index_daily,week1_data_engineer_20260707_20260707T140842,2026-07-07T14:09:03
000001,2023-11-03,3012.465,3040.981,3012.465,3030.798,26848634700,,akshare.stock_zh_index_daily,week1_data_engineer_20260707_20260707T140842,2026-07-07T14:09:03
000001,2023-11-06,3047.13,3058.989,3037.694,3058.411,37294963000,,akshare.stock_zh_index_daily,week1_data_engineer_20260707_20260707T140842,2026-07-07T14:09:03
000001,2023-11-07,3052.92,3064.577,3042.469,3057.27,32685345500,,akshare.stock_zh_index_daily,week1_data_engineer_20260707_20260707T140842,2026-07-07T14:09:03
000001,2023-11-08,3051.153,3062.991,3037.289,3052.373,33567783400,,akshare.stock_zh_index_daily,week1_data_engineer_20260707_20260707T140842,2026-07-07T14:09:03
000001,2023-11-09,3047.653,3063.467,3045.834,3053.279,31562176400,,akshare.stock_zh_index_daily,week1_data_engineer_20260707_20260707T140842,2026-07-07T14:09:03
000001,2023-11-10,3043.559,3044.001,3027.088,3038.97,28554649700,,akshare.stock_zh_index_daily,week1_data_engineer_20260707_20260707T140842,2026-07-07T14:09:03
000001,2023-11-13,3044.032,3048.621,3028.168,3046.533,29043058800,,akshare.stock_zh_index_daily,week1_data_engineer_20260707_20260707T140842,2026-07-07T14:09:03
000001,2023-11-14,3046.817,3059.529,3044.426,3056.07,29484473300,,akshare.stock_zh_index_daily,week1_data_engineer_20260707_20260707T140842,2026-07-07T14:09:03
000001,2023-11-15,3077.029,3080.128,3064.346,3072.835,30425010700,,akshare.stock_zh_index_daily,week1_data_engineer_20260707_20260707T140842,2026-07-07T14:09:03
000001,2023-11-16,3066.855,3071.452,3050.926,3050.926,27107946000,,akshare.stock_zh_index_daily,week1_data_engineer_20260707_20260707T140842,2026-07-07T14:09:03
000001,2023-11-17,3043.617,3055.856,3033.747,3054.366,26760639300,,akshare.stock_zh_index_daily,week1_data_engineer_20260707_20260707T140842,2026-07-07T14:09:03
000001,2023-11-20,3056.927,3072.513,3043.515,3068.319,28755699800,,akshare.stock_zh_index_daily,week1_data_engineer_20260707_20260707T140842,2026-07-07T14:09:03
000001,2023-11-21,3074.828,3089.774,3063.345,3067.933,33073310200,,akshare.stock_zh_index_daily,week1_data_engineer_20260707_20260707T140842,2026-07-07T14:09:03
000001,2023-11-22,3060.498,3067.963,3043.611,3043.611,28905649000,,akshare.stock_zh_index_daily,week1_data_engineer_20260707_20260707T140842,2026-07-07T14:09:03
000001,2023-11-23,3041.678,3062.867,3034.297,3061.856,27659205900,,akshare.stock_zh_index_daily,week1_data_engineer_20260707_20260707T140842,2026-07-07T14:09:03
000001,2023-11-24,3060.331,3060.331,3037.201,3040.972,28778841300,,akshare.stock_zh_index_daily,week1_data_engineer_20260707_20260707T140842,2026-07-07T14:09:03
000001,2023-11-27,3038.186,3038.358,3015.008,3031.7,31051786800,,akshare.stock_zh_index_daily,week1_data_engineer_20260707_20260707T140842,2026-07-07T14:09:03
000001,2023-11-28,3028.598,3039.695,3020.231,3038.555,26892074600,,akshare.stock_zh_index_daily,week1_data_engineer_20260707_20260707T140842,2026-07-07T14:09:03
000001,2023-11-29,3038.464,3038.977,3017.661,3021.687,27795644800,,akshare.stock_zh_index_daily,week1_data_engineer_20260707_20260707T140842,2026-07-07T14:09:03
000001,2023-11-30,3021.103,3030.909,3013.768,3029.673,28294535700,,akshare.stock_zh_index_daily,week1_data_engineer_20260707_20260707T140842,2026-07-07T14:09:03
000001,2023-12-01,3027.353,3035.76,3010.233,3031.636,28608970000,,akshare.stock_zh_index_daily,week1_data_engineer_20260707_20260707T140842,2026-07-07T14:09:03
000001,2023-12-04,3033.298,3038.979,3022.348,3022.914,28816205300,,akshare.stock_zh_index_daily,week1_data_engineer_20260707_20260707T140842,2026-07-07T14:09:03
000001,2023-12-05,3017.01,3017.01,2972.296,2972.296,29394327800,,akshare.stock_zh_index_daily,week1_data_engineer_20260707_20260707T140842,2026-07-07T14:09:03
000001,2023-12-06,2966.948,2985.314,2959.603,2968.933,29410418700,,akshare.stock_zh_index_daily,week1_data_engineer_20260707_20260707T140842,2026-07-07T14:09:03
000001,2023-12-07,2965.652,2976.015,2949.144,2966.206,29624368700,,akshare.stock_zh_index_daily,week1_data_engineer_20260707_20260707T140842,2026-07-07T14:09:03
000001,2023-12-08,2965.39,2980.834,2962.327,2969.559,36913870500,,akshare.stock_zh_index_daily,week1_data_engineer_20260707_20260707T140842,2026-07-07T14:09:03
000001,2023-12-11,2956.291,2995.67,2930.422,2991.439,36021634400,,akshare.stock_zh_index_daily,week1_data_engineer_20260707_20260707T140842,2026-07-07T14:09:03
000001,2023-12-12,2986.328,3003.746,2980.446,3003.438,28763876200,,akshare.stock_zh_index_daily,week1_data_engineer_20260707_20260707T140842,2026-07-07T14:09:03
000001,2023-12-13,2997.336,2997.336,2968.761,2968.761,28275409800,,akshare.stock_zh_index_daily,week1_data_engineer_20260707_20260707T140842,2026-07-07T14:09:03
000001,2023-12-14,2979.699,2986.177,2958.066,2958.986,27145765000,,akshare.stock_zh_index_daily,week1_data_engineer_20260707_20260707T140842,2026-07-07T14:09:03
000001,2023-12-15,2966.302,2976.309,2940.027,2942.557,28932764200,,akshare.stock_zh_index_daily,week1_data_engineer_20260707_20260707T140842,2026-07-07T14:09:03
000001,2023-12-18,2936.575,2951.148,2924.325,2930.804,29308699900,,akshare.stock_zh_index_daily,week1_data_engineer_20260707_20260707T140842,2026-07-07T14:09:03
000001,2023-12-19,2928.763,2940.501,2914.125,2932.391,26592698000,,akshare.stock_zh_index_daily,week1_data_engineer_20260707_20260707T140842,2026-07-07T14:09:03
000001,2023-12-20,2932.119,2937.101,2902.04,2902.11,26556245400,,akshare.stock_zh_index_daily,week1_data_engineer_20260707_20260707T140842,2026-07-07T14:09:03
000001,2023-12-21,2892.02,2924.256,2882.02,2918.715,28254182700,,akshare.stock_zh_index_daily,week1_data_engineer_20260707_20260707T140842,2026-07-07T14:09:03
000001,2023-12-22,2919.288,2935.7,2906.509,2914.775,29662836700,,akshare.stock_zh_index_daily,week1_data_engineer_20260707_20260707T140842,2026-07-07T14:09:03
000001,2023-12-25,2909.875,2920.632,2903.987,2918.813,22981417800,,akshare.stock_zh_index_daily,week1_data_engineer_20260707_20260707T140842,2026-07-07T14:09:03
000001,2023-12-26,2917.971,2917.971,2892.837,2898.879,22814085500,,akshare.stock_zh_index_daily,week1_data_engineer_20260707_20260707T140842,2026-07-07T14:09:03
000001,2023-12-27,2900.149,2917.956,2890.165,2914.614,24790088200,,akshare.stock_zh_index_daily,week1_data_engineer_20260707_20260707T140842,2026-07-07T14:09:03
000001,2023-12-28,2913.11,2961.648,2909.389,2954.704,33921311600,,akshare.stock_zh_index_daily,week1_data_engineer_20260707_20260707T140842,2026-07-07T14:09:03
000001,2023-12-29,2950.837,2975.032,2950.017,2974.935,29067268700,,akshare.stock_zh_index_daily,week1_data_engineer_20260707_20260707T140842,2026-07-07T14:09:03
000001,2024-01-02,2972.775,2976.268,2962.276,2962.276,30414179300,,akshare.stock_zh_index_daily,week1_data_engineer_20260707_20260707T140842,2026-07-07T14:09:03
000001,2024-01-03,2957.112,2971.283,2953.29,2967.247,28545594500,,akshare.stock_zh_index_daily,week1_data_engineer_20260707_20260707T140842,2026-07-07T14:09:03
000001,2024-01-04,2965.509,2966.683,2936.635,2954.349,26498092400,,akshare.stock_zh_index_daily,week1_data_engineer_20260707_20260707T140842,2026-07-07T14:09:03
000001,2024-01-05,2949.822,2967.968,2916.721,2929.183,30104023900,,akshare.stock_zh_index_daily,week1_data_engineer_20260707_20260707T140842,2026-07-07T14:09:03
000001,2024-01-08,2923.457,2924.456,2887.538,2887.538,27027505500,,akshare.stock_zh_index_daily,week1_data_engineer_20260707_20260707T140842,2026-07-07T14:09:03
000001,2024-01-09,2887.11,2900.727,2878.412,2893.251,26295597500,,akshare.stock_zh_index_daily,week1_data_engineer_20260707_20260707T140842,2026-07-07T14:09:03
000001,2024-01-10,2886.981,2903.162,2870.416,2877.702,24404652600,,akshare.stock_zh_index_daily,week1_data_engineer_20260707_20260707T140842,2026-07-07T14:09:03
000001,2024-01-11,2873.798,2896.179,2867.722,2886.65,26705076400,,akshare.stock_zh_index_daily,week1_data_engineer_20260707_20260707T140842,2026-07-07T14:09:03
000001,2024-01-12,2880.04,2904.174,2878.875,2881.977,26160293100,,akshare.stock_zh_index_daily,week1_data_engineer_20260707_20260707T140842,2026-07-07T14:09:03
000001,2024-01-15,2872.556,2904.464,2869.224,2886.291,24461123600,,akshare.stock_zh_index_daily,week1_data_engineer_20260707_20260707T140842,2026-07-07T14:09:03
000001,2024-01-16,2881.56,2896.683,2861.13,2893.989,28628671400,,akshare.stock_zh_index_daily,week1_data_engineer_20260707_20260707T140842,2026-07-07T14:09:03
000001,2024-01-17,2887.292,2887.489,2833.615,2833.615,26125130800,,akshare.stock_zh_index_daily,week1_data_engineer_20260707_20260707T140842,2026-07-07T14:09:03
000001,2024-01-18,2822.667,2849.256,2760.978,2845.784,39039685500,,akshare.stock_zh_index_daily,week1_data_engineer_20260707_20260707T140842,2026-07-07T14:09:03
000001,2024-01-19,2836.975,2849.876,2822.843,2832.279,26666438800,,akshare.stock_zh_index_daily,week1_data_engineer_20260707_20260707T140842,2026-07-07T14:09:03
000001,2024-01-22,2826.503,2828.32,2735.372,2756.34,35016575800,,akshare.stock_zh_index_daily,week1_data_engineer_20260707_20260707T140842,2026-07-07T14:09:03
000001,2024-01-23,2746.892,2784.841,2724.157,2770.976,30874941700,,akshare.stock_zh_index_daily,week1_data_engineer_20260707_20260707T140842,2026-07-07T14:09:03
000001,2024-01-24,2782.142,2823.695,2743.397,2820.772,36907060000,,akshare.stock_zh_index_daily,week1_data_engineer_20260707_20260707T140842,2026-07-07T14:09:03
000001,2024-01-25,2823.826,2906.794,2821.709,2906.109,44200904500,,akshare.stock_zh_index_daily,week1_data_engineer_20260707_20260707T140842,2026-07-07T14:09:03
000001,2024-01-26,2897.915,2924.307,2890.482,2910.223,42110908400,,akshare.stock_zh_index_daily,week1_data_engineer_20260707_20260707T140842,2026-07-07T14:09:03
000001,2024-01-29,2910.607,2923.899,2883.333,2883.356,41058131100,,akshare.stock_zh_index_daily,week1_data_engineer_20260707_20260707T140842,2026-07-07T14:09:03
000001,2024-01-30,2866.28,2881.347,2829.25,2830.527,33566122600,,akshare.stock_zh_index_daily,week1_data_engineer_20260707_20260707T140842,2026-07-07T14:09:03
000001,2024-01-31,2815.504,2834.011,2782.587,2788.548,37710396500,,akshare.stock_zh_index_daily,week1_data_engineer_20260707_20260707T140842,2026-07-07T14:09:03
000001,2024-02-01,2773.424,2805.015,2752.782,2770.74,35288918500,,akshare.stock_zh_index_daily,week1_data_engineer_20260707_20260707T140842,2026-07-07T14:09:03
000001,2024-02-02,2773.295,2791.676,2666.334,2730.152,42623019900,,akshare.stock_zh_index_daily,week1_data_engineer_20260707_20260707T140842,2026-07-07T14:09:03
000001,2024-02-05,2716.081,2739.738,2635.09,2702.185,47899029200,,akshare.stock_zh_index_daily,week1_data_engineer_20260707_20260707T140842,2026-07-07T14:09:03
000001,2024-02-06,2680.485,2802.931,2669.673,2789.486,50284931300,,akshare.stock_zh_index_daily,week1_data_engineer_20260707_20260707T140842,2026-07-07T14:09:03
000001,2024-02-07,2791.515,2829.696,2770.529,2829.696,54711743900,,akshare.stock_zh_index_daily,week1_data_engineer_20260707_20260707T140842,2026-07-07T14:09:03
000001,2024-02-08,2832.486,2867.474,2827.902,2865.903,53110889300,,akshare.stock_zh_index_daily,week1_data_engineer_20260707_20260707T140842,2026-07-07T14:09:03
000001,2024-02-19,2886.587,2910.544,2867.71,2910.544,45896770400,,akshare.stock_zh_index_daily,week1_data_engineer_20260707_20260707T140842,2026-07-07T14:09:03
000001,2024-02-20,2902.877,2927.308,2887.474,2922.73,35013873500,,akshare.stock_zh_index_daily,week1_data_engineer_20260707_20260707T140842,2026-07-07T14:09:03
000001,2024-02-21,2906.024,2994.615,2898.05,2950.956,44424546300,,akshare.stock_zh_index_daily,week1_data_engineer_20260707_20260707T140842,2026-07-07T14:09:03
000001,2024-02-22,2945.447,2988.358,2944.499,2988.358,35413253600,,akshare.stock_zh_index_daily,week1_data_engineer_20260707_20260707T140842,2026-07-07T14:09:03
000001,2024-02-23,2992.912,3009.136,2979.973,3004.881,38008327000,,akshare.stock_zh_index_daily,week1_data_engineer_20260707_20260707T140842,2026-07-07T14:09:03
000001,2024-02-26,3002.118,3009.479,2967.057,2977.022,40902655800,,akshare.stock_zh_index_daily,week1_data_engineer_20260707_20260707T140842,2026-07-07T14:09:03
000001,2024-02-27,2966.417,3015.481,2961.148,3015.481,37298468700,,akshare.stock_zh_index_daily,week1_data_engineer_20260707_20260707T140842,2026-07-07T14:09:03
000001,2024-02-28,3016.256,3031.488,2957.852,2957.852,54410909300,,akshare.stock_zh_index_daily,week1_data_engineer_20260707_20260707T140842,2026-07-07T14:09:03
000001,2024-02-29,2943.624,3015.171,2943.624,3015.171,40969637400,,akshare.stock_zh_index_daily,week1_data_engineer_20260707_20260707T140842,2026-07-07T14:09:03
000001,2024-03-01,3013.823,3032.232,3003.763,3027.02,37913218400,,akshare.stock_zh_index_daily,week1_data_engineer_20260707_20260707T140842,2026-07-07T14:09:03
000001,2024-03-04,3026.607,3040.345,3007.683,3039.306,38776000200,,akshare.stock_zh_index_daily,week1_data_engineer_20260707_20260707T140842,2026-07-07T14:09:03
000001,2024-03-05,3027.103,3052.541,3022.178,3047.793,38350995500,,akshare.stock_zh_index_daily,week1_data_engineer_20260707_20260707T140842,2026-07-07T14:09:03
000001,2024-03-06,3041.752,3060.563,3034.354,3039.931,34098273900,,akshare.stock_zh_index_daily,week1_data_engineer_20260707_20260707T140842,2026-07-07T14:09:03
000001,2024-03-07,3040.211,3063.692,3023.118,3027.401,37715439100,,akshare.stock_zh_index_daily,week1_data_engineer_20260707_20260707T140842,2026-07-07T14:09:03
000001,2024-03-08,3026.165,3049.194,3016.903,3046.019,31920439200,,akshare.stock_zh_index_daily,week1_data_engineer_20260707_20260707T140842,2026-07-07T14:09:03
000001,2024-03-11,3042.619,3068.455,3035.445,3068.455,36160882100,,akshare.stock_zh_index_daily,week1_data_engineer_20260707_20260707T140842,2026-07-07T14:09:03
000001,2024-03-12,3068.182,3075.131,3044.857,3055.935,41574391400,,akshare.stock_zh_index_daily,week1_data_engineer_20260707_20260707T140842,2026-07-07T14:09:03
000001,2024-03-13,3053.341,3061.951,3031.899,3043.835,36504745300,,akshare.stock_zh_index_daily,week1_data_engineer_20260707_20260707T140842,2026-07-07T14:09:03
000001,2024-03-14,3042.413,3059.998,3020.637,3038.234,36407229000,,akshare.stock_zh_index_daily,week1_data_engineer_20260707_20260707T140842,2026-07-07T14:09:03
000001,2024-03-15,3031.523,3056.447,3023.215,3054.636,36026846300,,akshare.stock_zh_index_daily,week1_data_engineer_20260707_20260707T140842,2026-07-07T14:09:03
000001,2024-03-18,3057.209,3085.312,3055.922,3084.926,40665350800,,akshare.stock_zh_index_daily,week1_data_engineer_20260707_20260707T140842,2026-07-07T14:09:03
000001,2024-03-19,3077.981,3090.046,3062.628,3062.756,38412368000,,akshare.stock_zh_index_daily,week1_data_engineer_20260707_20260707T140842,2026-07-07T14:09:03
000001,2024-03-20,3058.648,3081.755,3056.645,3079.686,34918772900,,akshare.stock_zh_index_daily,week1_data_engineer_20260707_20260707T140842,2026-07-07T14:09:03
000001,2024-03-21,3084.412,3090.051,3069.272,3077.113,36687796800,,akshare.stock_zh_index_daily,week1_data_engineer_20260707_20260707T140842,2026-07-07T14:09:03
000001,2024-03-22,3070.548,3073.206,3027.762,3048.034,39474048600,,akshare.stock_zh_index_daily,week1_data_engineer_20260707_20260707T140842,2026-07-07T14:09:03
000001,2024-03-25,3040.501,3065.261,3026.306,3026.306,38748538900,,akshare.stock_zh_index_daily,week1_data_engineer_20260707_20260707T140842,2026-07-07T14:09:03
000001,2024-03-26,3026.922,3036.494,3006.26,3031.481,34592878700,,akshare.stock_zh_index_daily,week1_data_engineer_20260707_20260707T140842,2026-07-07T14:09:03
000001,2024-03-27,3026.814,3030.45,2993.139,2993.139,34319801000,,akshare.stock_zh_index_daily,week1_data_engineer_20260707_20260707T140842,2026-07-07T14:09:03
000001,2024-03-28,2988.59,3033.367,2984.12,3010.664,35320002600,,akshare.stock_zh_index_daily,week1_data_engineer_20260707_20260707T140842,2026-07-07T14:09:03
000001,2024-03-29,3008.376,3041.298,3008.167,3041.167,33482278500,,akshare.stock_zh_index_daily,week1_data_engineer_20260707_20260707T140842,2026-07-07T14:09:03
000001,2024-04-01,3049.021,3078.488,3049.021,3077.379,37539364000,,akshare.stock_zh_index_daily,week1_data_engineer_20260707_20260707T140842,2026-07-07T14:09:03
000001,2024-04-02,3076.875,3085.537,3063.981,3074.959,36730426200,,akshare.stock_zh_index_daily,week1_data_engineer_20260707_20260707T140842,2026-07-07T14:09:03
000001,2024-04-03,3074.893,3079.02,3057.397,3069.296,36321138000,,akshare.stock_zh_index_daily,week1_data_engineer_20260707_20260707T140842,2026-07-07T14:09:03
000001,2024-04-08,3057.326,3077.351,3045.469,3047.053,40293674000,,akshare.stock_zh_index_daily,week1_data_engineer_20260707_20260707T140842,2026-07-07T14:09:03
000001,2024-04-09,3044.614,3051.585,3033.209,3048.537,33348996500,,akshare.stock_zh_index_daily,week1_data_engineer_20260707_20260707T140842,2026-07-07T14:09:03
000001,2024-04-10,3045.961,3049.607,3013.59,3027.335,34899172100,,akshare.stock_zh_index_daily,week1_data_engineer_20260707_20260707T140842,2026-07-07T14:09:03
000001,2024-04-11,3013.573,3050.337,3009.897,3034.246,34089439200,,akshare.stock_zh_index_daily,week1_data_engineer_20260707_20260707T140842,2026-07-07T14:09:03
000001,2024-04-12,3035.577,3043.56,3014.83,3019.474,33422977100,,akshare.stock_zh_index_daily,week1_data_engineer_20260707_20260707T140842,2026-07-07T14:09:03
000001,2024-04-15,3013.672,3066.941,2995.542,3057.378,46123924400,,akshare.stock_zh_index_daily,week1_data_engineer_20260707_20260707T140842,2026-07-07T14:09:03
000001,2024-04-16,3043.551,3052.435,3005.34,3007.068,44807047300,,akshare.stock_zh_index_daily,week1_data_engineer_20260707_20260707T140842,2026-07-07T14:09:03
000001,2024-04-17,3008.061,3071.381,3002.056,3071.381,41335836800,,akshare.stock_zh_index_daily,week1_data_engineer_20260707_20260707T140842,2026-07-07T14:09:03
000001,2024-04-18,3060.031,3102.553,3057.761,3074.225,41632134900,,akshare.stock_zh_index_daily,week1_data_engineer_20260707_20260707T140842,2026-07-07T14:09:03
000001,2024-04-19,3060.299,3080.323,3055.058,3065.261,37554385500,,akshare.stock_zh_index_daily,week1_data_engineer_20260707_20260707T140842,2026-07-07T14:09:03
000001,2024-04-22,3059.065,3078.423,3042.542,3044.595,35721639900,,akshare.stock_zh_index_daily,week1_data_engineer_20260707_20260707T140842,2026-07-07T14:09:03
000001,2024-04-23,3038.612,3044.944,3016.517,3021.978,32559512800,,akshare.stock_zh_index_daily,week1_data_engineer_20260707_20260707T140842,2026-07-07T14:09:03
000001,2024-04-24,3029.403,3045.64,3019.124,3044.822,30526409300,,akshare.stock_zh_index_daily,week1_data_engineer_20260707_20260707T140842,2026-07-07T14:09:03
000001,2024-04-25,3037.927,3060.264,3034.65,3052.9,29228014800,,akshare.stock_zh_index_daily,week1_data_engineer_20260707_20260707T140842,2026-07-07T14:09:03
000001,2024-04-26,3054.979,3092.43,3054.979,3088.636,43938256300,,akshare.stock_zh_index_daily,week1_data_engineer_20260707_20260707T140842,2026-07-07T14:09:03
000001,2024-04-29,3086.682,3119.686,3080.586,3113.043,50692544500,,akshare.stock_zh_index_daily,week1_data_engineer_20260707_20260707T140842,2026-07-07T14:09:03
000001,2024-04-30,3110.159,3123.288,3104.294,3104.825,44021321300,,akshare.stock_zh_index_daily,week1_data_engineer_20260707_20260707T140842,2026-07-07T14:09:03
000001,2024-05-06,3132.512,3142.382,3126.769,3140.72,45065689900,,akshare.stock_zh_index_daily,week1_data_engineer_20260707_20260707T140842,2026-07-07T14:09:03
000001,2024-05-07,3139.664,3151.219,3133.69,3147.738,37910256400,,akshare.stock_zh_index_daily,week1_data_engineer_20260707_20260707T140842,2026-07-07T14:09:03
000001,2024-05-08,3141.487,3144.986,3126.173,3128.48,33400032000,,akshare.stock_zh_index_daily,week1_data_engineer_20260707_20260707T140842,2026-07-07T14:09:03
000001,2024-05-09,3128.164,3158.465,3128.164,3154.32,36088146200,,akshare.stock_zh_index_daily,week1_data_engineer_20260707_20260707T140842,2026-07-07T14:09:03
000001,2024-05-10,3158.589,3163.144,3137.152,3154.547,38428749500,,akshare.stock_zh_index_daily,week1_data_engineer_20260707_20260707T140842,2026-07-07T14:09:03
000001,2024-05-13,3139.475,3157.366,3126.17,3148.021,39703056500,,akshare.stock_zh_index_daily,week1_data_engineer_20260707_20260707T140842,2026-07-07T14:09:03
000001,2024-05-14,3148.849,3155.807,3137.609,3145.774,34352619400,,akshare.stock_zh_index_daily,week1_data_engineer_20260707_20260707T140842,2026-07-07T14:09:03
000001,2024-05-15,3141.252,3142.973,3117.929,3119.902,32102796200,,akshare.stock_zh_index_daily,week1_data_engineer_20260707_20260707T140842,2026-07-07T14:09:03
000001,2024-05-16,3127.184,3137.878,3116.163,3122.401,36741736100,,akshare.stock_zh_index_daily,week1_data_engineer_20260707_20260707T140842,2026-07-07T14:09:03
000001,2024-05-17,3121.713,3154.026,3116.784,3154.026,38391524400,,akshare.stock_zh_index_daily,week1_data_engineer_20260707_20260707T140842,2026-07-07T14:09:03
000001,2024-05-20,3156.148,3174.266,3155.99,3171.145,42686728000,,akshare.stock_zh_index_daily,week1_data_engineer_20260707_20260707T140842,2026-07-07T14:09:03
000001,2024-05-21,3164.683,3165.224,3148.342,3157.966,33578357200,,akshare.stock_zh_index_daily,week1_data_engineer_20260707_20260707T140842,2026-07-07T14:09:03
000001,2024-05-22,3157.189,3166.919,3152.457,3158.54,35409808200,,akshare.stock_zh_index_daily,week1_data_engineer_20260707_20260707T140842,2026-07-07T14:09:03
000001,2024-05-23,3149.875,3150.628,3110.277,3116.387,35394372700,,akshare.stock_zh_index_daily,week1_data_engineer_20260707_20260707T140842,2026-07-07T14:09:03
000001,2024-05-24,3110.753,3130.425,3087.794,3088.871,30653227900,,akshare.stock_zh_index_daily,week1_data_engineer_20260707_20260707T140842,2026-07-07T14:09:03
000001,2024-05-27,3094.14,3125.506,3091.989,3124.043,31939676500,,akshare.stock_zh_index_daily,week1_data_engineer_20260707_20260707T140842,2026-07-07T14:09:03
000001,2024-05-28,3122.388,3130.31,3106.365,3109.572,31006697400,,akshare.stock_zh_index_daily,week1_data_engineer_20260707_20260707T140842,2026-07-07T14:09:03
000001,2024-05-29,3108.027,3128.137,3100.98,3111.018,28997034600,,akshare.stock_zh_index_daily,week1_data_engineer_20260707_20260707T140842,2026-07-07T14:09:03
000001,2024-05-30,3103.708,3121.218,3085.384,3091.678,30238076200,,akshare.stock_zh_index_daily,week1_data_engineer_20260707_20260707T140842,2026-07-07T14:09:03
000001,2024-05-31,3094.759,3107.604,3086.813,3086.813,27607281600,,akshare.stock_zh_index_daily,week1_data_engineer_20260707_20260707T140842,2026-07-07T14:09:03
000001,2024-06-03,3085.981,3097.204,3061.277,3078.489,35756336200,,akshare.stock_zh_index_daily,week1_data_engineer_20260707_20260707T140842,2026-07-07T14:09:03
000001,2024-06-04,3071.32,3095.322,3063.588,3091.199,30928759800,,akshare.stock_zh_index_daily,week1_data_engineer_20260707_20260707T140842,2026-07-07T14:09:03
000001,2024-06-05,3086.051,3092.346,3064.736,3065.403,29054234400,,akshare.stock_zh_index_daily,week1_data_engineer_20260707_20260707T140842,2026-07-07T14:09:03
000001,2024-06-06,3069.439,3077.673,3040.83,3048.794,36986710400,,akshare.stock_zh_index_daily,week1_data_engineer_20260707_20260707T140842,2026-07-07T14:09:03
000001,2024-06-07,3053.915,3065.025,3031.044,3051.279,31634248400,,akshare.stock_zh_index_daily,week1_data_engineer_20260707_20260707T140842,2026-07-07T14:09:03
000001,2024-06-11,3042.134,3043.2,3013.861,3028.045,31048194200,,akshare.stock_zh_index_daily,week1_data_engineer_20260707_20260707T140842,2026-07-07T14:09:03
000001,2024-06-12,3025.296,3042.042,3021.309,3037.468,27945210600,,akshare.stock_zh_index_daily,week1_data_engineer_20260707_20260707T140842,2026-07-07T14:09:03
000001,2024-06-13,3038.086,3040.402,3022.822,3028.919,29786246300,,akshare.stock_zh_index_daily,week1_data_engineer_20260707_20260707T140842,2026-07-07T14:09:03
000001,2024-06-14,3020.959,3037.905,3011.577,3032.633,34874675300,,akshare.stock_zh_index_daily,week1_data_engineer_20260707_20260707T140842,2026-07-07T14:09:03
000001,2024-06-17,3017.717,3026.624,3012.045,3015.891,29576344800,,akshare.stock_zh_index_daily,week1_data_engineer_20260707_20260707T140842,2026-07-07T14:09:03
000001,2024-06-18,3015.071,3031.976,3012.523,3030.246,27362599900,,akshare.stock_zh_index_daily,week1_data_engineer_20260707_20260707T140842,2026-07-07T14:09:03
000001,2024-06-19,3029.099,3030.226,3015.326,3018.049,26129624800,,akshare.stock_zh_index_daily,week1_data_engineer_20260707_20260707T140842,2026-07-07T14:09:03
000001,2024-06-20,3015.722,3028.514,3001.768,3005.437,29551590700,,akshare.stock_zh_index_daily,week1_data_engineer_20260707_20260707T140842,2026-07-07T14:09:03
000001,2024-06-21,2998.241,3011.914,2985.929,2998.138,25500125100,,akshare.stock_zh_index_daily,week1_data_engineer_20260707_20260707T140842,2026-07-07T14:09:03
000001,2024-06-24,2982.826,2990.643,2960.127,2963.099,29865388400,,akshare.stock_zh_index_daily,week1_data_engineer_20260707_20260707T140842,2026-07-07T14:09:03
000001,2024-06-25,2962.765,2971.653,2935.538,2949.996,27320993800,,akshare.stock_zh_index_daily,week1_data_engineer_20260707_20260707T140842,2026-07-07T14:09:03
000001,2024-06-26,2943.447,2976.669,2933.33,2972.525,28238840900,,akshare.stock_zh_index_daily,week1_data_engineer_20260707_20260707T140842,2026-07-07T14:09:03
000001,2024-06-27,2962.696,2963.064,2944.898,2945.852,27054851900,,akshare.stock_zh_index_daily,week1_data_engineer_20260707_20260707T140842,2026-07-07T14:09:03
000001,2024-06-28,2940.303,2985.468,2939.984,2967.403,31520143200,,akshare.stock_zh_index_daily,week1_data_engineer_20260707_20260707T140842,2026-07-07T14:09:03
000001,2024-07-01,2965.245,2996.409,2961.856,2994.73,29778223500,,akshare.stock_zh_index_daily,week1_data_engineer_20260707_20260707T140842,2026-07-07T14:09:03
000001,2024-07-02,2992.856,3004.987,2989.47,2997.011,28136468300,,akshare.stock_zh_index_daily,week1_data_engineer_20260707_20260707T140842,2026-07-07T14:09:03
000001,2024-07-03,2995.664,2998.537,2978.069,2982.376,24628464200,,akshare.stock_zh_index_daily,week1_data_engineer_20260707_20260707T140842,2026-07-07T14:09:03
000001,2024-07-04,2984.83,2995.57,2955.29,2957.567,27426878900,,akshare.stock_zh_index_daily,week1_data_engineer_20260707_20260707T140842,2026-07-07T14:09:03
000001,2024-07-05,2954.372,2957.107,2920.205,2949.933,27232455600,,akshare.stock_zh_index_daily,week1_data_engineer_20260707_20260707T140842,2026-07-07T14:09:03
000001,2024-07-08,2939.837,2947.61,2917.232,2922.45,27753342400,,akshare.stock_zh_index_daily,week1_data_engineer_20260707_20260707T140842,2026-07-07T14:09:03
000001,2024-07-09,2919.573,2963.782,2904.039,2959.372,31506203100,,akshare.stock_zh_index_daily,week1_data_engineer_20260707_20260707T140842,2026-07-07T14:09:03
000001,2024-07-10,2949.026,2958.859,2935.33,2939.364,30154945600,,akshare.stock_zh_index_daily,week1_data_engineer_20260707_20260707T140842,2026-07-07T14:09:03
000001,2024-07-11,2957.25,2971.361,2947.403,2970.387,32837242400,,akshare.stock_zh_index_daily,week1_data_engineer_20260707_20260707T140842,2026-07-07T14:09:03
000001,2024-07-12,2965.612,2977.142,2963.303,2971.295,30371301400,,akshare.stock_zh_index_daily,week1_data_engineer_20260707_20260707T140842,2026-07-07T14:09:03
000001,2024-07-15,2963.847,2977.313,2959.129,2974.011,26899259700,,akshare.stock_zh_index_daily,week1_data_engineer_20260707_20260707T140842,2026-07-07T14:09:03
000001,2024-07-16,2963.9,2977.361,2959.666,2976.304,26078363000,,akshare.stock_zh_index_daily,week1_data_engineer_20260707_20260707T140842,2026-07-07T14:09:03
000001,2024-07-17,2970.808,2972.795,2957.948,2962.855,28230799100,,akshare.stock_zh_index_daily,week1_data_engineer_20260707_20260707T140842,2026-07-07T14:09:03
000001,2024-07-18,2951.143,2978.092,2937.905,2977.133,27802266500,,akshare.stock_zh_index_daily,week1_data_engineer_20260707_20260707T140842,2026-07-07T14:09:03
000001,2024-07-19,2963.514,2986.243,2955.12,2982.309,28093241300,,akshare.stock_zh_index_daily,week1_data_engineer_20260707_20260707T140842,2026-07-07T14:09:03
000001,2024-07-22,2978.193,2978.601,2946.561,2964.216,27874955900,,akshare.stock_zh_index_daily,week1_data_engineer_20260707_20260707T140842,2026-07-07T14:09:03
000001,2024-07-23,2960.5,2960.5,2915.368,2915.369,29629599400,,akshare.stock_zh_index_daily,week1_data_engineer_20260707_20260707T140842,2026-07-07T14:09:03
000001,2024-07-24,2909.152,2922.03,2894.289,2901.952,30611885300,,akshare.stock_zh_index_daily,week1_data_engineer_20260707_20260707T140842,2026-07-07T14:09:03
000001,2024-07-25,2891.892,2897.767,2872.85,2886.742,27463950000,,akshare.stock_zh_index_daily,week1_data_engineer_20260707_20260707T140842,2026-07-07T14:09:03
000001,2024-07-26,2885.995,2899.116,2875.396,2890.897,27838753600,,akshare.stock_zh_index_daily,week1_data_engineer_20260707_20260707T140842,2026-07-07T14:09:03
000001,2024-07-29,2889.473,2898.951,2878.583,2891.845,25689972700,,akshare.stock_zh_index_daily,week1_data_engineer_20260707_20260707T140842,2026-07-07T14:09:03
000001,2024-07-30,2885.215,2885.215,2865.149,2879.3,26247883700,,akshare.stock_zh_index_daily,week1_data_engineer_20260707_20260707T140842,2026-07-07T14:09:03
000001,2024-07-31,2877.541,2940.593,2876.301,2938.749,41272341700,,akshare.stock_zh_index_daily,week1_data_engineer_20260707_20260707T140842,2026-07-07T14:09:03
000001,2024-08-01,2940.12,2947.877,2928.826,2932.387,34662113700,,akshare.stock_zh_index_daily,week1_data_engineer_20260707_20260707T140842,2026-07-07T14:09:03
000001,2024-08-02,2913.02,2931.259,2902.72,2905.338,31220503900,,akshare.stock_zh_index_daily,week1_data_engineer_20260707_20260707T140842,2026-07-07T14:09:03
000001,2024-08-05,2889.363,2919.025,2860.698,2860.698,35554057200,,akshare.stock_zh_index_daily,week1_data_engineer_20260707_20260707T140842,2026-07-07T14:09:03
000001,2024-08-06,2878.651,2888.201,2845.335,2867.284,29730080300,,akshare.stock_zh_index_daily,week1_data_engineer_20260707_20260707T140842,2026-07-07T14:09:03
000001,2024-08-07,2864.01,2886.942,2857.725,2869.834,26309715000,,akshare.stock_zh_index_daily,week1_data_engineer_20260707_20260707T140842,2026-07-07T14:09:03
000001,2024-08-08,2864.758,2886.399,2850.875,2869.901,28912863200,,akshare.stock_zh_index_daily,week1_data_engineer_20260707_20260707T140842,2026-07-07T14:09:03
000001,2024-08-09,2879.873,2887.849,2862.194,2862.194,28425391600,,akshare.stock_zh_index_daily,week1_data_engineer_20260707_20260707T140842,2026-07-07T14:09:03
000001,2024-08-12,2858.895,2869.269,2851.295,2858.205,24424137100,,akshare.stock_zh_index_daily,week1_data_engineer_20260707_20260707T140842,2026-07-07T14:09:03
000001,2024-08-13,2860.41,2867.946,2845.31,2867.946,23167460100,,akshare.stock_zh_index_daily,week1_data_engineer_20260707_20260707T140842,2026-07-07T14:09:03
000001,2024-08-14,2866.243,2866.243,2850.401,2850.654,21788517000,,akshare.stock_zh_index_daily,week1_data_engineer_20260707_20260707T140842,2026-07-07T14:09:03
000001,2024-08-15,2844.201,2889.087,2839.388,2877.358,27190000000,,akshare.stock_zh_index_daily,week1_data_engineer_20260707_20260707T140842,2026-07-07T14:09:03
000001,2024-08-16,2877.94,2888.675,2873.06,2879.43,26365344100,,akshare.stock_zh_index_daily,week1_data_engineer_20260707_20260707T140842,2026-07-07T14:09:03
000001,2024-08-19,2877.954,2905.155,2877.771,2893.674,26168773000,,akshare.stock_zh_index_daily,week1_data_engineer_20260707_20260707T140842,2026-07-07T14:09:03
000001,2024-08-20,2895.551,2896.519,2855.329,2866.661,26365800200,,akshare.stock_zh_index_daily,week1_data_engineer_20260707_20260707T140842,2026-07-07T14:09:03
000001,2024-08-21,2858.939,2863.891,2848.151,2856.584,22920002700,,akshare.stock_zh_index_daily,week1_data_engineer_20260707_20260707T140842,2026-07-07T14:09:03
000001,2024-08-22,2856.2,2861.607,2845.502,2848.772,24539941500,,akshare.stock_zh_index_daily,week1_data_engineer_20260707_20260707T140842,2026-07-07T14:09:03
000001,2024-08-23,2844.77,2860.733,2839.337,2854.368,22669256500,,akshare.stock_zh_index_daily,week1_data_engineer_20260707_20260707T140842,2026-07-07T14:09:03
000001,2024-08-26,2855.474,2860.655,2844.383,2855.52,22735152300,,akshare.stock_zh_index_daily,week1_data_engineer_20260707_20260707T140842,2026-07-07T14:09:03
000001,2024-08-27,2850.877,2853.78,2843.158,2848.731,23069300600,,akshare.stock_zh_index_daily,week1_data_engineer_20260707_20260707T140842,2026-07-07T14:09:03
000001,2024-08-28,2844.327,2852.562,2830.962,2837.429,22873062300,,akshare.stock_zh_index_daily,week1_data_engineer_20260707_20260707T140842,2026-07-07T14:09:03
000001,2024-08-29,2829.451,2831.431,2815.383,2823.106,27751053400,,akshare.stock_zh_index_daily,week1_data_engineer_20260707_20260707T140842,2026-07-07T14:09:03
000001,2024-08-30,2819.65,2867.965,2817.014,2842.214,39751697500,,akshare.stock_zh_index_daily,week1_data_engineer_20260707_20260707T140842,2026-07-07T14:09:03
000001,2024-09-02,2832.35,2839.278,2810.374,2811.035,34071419300,,akshare.stock_zh_index_daily,week1_data_engineer_20260707_20260707T140842,2026-07-07T14:09:03
000001,2024-09-03,2809.173,2814.903,2794.911,2802.979,27573613900,,akshare.stock_zh_index_daily,week1_data_engineer_20260707_20260707T140842,2026-07-07T14:09:03
000001,2024-09-04,2786.505,2800.607,2781.935,2784.278,25745350000,,akshare.stock_zh_index_daily,week1_data_engineer_20260707_20260707T140842,2026-07-07T14:09:03
000001,2024-09-05,2785.264,2796.019,2777.471,2788.314,24204094800,,akshare.stock_zh_index_daily,week1_data_engineer_20260707_20260707T140842,2026-07-07T14:09:03
000001,2024-09-06,2791.765,2804.093,2765.639,2765.807,25364537500,,akshare.stock_zh_index_daily,week1_data_engineer_20260707_20260707T140842,2026-07-07T14:09:03
000001,2024-09-09,2754.724,2756.556,2726.967,2736.488,26146884700,,akshare.stock_zh_index_daily,week1_data_engineer_20260707_20260707T140842,2026-07-07T14:09:03
000001,2024-09-10,2737.881,2750.118,2718.627,2744.192,26215901500,,akshare.stock_zh_index_daily,week1_data_engineer_20260707_20260707T140842,2026-07-07T14:09:03
000001,2024-09-11,2732.731,2732.731,2710.621,2721.795,24226490000,,akshare.stock_zh_index_daily,week1_data_engineer_20260707_20260707T140842,2026-07-07T14:09:03
000001,2024-09-12,2722.138,2734.683,2716.555,2717.123,24008431500,,akshare.stock_zh_index_daily,week1_data_engineer_20260707_20260707T140842,2026-07-07T14:09:03
000001,2024-09-13,2718.986,2728.78,2703.369,2704.09,25127003800,,akshare.stock_zh_index_daily,week1_data_engineer_20260707_20260707T140842,2026-07-07T14:09:03
000001,2024-09-18,2705.345,2724.114,2689.695,2717.281,24781713200,,akshare.stock_zh_index_daily,week1_data_engineer_20260707_20260707T140842,2026-07-07T14:09:03
000001,2024-09-19,2723.205,2747.74,2697.776,2736.022,31520838900,,akshare.stock_zh_index_daily,week1_data_engineer_20260707_20260707T140842,2026-07-07T14:09:03
000001,2024-09-20,2734.228,2741.155,2717.945,2736.814,28564462700,,akshare.stock_zh_index_daily,week1_data_engineer_20260707_20260707T140842,2026-07-07T14:09:03
000001,2024-09-23,2735.39,2760.48,2731.357,2748.918,25764215400,,akshare.stock_zh_index_daily,week1_data_engineer_20260707_20260707T140842,2026-07-07T14:09:03
000001,2024-09-24,2770.754,2863.152,2761.372,2863.126,47761954500,,akshare.stock_zh_index_daily,week1_data_engineer_20260707_20260707T140842,2026-07-07T14:09:03
000001,2024-09-25,2901.419,2952.451,2889.048,2896.306,56825981600,,akshare.stock_zh_index_daily,week1_data_engineer_20260707_20260707T140842,2026-07-07T14:09:03
000001,2024-09-26,2893.745,3000.953,2889.014,3000.953,57631926100,,akshare.stock_zh_index_daily,week1_data_engineer_20260707_20260707T140842,2026-07-07T14:09:03
000001,2024-09-27,3049.103,3087.529,3017.445,3087.529,49228716300,,akshare.stock_zh_index_daily,week1_data_engineer_20260707_20260707T140842,2026-07-07T14:09:03
000001,2024-09-30,3194.722,3358.588,3153.697,3336.497,110233791700,,akshare.stock_zh_index_daily,week1_data_engineer_20260707_20260707T140842,2026-07-07T14:09:03
000001,2024-10-08,3674.405,3674.405,3372.187,3489.775,131346019500,,akshare.stock_zh_index_daily,week1_data_engineer_20260707_20260707T140842,2026-07-07T14:09:03
000001,2024-10-09,3427.22,3437.157,3249.159,3258.858,99275725600,,akshare.stock_zh_index_daily,week1_data_engineer_20260707_20260707T140842,2026-07-07T14:09:03
000001,2024-10-10,3277.692,3379.805,3228.125,3301.926,83450025700,,akshare.stock_zh_index_daily,week1_data_engineer_20260707_20260707T140842,2026-07-07T14:09:03
000001,2024-10-11,3287.873,3297.752,3187.988,3217.738,60602743300,,akshare.stock_zh_index_daily,week1_data_engineer_20260707_20260707T140842,2026-07-07T14:09:03
000001,2024-10-14,3241.428,3294.62,3203.901,3284.323,63146685900,,akshare.stock_zh_index_daily,week1_data_engineer_20260707_20260707T140842,2026-07-07T14:09:03
000001,2024-10-15,3265.746,3285.215,3201.292,3201.292,56605455800,,akshare.stock_zh_index_daily,week1_data_engineer_20260707_20260707T140842,2026-07-07T14:09:03
000001,2024-10-16,3169.169,3236.848,3167.736,3202.948,51581399700,,akshare.stock_zh_index_daily,week1_data_engineer_20260707_20260707T140842,2026-07-07T14:09:03
000001,2024-10-17,3220.733,3241.568,3169.384,3169.384,52861177200,,akshare.stock_zh_index_daily,week1_data_engineer_20260707_20260707T140842,2026-07-07T14:09:03
000001,2024-10-18,3165.975,3313.978,3152.821,3261.563,69301462300,,akshare.stock_zh_index_daily,week1_data_engineer_20260707_20260707T140842,2026-07-07T14:09:03
000001,2024-10-21,3276.06,3300.664,3239.097,3268.11,66815029900,,akshare.stock_zh_index_daily,week1_data_engineer_20260707_20260707T140842,2026-07-07T14:09:03
000001,2024-10-22,3263.822,3294.961,3255.138,3285.867,57491378100,,akshare.stock_zh_index_daily,week1_data_engineer_20260707_20260707T140842,2026-07-07T14:09:03
000001,2024-10-23,3285.247,3331.082,3277.066,3302.803,65044412800,,akshare.stock_zh_index_daily,week1_data_engineer_20260707_20260707T140842,2026-07-07T14:09:03
000001,2024-10-24,3287.824,3292.945,3266.882,3280.263,51982707400,,akshare.stock_zh_index_daily,week1_data_engineer_20260707_20260707T140842,2026-07-07T14:09:03
000001,2024-10-25,3280.762,3319.357,3276.13,3299.7,59565170700,,akshare.stock_zh_index_daily,week1_data_engineer_20260707_20260707T140842,2026-07-07T14:09:03
000001,2024-10-28,3300.463,3322.198,3279.715,3322.198,67237313100,,akshare.stock_zh_index_daily,week1_data_engineer_20260707_20260707T140842,2026-07-07T14:09:03
000001,2024-10-29,3328.089,3340.458,3284.211,3286.407,72532615400,,akshare.stock_zh_index_daily,week1_data_engineer_20260707_20260707T140842,2026-07-07T14:09:03
000001,2024-10-30,3273.642,3291.68,3244.806,3266.238,66901809000,,akshare.stock_zh_index_daily,week1_data_engineer_20260707_20260707T140842,2026-07-07T14:09:03
000001,2024-10-31,3267.975,3295.742,3252.39,3279.824,78464909400,,akshare.stock_zh_index_daily,week1_data_engineer_20260707_20260707T140842,2026-07-07T14:09:03
000001,2024-11-01,3275.577,3305.318,3258.735,3272.014,85205532000,,akshare.stock_zh_index_daily,week1_data_engineer_20260707_20260707T140842,2026-07-07T14:09:03
000001,2024-11-04,3275.679,3310.207,3263.842,3310.207,66507745400,,akshare.stock_zh_index_daily,week1_data_engineer_20260707_20260707T140842,2026-07-07T14:09:03
000001,2024-11-05,3306.81,3386.987,3302.047,3386.987,82112490200,,akshare.stock_zh_index_daily,week1_data_engineer_20260707_20260707T140842,2026-07-07T14:09:03
000001,2024-11-06,3395.222,3420.999,3367.081,3383.806,89585593000,,akshare.stock_zh_index_daily,week1_data_engineer_20260707_20260707T140842,2026-07-07T14:09:03
000001,2024-11-07,3359.985,3470.661,3356.258,3470.661,95955668000,,akshare.stock_zh_index_daily,week1_data_engineer_20260707_20260707T140842,2026-07-07T14:09:03
000001,2024-11-08,3502.133,3509.818,3443.193,3452.297,96403456200,,akshare.stock_zh_index_daily,week1_data_engineer_20260707_20260707T140842,2026-07-07T14:09:03
000001,2024-11-11,3432.367,3471.122,3416.727,3470.066,81802543600,,akshare.stock_zh_index_daily,week1_data_engineer_20260707_20260707T140842,2026-07-07T14:09:03
000001,2024-11-12,3469.891,3489.424,3402.042,3421.97,81792652400,,akshare.stock_zh_index_daily,week1_data_engineer_20260707_20260707T140842,2026-07-07T14:09:03
000001,2024-11-13,3406.916,3442.298,3404.525,3439.278,67366234800,,akshare.stock_zh_index_daily,week1_data_engineer_20260707_20260707T140842,2026-07-07T14:09:03
000001,2024-11-14,3429.505,3441.775,3376.153,3379.839,63155669000,,akshare.stock_zh_index_daily,week1_data_engineer_20260707_20260707T140842,2026-07-07T14:09:03
000001,2024-11-15,3369.809,3391.32,3330.726,3330.726,63028558300,,akshare.stock_zh_index_daily,week1_data_engineer_20260707_20260707T140842,2026-07-07T14:09:03
000001,2024-11-18,3344.69,3386.903,3309.008,3323.849,74395069200,,akshare.stock_zh_index_daily,week1_data_engineer_20260707_20260707T140842,2026-07-07T14:09:03
000001,2024-11-19,3324.883,3346.758,3284.133,3346.01,62502415100,,akshare.stock_zh_index_daily,week1_data_engineer_20260707_20260707T140842,2026-07-07T14:09:03
000001,2024-11-20,3337.678,3375.248,3333.002,3367.989,56615428900,,akshare.stock_zh_index_daily,week1_data_engineer_20260707_20260707T140842,2026-07-07T14:09:03
000001,2024-11-21,3362.944,3378.518,3348.855,3370.404,53033183000,,akshare.stock_zh_index_daily,week1_data_engineer_20260707_20260707T140842,2026-07-07T14:09:03
000001,2024-11-22,3368.043,3372.003,3267.192,3267.192,63068779000,,akshare.stock_zh_index_daily,week1_data_engineer_20260707_20260707T140842,2026-07-07T14:09:03
000001,2024-11-25,3274.884,3285.456,3232.918,3263.76,53889739000,,akshare.stock_zh_index_daily,week1_data_engineer_20260707_20260707T140842,2026-07-07T14:09:03
000001,2024-11-26,3256.858,3285.328,3252.866,3259.757,47221930400,,akshare.stock_zh_index_daily,week1_data_engineer_20260707_20260707T140842,2026-07-07T14:09:03
000001,2024-11-27,3250.591,3309.881,3227.355,3309.779,51120230300,,akshare.stock_zh_index_daily,week1_data_engineer_20260707_20260707T140842,2026-07-07T14:09:03
000001,2024-11-28,3308.28,3319.256,3290.364,3295.698,51195304700,,akshare.stock_zh_index_daily,week1_data_engineer_20260707_20260707T140842,2026-07-07T14:09:03
000001,2024-11-29,3295.21,3357.501,3293.69,3326.456,58022710200,,akshare.stock_zh_index_daily,week1_data_engineer_20260707_20260707T140842,2026-07-07T14:09:03
000001,2024-12-02,3328.482,3369.303,3323.009,3363.982,66847776200,,akshare.stock_zh_index_daily,week1_data_engineer_20260707_20260707T140842,2026-07-07T14:09:03
000001,2024-12-03,3366.285,3386.618,3348.374,3378.806,66303013900,,akshare.stock_zh_index_daily,week1_data_engineer_20260707_20260707T140842,2026-07-07T14:09:03
000001,2024-12-04,3376.572,3388.024,3352.943,3364.65,62102886200,,akshare.stock_zh_index_daily,week1_data_engineer_20260707_20260707T140842,2026-07-07T14:09:03
000001,2024-12-05,3353.057,3377.055,3353.057,3368.855,54388574600,,akshare.stock_zh_index_daily,week1_data_engineer_20260707_20260707T140842,2026-07-07T14:09:03
000001,2024-12-06,3370.941,3418.261,3364.206,3404.076,69818657200,,akshare.stock_zh_index_daily,week1_data_engineer_20260707_20260707T140842,2026-07-07T14:09:03
000001,2024-12-09,3402.629,3426.645,3385.959,3402.534,69490520500,,akshare.stock_zh_index_daily,week1_data_engineer_20260707_20260707T140842,2026-07-07T14:09:03
000001,2024-12-10,3490.289,3494.867,3417.765,3422.661,79466803400,,akshare.stock_zh_index_daily,week1_data_engineer_20260707_20260707T140842,2026-07-07T14:09:03
000001,2024-12-11,3416.087,3437.81,3416.087,3432.49,68154461000,,akshare.stock_zh_index_daily,week1_data_engineer_20260707_20260707T140842,2026-07-07T14:09:03
000001,2024-12-12,3432.279,3464.116,3425.976,3461.5,70009668900,,akshare.stock_zh_index_daily,week1_data_engineer_20260707_20260707T140842,2026-07-07T14:09:03
000001,2024-12-13,3442.926,3442.926,3390.754,3391.878,77746414400,,akshare.stock_zh_index_daily,week1_data_engineer_20260707_20260707T140842,2026-07-07T14:09:03
000001,2024-12-16,3390.083,3401.926,3376.536,3386.331,62557899600,,akshare.stock_zh_index_daily,week1_data_engineer_20260707_20260707T140842,2026-07-07T14:09:03
000001,2024-12-17,3381.814,3396.207,3357.769,3361.485,56894150500,,akshare.stock_zh_index_daily,week1_data_engineer_20260707_20260707T140842,2026-07-07T14:09:03
000001,2024-12-18,3371.296,3396.46,3371.296,3382.208,51252497900,,akshare.stock_zh_index_daily,week1_data_engineer_20260707_20260707T140842,2026-07-07T14:09:03
000001,2024-12-19,3355.904,3377.532,3346.469,3370.033,51390906300,,akshare.stock_zh_index_daily,week1_data_engineer_20260707_20260707T140842,2026-07-07T14:09:03
000001,2024-12-20,3364.481,3390.618,3362.819,3368.069,49096462100,,akshare.stock_zh_index_daily,week1_data_engineer_20260707_20260707T140842,2026-07-07T14:09:03
000001,2024-12-23,3367.904,3384.992,3348.277,3351.257,55674724800,,akshare.stock_zh_index_daily,week1_data_engineer_20260707_20260707T140842,2026-07-07T14:09:03
000001,2024-12-24,3353.535,3394.904,3352.947,3393.528,47199267300,,akshare.stock_zh_index_daily,week1_data_engineer_20260707_20260707T140842,2026-07-07T14:09:03
000001,2024-12-25,3395.107,3406.213,3374.011,3393.35,47131559200,,akshare.stock_zh_index_daily,week1_data_engineer_20260707_20260707T140842,2026-07-07T14:09:03
000001,2024-12-26,3389.338,3401.095,3380.255,3398.077,42217727100,,akshare.stock_zh_index_daily,week1_data_engineer_20260707_20260707T140842,2026-07-07T14:09:03
000001,2024-12-27,3397.294,3418.952,3388.322,3400.142,50048813000,,akshare.stock_zh_index_daily,week1_data_engineer_20260707_20260707T140842,2026-07-07T14:09:03
000001,2024-12-30,3395.396,3412.841,3394.965,3407.326,45526238300,,akshare.stock_zh_index_daily,week1_data_engineer_20260707_20260707T140842,2026-07-07T14:09:03
000001,2024-12-31,3406.965,3413.455,3351.763,3351.763,50273106200,,akshare.stock_zh_index_daily,week1_data_engineer_20260707_20260707T140842,2026-07-07T14:09:03
000001,2025-01-02,3347.939,3351.722,3242.087,3262.561,56137519900,,akshare.stock_zh_index_daily,week1_data_engineer_20260707_20260707T140842,2026-07-07T14:09:03
000001,2025-01-03,3267.077,3273.566,3205.776,3211.43,51759201400,,akshare.stock_zh_index_daily,week1_data_engineer_20260707_20260707T140842,2026-07-07T14:09:03
000001,2025-01-06,3209.783,3219.488,3185.463,3206.923,43097840300,,akshare.stock_zh_index_daily,week1_data_engineer_20260707_20260707T140842,2026-07-07T14:09:03
000001,2025-01-07,3203.307,3230.853,3190.461,3229.644,40966052900,,akshare.stock_zh_index_daily,week1_data_engineer_20260707_20260707T140842,2026-07-07T14:09:03
000001,2025-01-08,3218.858,3246.291,3175.725,3230.168,47286439000,,akshare.stock_zh_index_daily,week1_data_engineer_20260707_20260707T140842,2026-07-07T14:09:03
000001,2025-01-09,3220.721,3228.973,3205.91,3211.393,38294355700,,akshare.stock_zh_index_daily,week1_data_engineer_20260707_20260707T140842,2026-07-07T14:09:03
000001,2025-01-10,3211.707,3220.107,3168.524,3168.524,40366334800,,akshare.stock_zh_index_daily,week1_data_engineer_20260707_20260707T140842,2026-07-07T14:09:03
000001,2025-01-13,3148.826,3172.7,3140.978,3160.755,37274202300,,akshare.stock_zh_index_daily,week1_data_engineer_20260707_20260707T140842,2026-07-07T14:09:03
000001,2025-01-14,3165.161,3245.22,3159.432,3240.94,46921270400,,akshare.stock_zh_index_daily,week1_data_engineer_20260707_20260707T140842,2026-07-07T14:09:03
000001,2025-01-15,3234.715,3245.904,3222.236,3227.117,40472319900,,akshare.stock_zh_index_daily,week1_data_engineer_20260707_20260707T140842,2026-07-07T14:09:03
000001,2025-01-16,3239.026,3265.282,3217.097,3236.032,43065553900,,akshare.stock_zh_index_daily,week1_data_engineer_20260707_20260707T140842,2026-07-07T14:09:03
000001,2025-01-17,3226.762,3256.507,3219.773,3241.821,38359926000,,akshare.stock_zh_index_daily,week1_data_engineer_20260707_20260707T140842,2026-07-07T14:09:03
000001,2025-01-20,3256.149,3268.263,3238.121,3244.378,40333794800,,akshare.stock_zh_index_daily,week1_data_engineer_20260707_20260707T140842,2026-07-07T14:09:03
000001,2025-01-21,3256.833,3258.61,3229.069,3242.623,38458371800,,akshare.stock_zh_index_daily,week1_data_engineer_20260707_20260707T140842,2026-07-07T14:09:03
000001,2025-01-22,3235.493,3235.501,3203.38,3213.624,36481751800,,akshare.stock_zh_index_daily,week1_data_engineer_20260707_20260707T140842,2026-07-07T14:09:03
000001,2025-01-23,3237.599,3273.52,3229.572,3230.164,45824680300,,akshare.stock_zh_index_daily,week1_data_engineer_20260707_20260707T140842,2026-07-07T14:09:03
000001,2025-01-24,3222.877,3260.011,3221.712,3252.626,39865303300,,akshare.stock_zh_index_daily,week1_data_engineer_20260707_20260707T140842,2026-07-07T14:09:03
000001,2025-01-27,3256.614,3274.392,3250.601,3250.601,38746764200,,akshare.stock_zh_index_daily,week1_data_engineer_20260707_20260707T140842,2026-07-07T14:09:03
000001,2025-02-05,3270.16,3271.022,3220.279,3229.488,40638818100,,akshare.stock_zh_index_daily,week1_data_engineer_20260707_20260707T140842,2026-07-07T14:09:03
000001,2025-02-06,3226.575,3271.427,3225.846,3270.659,46084273000,,akshare.stock_zh_index_daily,week1_data_engineer_20260707_20260707T140842,2026-07-07T14:09:03
000001,2025-02-07,3269.227,3324.428,3262.509,3303.667,60055845100,,akshare.stock_zh_index_daily,week1_data_engineer_20260707_20260707T140842,2026-07-07T14:09:03
000001,2025-02-10,3308.04,3325.356,3299.243,3322.17,54658974900,,akshare.stock_zh_index_daily,week1_data_engineer_20260707_20260707T140842,2026-07-07T14:09:03
000001,2025-02-11,3323.669,3324.173,3304.444,3318.057,51194354100,,akshare.stock_zh_index_daily,week1_data_engineer_20260707_20260707T140842,2026-07-07T14:09:03
000001,2025-02-12,3312.257,3346.385,3310.39,3346.385,51343782800,,akshare.stock_zh_index_daily,week1_data_engineer_20260707_20260707T140842,2026-07-07T14:09:03
000001,2025-02-13,3343.235,3359.181,3332.483,3332.483,56863116100,,akshare.stock_zh_index_daily,week1_data_engineer_20260707_20260707T140842,2026-07-07T14:09:03
000001,2025-02-14,3328.483,3349.084,3322.529,3346.724,53233296500,,akshare.stock_zh_index_daily,week1_data_engineer_20260707_20260707T140842,2026-07-07T14:09:03
000001,2025-02-17,3355.417,3357.121,3333.195,3355.83,58954656900,,akshare.stock_zh_index_daily,week1_data_engineer_20260707_20260707T140842,2026-07-07T14:09:03
000001,2025-02-18,3348.983,3366.012,3314.301,3324.491,56267924000,,akshare.stock_zh_index_daily,week1_data_engineer_20260707_20260707T140842,2026-07-07T14:09:03
000001,2025-02-19,3320.78,3352.087,3320.581,3351.539,50291296500,,akshare.stock_zh_index_daily,week1_data_engineer_20260707_20260707T140842,2026-07-07T14:09:03
000001,2025-02-20,3347.589,3355.557,3338.034,3350.783,50435711400,,akshare.stock_zh_index_daily,week1_data_engineer_20260707_20260707T140842,2026-07-07T14:09:03
000001,2025-02-21,3356.695,3381.058,3339.026,3379.113,60819020600,,akshare.stock_zh_index_daily,week1_data_engineer_20260707_20260707T140842,2026-07-07T14:09:03
000001,2025-02-24,3374.081,3384.811,3355.869,3373.028,59818820300,,akshare.stock_zh_index_daily,week1_data_engineer_20260707_20260707T140842,2026-07-07T14:09:03
000001,2025-02-25,3345.653,3369.558,3337.845,3346.04,52757856200,,akshare.stock_zh_index_daily,week1_data_engineer_20260707_20260707T140842,2026-07-07T14:09:03
000001,2025-02-26,3351.209,3380.214,3351.209,3380.214,55399203100,,akshare.stock_zh_index_daily,week1_data_engineer_20260707_20260707T140842,2026-07-07T14:09:03
000001,2025-02-27,3378.449,3388.781,3353.571,3388.062,57581502000,,akshare.stock_zh_index_daily,week1_data_engineer_20260707_20260707T140842,2026-07-07T14:09:03
000001,2025-02-28,3374.664,3383.191,3318.716,3320.897,56831950400,,akshare.stock_zh_index_daily,week1_data_engineer_20260707_20260707T140842,2026-07-07T14:09:03
000001,2025-03-03,3328.396,3349.017,3304.593,3316.925,50241786200,,akshare.stock_zh_index_daily,week1_data_engineer_20260707_20260707T140842,2026-07-07T14:09:03
000001,2025-03-04,3300.498,3327.824,3297.53,3324.21,42999611100,,akshare.stock_zh_index_daily,week1_data_engineer_20260707_20260707T140842,2026-07-07T14:09:03
000001,2025-03-05,3324.696,3342.714,3314.148,3341.965,46095269600,,akshare.stock_zh_index_daily,week1_data_engineer_20260707_20260707T140842,2026-07-07T14:09:03
000001,2025-03-06,3353.57,3387.054,3348.684,3381.098,53999270900,,akshare.stock_zh_index_daily,week1_data_engineer_20260707_20260707T140842,2026-07-07T14:09:03
000001,2025-03-07,3373.181,3390.944,3363.929,3372.546,51766355100,,akshare.stock_zh_index_daily,week1_data_engineer_20260707_20260707T140842,2026-07-07T14:09:03
000001,2025-03-10,3373.259,3375.798,3347.186,3366.163,45038083200,,akshare.stock_zh_index_daily,week1_data_engineer_20260707_20260707T140842,2026-07-07T14:09:03
000001,2025-03-11,3335.439,3379.829,3334.831,3379.828,44846832300,,akshare.stock_zh_index_daily,week1_data_engineer_20260707_20260707T140842,2026-07-07T14:09:03
000001,2025-03-12,3385.685,3392.409,3370.22,3371.924,50219510000,,akshare.stock_zh_index_daily,week1_data_engineer_20260707_20260707T140842,2026-07-07T14:09:03
000001,2025-03-13,3371.095,3377.118,3341.118,3358.729,51901347900,,akshare.stock_zh_index_daily,week1_data_engineer_20260707_20260707T140842,2026-07-07T14:09:03
000001,2025-03-14,3361.686,3421.233,3360.606,3419.562,58266338800,,akshare.stock_zh_index_daily,week1_data_engineer_20260707_20260707T140842,2026-07-07T14:09:03
000001,2025-03-17,3430.809,3436.352,3422.462,3426.129,51568513800,,akshare.stock_zh_index_daily,week1_data_engineer_20260707_20260707T140842,2026-07-07T14:09:03
000001,2025-03-18,3434.565,3437.065,3423.301,3429.759,45491606300,,akshare.stock_zh_index_daily,week1_data_engineer_20260707_20260707T140842,2026-07-07T14:09:03
000001,2025-03-19,3424.173,3439.046,3414.593,3426.429,44031629900,,akshare.stock_zh_index_daily,week1_data_engineer_20260707_20260707T140842,2026-07-07T14:09:03
000001,2025-03-20,3425.216,3427.045,3404.662,3408.948,45163068200,,akshare.stock_zh_index_daily,week1_data_engineer_20260707_20260707T140842,2026-07-07T14:09:03
000001,2025-03-21,3401.759,3414.709,3355.84,3364.831,52086263000,,akshare.stock_zh_index_daily,week1_data_engineer_20260707_20260707T140842,2026-07-07T14:09:03
000001,2025-03-24,3364.834,3373.694,3340.238,3370.028,51331026000,,akshare.stock_zh_index_daily,week1_data_engineer_20260707_20260707T140842,2026-07-07T14:09:03
000001,2025-03-25,3370.001,3379.988,3361.046,3369.976,45635739300,,akshare.stock_zh_index_daily,week1_data_engineer_20260707_20260707T140842,2026-07-07T14:09:03
000001,2025-03-26,3365.666,3382.342,3365.666,3368.697,42853377000,,akshare.stock_zh_index_daily,week1_data_engineer_20260707_20260707T140842,2026-07-07T14:09:03
000001,2025-03-27,3362.712,3394.035,3351.174,3373.749,41477631400,,akshare.stock_zh_index_daily,week1_data_engineer_20260707_20260707T140842,2026-07-07T14:09:03
000001,2025-03-28,3372.039,3375.053,3346.081,3351.307,41228428900,,akshare.stock_zh_index_daily,week1_data_engineer_20260707_20260707T140842,2026-07-07T14:09:03
000001,2025-03-31,3343.344,3361.742,3317.738,3335.746,47257197800,,akshare.stock_zh_index_daily,week1_data_engineer_20260707_20260707T140842,2026-07-07T14:09:03
000001,2025-04-01,3340.712,3357.622,3338.779,3348.435,42258867000,,akshare.stock_zh_index_daily,week1_data_engineer_20260707_20260707T140842,2026-07-07T14:09:03
000001,2025-04-02,3344.171,3361.134,3343.116,3350.127,35012736400,,akshare.stock_zh_index_daily,week1_data_engineer_20260707_20260707T140842,2026-07-07T14:09:03
000001,2025-04-03,3319.606,3358.426,3319.606,3342.008,40051782700,,akshare.stock_zh_index_daily,week1_data_engineer_20260707_20260707T140842,2026-07-07T14:09:03
000001,2025-04-07,3193.102,3217.782,3040.693,3096.576,66219958400,,akshare.stock_zh_index_daily,week1_data_engineer_20260707_20260707T140842,2026-07-07T14:09:03
000001,2025-04-08,3094.262,3145.549,3085.123,3145.549,66224238700,,akshare.stock_zh_index_daily,week1_data_engineer_20260707_20260707T140842,2026-07-07T14:09:03
000001,2025-04-09,3110.01,3186.81,3070.078,3186.81,68479717400,,akshare.stock_zh_index_daily,week1_data_engineer_20260707_20260707T140842,2026-07-07T14:09:03
000001,2025-04-10,3227.836,3239.941,3201.571,3223.638,59120827300,,akshare.stock_zh_index_daily,week1_data_engineer_20260707_20260707T140842,2026-07-07T14:09:03
000001,2025-04-11,3219.505,3249.854,3211.35,3238.227,47553180400,,akshare.stock_zh_index_daily,week1_data_engineer_20260707_20260707T140842,2026-07-07T14:09:03
000001,2025-04-14,3251.978,3272.72,3244.733,3262.808,47137322000,,akshare.stock_zh_index_daily,week1_data_engineer_20260707_20260707T140842,2026-07-07T14:09:03
000001,2025-04-15,3260.685,3268.985,3246.337,3267.662,39666289500,,akshare.stock_zh_index_daily,week1_data_engineer_20260707_20260707T140842,2026-07-07T14:09:03
000001,2025-04-16,3267.665,3276.005,3233.791,3276.004,42953485400,,akshare.stock_zh_index_daily,week1_data_engineer_20260707_20260707T140842,2026-07-07T14:09:03
000001,2025-04-17,3261.718,3285.915,3258.145,3280.341,38201269800,,akshare.stock_zh_index_daily,week1_data_engineer_20260707_20260707T140842,2026-07-07T14:09:03
000001,2025-04-18,3270.353,3283.09,3262.392,3276.73,35883619300,,akshare.stock_zh_index_daily,week1_data_engineer_20260707_20260707T140842,2026-07-07T14:09:03
000001,2025-04-21,3273.138,3298.64,3270.013,3291.434,37930758800,,akshare.stock_zh_index_daily,week1_data_engineer_20260707_20260707T140842,2026-07-07T14:09:03
000001,2025-04-22,3289.166,3311.153,3288.332,3299.757,40316761500,,akshare.stock_zh_index_daily,week1_data_engineer_20260707_20260707T140842,2026-07-07T14:09:03
000001,2025-04-23,3308.151,3312.192,3293.063,3296.355,41163321200,,akshare.stock_zh_index_daily,week1_data_engineer_20260707_20260707T140842,2026-07-07T14:09:03
000001,2025-04-24,3295.149,3313.509,3286.236,3297.288,39284474900,,akshare.stock_zh_index_daily,week1_data_engineer_20260707_20260707T140842,2026-07-07T14:09:03
000001,2025-04-25,3300.392,3305.262,3288.755,3295.06,41104319200,,akshare.stock_zh_index_daily,week1_data_engineer_20260707_20260707T140842,2026-07-07T14:09:03
000001,2025-04-28,3292.056,3296.932,3279.877,3288.415,41066586300,,akshare.stock_zh_index_daily,week1_data_engineer_20260707_20260707T140842,2026-07-07T14:09:03
000001,2025-04-29,3281.445,3294.982,3277.627,3286.655,38896167200,,akshare.stock_zh_index_daily,week1_data_engineer_20260707_20260707T140842,2026-07-07T14:09:03
000001,2025-04-30,3284.081,3292.2,3277.55,3279.031,43579433500,,akshare.stock_zh_index_daily,week1_data_engineer_20260707_20260707T140842,2026-07-07T14:09:03
000001,2025-05-06,3295.25,3316.448,3286.989,3316.114,47436961700,,akshare.stock_zh_index_daily,week1_data_engineer_20260707_20260707T140842,2026-07-07T14:09:03
000001,2025-05-07,3354.974,3356.688,3324.809,3342.665,51115960600,,akshare.stock_zh_index_daily,week1_data_engineer_20260707_20260707T140842,2026-07-07T14:09:03
000001,2025-05-08,3331.205,3359.731,3327.902,3351.996,42837776600,,akshare.stock_zh_index_daily,week1_data_engineer_20260707_20260707T140842,2026-07-07T14:09:03
000001,2025-05-09,3350.405,3351.22,3335.127,3341.999,39890919100,,akshare.stock_zh_index_daily,week1_data_engineer_20260707_20260707T140842,2026-07-07T14:09:03
000001,2025-05-12,3352.97,3372.472,3344.269,3369.245,41823991000,,akshare.stock_zh_index_daily,week1_data_engineer_20260707_20260707T140842,2026-07-07T14:09:03
000001,2025-05-13,3386.234,3386.234,3370.252,3374.871,42624070000,,akshare.stock_zh_index_daily,week1_data_engineer_20260707_20260707T140842,2026-07-07T14:09:03
000001,2025-05-14,3374.235,3417.314,3368.078,3403.948,46493444100,,akshare.stock_zh_index_daily,week1_data_engineer_20260707_20260707T140842,2026-07-07T14:09:03
000001,2025-05-15,3398.427,3402.866,3378.021,3380.821,42410091600,,akshare.stock_zh_index_daily,week1_data_engineer_20260707_20260707T140842,2026-07-07T14:09:03
000001,2025-05-16,3374.706,3380.29,3356.661,3367.462,39540103000,,akshare.stock_zh_index_daily,week1_data_engineer_20260707_20260707T140842,2026-07-07T14:09:03
000001,2025-05-19,3365.882,3373.599,3356.648,3367.583,40307480500,,akshare.stock_zh_index_daily,week1_data_engineer_20260707_20260707T140842,2026-07-07T14:09:03
000001,2025-05-20,3371.689,3387.804,3369.963,3380.478,40554453400,,akshare.stock_zh_index_daily,week1_data_engineer_20260707_20260707T140842,2026-07-07T14:09:03
000001,2025-05-21,3380.209,3394.754,3380.209,3387.574,41249616500,,akshare.stock_zh_index_daily,week1_data_engineer_20260707_20260707T140842,2026-07-07T14:09:03
000001,2025-05-22,3381.865,3390.593,3376.233,3380.189,39421720600,,akshare.stock_zh_index_daily,week1_data_engineer_20260707_20260707T140842,2026-07-07T14:09:03
000001,2025-05-23,3376.869,3389.469,3348.372,3348.372,40022700400,,akshare.stock_zh_index_daily,week1_data_engineer_20260707_20260707T140842,2026-07-07T14:09:03
000001,2025-05-26,3346.561,3362.307,3336.355,3346.839,34756210100,,akshare.stock_zh_index_daily,week1_data_engineer_20260707_20260707T140842,2026-07-07T14:09:03
000001,2025-05-27,3346.503,3351.572,3332.49,3340.687,34407115700,,akshare.stock_zh_index_daily,week1_data_engineer_20260707_20260707T140842,2026-07-07T14:09:03
000001,2025-05-28,3341.852,3348.234,3336.727,3339.932,34155544300,,akshare.stock_zh_index_daily,week1_data_engineer_20260707_20260707T140842,2026-07-07T14:09:03
000001,2025-05-29,3340.401,3368.633,3337.415,3363.446,39323380600,,akshare.stock_zh_index_daily,week1_data_engineer_20260707_20260707T140842,2026-07-07T14:09:03
000001,2025-05-30,3358.809,3361.275,3341.648,3347.487,38560217000,,akshare.stock_zh_index_daily,week1_data_engineer_20260707_20260707T140842,2026-07-07T14:09:03
000001,2025-06-03,3340.067,3366.997,3340.067,3361.976,39806077200,,akshare.stock_zh_index_daily,week1_data_engineer_20260707_20260707T140842,2026-07-07T14:09:03
000001,2025-06-04,3363.391,3379.64,3363.391,3376.203,38649464300,,akshare.stock_zh_index_daily,week1_data_engineer_20260707_20260707T140842,2026-07-07T14:09:03
000001,2025-06-05,3378.217,3387.765,3371.146,3384.099,40625209300,,akshare.stock_zh_index_daily,week1_data_engineer_20260707_20260707T140842,2026-07-07T14:09:03
000001,2025-06-06,3384.295,3391.451,3379.764,3385.358,38012288600,,akshare.stock_zh_index_daily,week1_data_engineer_20260707_20260707T140842,2026-07-07T14:09:03
000001,2025-06-09,3388.778,3402.05,3383.074,3399.772,42734794700,,akshare.stock_zh_index_daily,week1_data_engineer_20260707_20260707T140842,2026-07-07T14:09:03
000001,2025-06-10,3402.013,3406.452,3365.667,3384.816,48161856800,,akshare.stock_zh_index_daily,week1_data_engineer_20260707_20260707T140842,2026-07-07T14:09:03
000001,2025-06-11,3385.457,3413.513,3385.457,3402.316,42409031300,,akshare.stock_zh_index_daily,week1_data_engineer_20260707_20260707T140842,2026-07-07T14:09:03
000001,2025-06-12,3397.972,3408.205,3388.866,3402.658,40949061000,,akshare.stock_zh_index_daily,week1_data_engineer_20260707_20260707T140842,2026-07-07T14:09:03
000001,2025-06-13,3397.484,3401.553,3370.592,3376.996,51006522100,,akshare.stock_zh_index_daily,week1_data_engineer_20260707_20260707T140842,2026-07-07T14:09:03
000001,2025-06-16,3369.366,3389.756,3368.876,3388.729,40538327800,,akshare.stock_zh_index_daily,week1_data_engineer_20260707_20260707T140842,2026-07-07T14:09:03
000001,2025-06-17,3388.18,3393.313,3376.42,3387.405,39001244700,,akshare.stock_zh_index_daily,week1_data_engineer_20260707_20260707T140842,2026-07-07T14:09:03
000001,2025-06-18,3386.136,3391.709,3369.986,3388.809,37868489100,,akshare.stock_zh_index_daily,week1_data_engineer_20260707_20260707T140842,2026-07-07T14:09:03
000001,2025-06-19,3384.293,3386.919,3353.936,3362.108,41532765500,,akshare.stock_zh_index_daily,week1_data_engineer_20260707_20260707T140842,2026-07-07T14:09:03
000001,2025-06-20,3358.913,3370.798,3357.706,3359.895,35022366200,,akshare.stock_zh_index_daily,week1_data_engineer_20260707_20260707T140842,2026-07-07T14:09:03
000001,2025-06-23,3349.46,3389.452,3347.651,3381.582,38456139700,,akshare.stock_zh_index_daily,week1_data_engineer_20260707_20260707T140842,2026-07-07T14:09:03
000001,2025-06-24,3380.08,3423.784,3380.08,3420.566,46096380000,,akshare.stock_zh_index_daily,week1_data_engineer_20260707_20260707T140842,2026-07-07T14:09:03
000001,2025-06-25,3419.091,3459.009,3417.411,3455.974,50938406400,,akshare.stock_zh_index_daily,week1_data_engineer_20260707_20260707T140842,2026-07-07T14:09:03
000001,2025-06-26,3451.719,3462.752,3446.186,3448.453,49654107700,,akshare.stock_zh_index_daily,week1_data_engineer_20260707_20260707T140842,2026-07-07T14:09:03
000001,2025-06-27,3450.686,3462.627,3421.04,3424.227,52312943200,,akshare.stock_zh_index_daily,week1_data_engineer_20260707_20260707T140842,2026-07-07T14:09:03
000001,2025-06-30,3423.474,3447.46,3420.112,3444.426,45734804900,,akshare.stock_zh_index_daily,week1_data_engineer_20260707_20260707T140842,2026-07-07T14:09:03
000001,2025-07-01,3445.846,3459.587,3441.038,3457.747,44435673900,,akshare.stock_zh_index_daily,week1_data_engineer_20260707_20260707T140842,2026-07-07T14:09:03
000001,2025-07-02,3458.171,3461.328,3447.956,3454.792,49811677600,,akshare.stock_zh_index_daily,week1_data_engineer_20260707_20260707T140842,2026-07-07T14:09:03
000001,2025-07-03,3456.152,3463.62,3446.974,3461.151,43854346500,,akshare.stock_zh_index_daily,week1_data_engineer_20260707_20260707T140842,2026-07-07T14:09:03
000001,2025-07-04,3459.592,3497.225,3455.494,3472.319,50019521000,,akshare.stock_zh_index_daily,week1_data_engineer_20260707_20260707T140842,2026-07-07T14:09:03
000001,2025-07-07,3467.985,3474.801,3462.792,3473.127,43663134000,,akshare.stock_zh_index_daily,week1_data_engineer_20260707_20260707T140842,2026-07-07T14:09:03
000001,2025-07-08,3474.632,3499.886,3474.632,3497.475,49348477300,,akshare.stock_zh_index_daily,week1_data_engineer_20260707_20260707T140842,2026-07-07T14:09:03
000001,2025-07-09,3498.724,3512.669,3491.201,3493.05,52392008800,,akshare.stock_zh_index_daily,week1_data_engineer_20260707_20260707T140842,2026-07-07T14:09:03
000001,2025-07-10,3491.497,3526.59,3491.497,3509.682,56415980500,,akshare.stock_zh_index_daily,week1_data_engineer_20260707_20260707T140842,2026-07-07T14:09:03
000001,2025-07-11,3511.366,3555.218,3506.799,3510.177,66418524900,,akshare.stock_zh_index_daily,week1_data_engineer_20260707_20260707T140842,2026-07-07T14:09:03
000001,2025-07-14,3513.252,3532.118,3513.252,3519.65,57208470500,,akshare.stock_zh_index_daily,week1_data_engineer_20260707_20260707T140842,2026-07-07T14:09:03
000001,2025-07-15,3519.805,3527.038,3483.38,3504.999,57207472600,,akshare.stock_zh_index_daily,week1_data_engineer_20260707_20260707T140842,2026-07-07T14:09:03
000001,2025-07-16,3502.899,3511.806,3489.137,3503.777,47087857800,,akshare.stock_zh_index_daily,week1_data_engineer_20260707_20260707T140842,2026-07-07T14:09:03
000001,2025-07-17,3500.372,3517.285,3499.186,3516.826,47221105600,,akshare.stock_zh_index_daily,week1_data_engineer_20260707_20260707T140842,2026-07-07T14:09:03
000001,2025-07-18,3519.475,3536.014,3518.231,3534.483,49348408800,,akshare.stock_zh_index_daily,week1_data_engineer_20260707_20260707T140842,2026-07-07T14:09:03
000001,2025-07-21,3542.816,3560.629,3542.568,3559.791,63364973600,,akshare.stock_zh_index_daily,week1_data_engineer_20260707_20260707T140842,2026-07-07T14:09:03
000001,2025-07-22,3561.632,3584.719,3547.252,3581.861,71615523000,,akshare.stock_zh_index_daily,week1_data_engineer_20260707_20260707T140842,2026-07-07T14:09:03
000001,2025-07-23,3588.878,3613.022,3577.594,3582.298,76767238800,,akshare.stock_zh_index_daily,week1_data_engineer_20260707_20260707T140842,2026-07-07T14:09:03
000001,2025-07-24,3578.912,3608.728,3577.113,3605.727,77326583500,,akshare.stock_zh_index_daily,week1_data_engineer_20260707_20260707T140842,2026-07-07T14:09:03
000001,2025-07-25,3604.451,3610.029,3586.22,3593.655,69718954900,,akshare.stock_zh_index_daily,week1_data_engineer_20260707_20260707T140842,2026-07-07T14:09:03
000001,2025-07-28,3594.231,3606.274,3582.149,3597.937,59418787700,,akshare.stock_zh_index_daily,week1_data_engineer_20260707_20260707T140842,2026-07-07T14:09:03
000001,2025-07-29,3595.81,3611.353,3585.944,3609.711,61064205800,,akshare.stock_zh_index_daily,week1_data_engineer_20260707_20260707T140842,2026-07-07T14:09:03
000001,2025-07-30,3608.354,3636.166,3593.734,3615.717,63722191600,,akshare.stock_zh_index_daily,week1_data_engineer_20260707_20260707T140842,2026-07-07T14:09:03
000001,2025-07-31,3604.696,3606.374,3562.607,3573.208,65450934900,,akshare.stock_zh_index_daily,week1_data_engineer_20260707_20260707T140842,2026-07-07T14:09:03
000001,2025-08-01,3568.261,3581.746,3550.043,3559.952,50956308000,,akshare.stock_zh_index_daily,week1_data_engineer_20260707_20260707T140842,2026-07-07T14:09:03
000001,2025-08-04,3547.163,3583.309,3547.163,3583.309,45857361800,,akshare.stock_zh_index_daily,week1_data_engineer_20260707_20260707T140842,2026-07-07T14:09:03
000001,2025-08-05,3588.808,3617.598,3586.969,3617.598,49979778000,,akshare.stock_zh_index_daily,week1_data_engineer_20260707_20260707T140842,2026-07-07T14:09:03
000001,2025-08-06,3615.808,3634.314,3613.989,3633.995,51246727300,,akshare.stock_zh_index_daily,week1_data_engineer_20260707_20260707T140842,2026-07-07T14:09:03
000001,2025-08-07,3637.781,3645.117,3622.522,3639.667,53550120200,,akshare.stock_zh_index_daily,week1_data_engineer_20260707_20260707T140842,2026-07-07T14:09:03
000001,2025-08-08,3634.855,3645.367,3625.451,3635.128,52640757200,,akshare.stock_zh_index_daily,week1_data_engineer_20260707_20260707T140842,2026-07-07T14:09:03
000001,2025-08-11,3637.053,3656.852,3629.627,3647.547,55139334800,,akshare.stock_zh_index_daily,week1_data_engineer_20260707_20260707T140842,2026-07-07T14:09:03
000001,2025-08-12,3647.963,3669.038,3647.963,3665.918,53662373900,,akshare.stock_zh_index_daily,week1_data_engineer_20260707_20260707T140842,2026-07-07T14:09:03
000001,2025-08-13,3668.658,3688.628,3666.547,3683.465,61352888400,,akshare.stock_zh_index_daily,week1_data_engineer_20260707_20260707T140842,2026-07-07T14:09:03
000001,2025-08-14,3685.522,3704.772,3662.57,3666.443,64782958700,,akshare.stock_zh_index_daily,week1_data_engineer_20260707_20260707T140842,2026-07-07T14:09:03
000001,2025-08-15,3659.815,3702.255,3658.376,3696.771,67852170300,,akshare.stock_zh_index_daily,week1_data_engineer_20260707_20260707T140842,2026-07-07T14:09:03
000001,2025-08-18,3712.495,3745.939,3702.38,3728.027,77601666900,,akshare.stock_zh_index_daily,week1_data_engineer_20260707_20260707T140842,2026-07-07T14:09:03
000001,2025-08-19,3728.485,3746.669,3718.147,3727.288,69609975000,,akshare.stock_zh_index_daily,week1_data_engineer_20260707_20260707T140842,2026-07-07T14:09:03
000001,2025-08-20,3716.685,3767.43,3704.991,3766.21,67983642600,,akshare.stock_zh_index_daily,week1_data_engineer_20260707_20260707T140842,2026-07-07T14:09:03
000001,2025-08-21,3770.676,3787.981,3757.992,3771.099,69155295900,,akshare.stock_zh_index_daily,week1_data_engineer_20260707_20260707T140842,2026-07-07T14:09:03
000001,2025-08-22,3772.277,3825.759,3772.277,3825.759,69813627700,,akshare.stock_zh_index_daily,week1_data_engineer_20260707_20260707T140842,2026-07-07T14:09:03
000001,2025-08-25,3848.163,3883.562,3839.972,3883.562,88547480200,,akshare.stock_zh_index_daily,week1_data_engineer_20260707_20260707T140842,2026-07-07T14:09:03
000001,2025-08-26,3871.471,3888.599,3859.758,3868.382,73456530500,,akshare.stock_zh_index_daily,week1_data_engineer_20260707_20260707T140842,2026-07-07T14:09:03
000001,2025-08-27,3869.612,3887.198,3800.35,3800.35,85863349900,,akshare.stock_zh_index_daily,week1_data_engineer_20260707_20260707T140842,2026-07-07T14:09:03
000001,2025-08-28,3796.711,3845.087,3761.422,3843.597,78835194700,,akshare.stock_zh_index_daily,week1_data_engineer_20260707_20260707T140842,2026-07-07T14:09:03
000001,2025-08-29,3842.823,3867.606,3839.206,3857.927,73946236600,,akshare.stock_zh_index_daily,week1_data_engineer_20260707_20260707T140842,2026-07-07T14:09:03
000001,2025-09-01,3869.746,3879.045,3853.658,3875.53,74770953600,,akshare.stock_zh_index_daily,week1_data_engineer_20260707_20260707T140842,2026-07-07T14:09:03
000001,2025-09-02,3877.086,3885.315,3828.678,3858.133,76261883300,,akshare.stock_zh_index_daily,week1_data_engineer_20260707_20260707T140842,2026-07-07T14:09:03
000001,2025-09-03,3865.286,3868.388,3794.884,3813.557,64566851000,,akshare.stock_zh_index_daily,week1_data_engineer_20260707_20260707T140842,2026-07-07T14:09:03
000001,2025-09-04,3807.757,3808.396,3732.84,3765.876,71022793300,,akshare.stock_zh_index_daily,week1_data_engineer_20260707_20260707T140842,2026-07-07T14:09:03
000001,2025-09-05,3761.88,3817.159,3745.309,3812.514,62622338000,,akshare.stock_zh_index_daily,week1_data_engineer_20260707_20260707T140842,2026-07-07T14:09:03
000001,2025-09-08,3811.669,3833.143,3803.603,3826.841,66006689800,,akshare.stock_zh_index_daily,week1_data_engineer_20260707_20260707T140842,2026-07-07T14:09:03
000001,2025-09-09,3816.657,3834.671,3791.724,3807.292,60023938000,,akshare.stock_zh_index_daily,week1_data_engineer_20260707_20260707T140842,2026-07-07T14:09:03
000001,2025-09-10,3806.584,3826.996,3794.057,3812.221,53453982500,,akshare.stock_zh_index_daily,week1_data_engineer_20260707_20260707T140842,2026-07-07T14:09:03
000001,2025-09-11,3806.056,3875.309,3796.435,3875.309,61701293000,,akshare.stock_zh_index_daily,week1_data_engineer_20260707_20260707T140842,2026-07-07T14:09:03
000001,2025-09-12,3875.507,3892.738,3866.539,3870.598,70064178400,,akshare.stock_zh_index_daily,week1_data_engineer_20260707_20260707T140842,2026-07-07T14:09:03
000001,2025-09-15,3876.097,3879.737,3855.973,3860.504,64479394400,,akshare.stock_zh_index_daily,week1_data_engineer_20260707_20260707T140842,2026-07-07T14:09:03
000001,2025-09-16,3865.98,3876.69,3838.648,3861.865,67343972300,,akshare.stock_zh_index_daily,week1_data_engineer_20260707_20260707T140842,2026-07-07T14:09:03
000001,2025-09-17,3854.073,3882.669,3848.946,3876.341,66343471300,,akshare.stock_zh_index_daily,week1_data_engineer_20260707_20260707T140842,2026-07-07T14:09:03
000001,2025-09-18,3876.059,3899.959,3800.995,3831.656,87602738900,,akshare.stock_zh_index_daily,week1_data_engineer_20260707_20260707T140842,2026-07-07T14:09:03
000001,2025-09-19,3830.444,3843.17,3811.903,3820.089,68229261300,,akshare.stock_zh_index_daily,week1_data_engineer_20260707_20260707T140842,2026-07-07T14:09:03
000001,2025-09-22,3822.01,3831.74,3806.202,3828.576,56832568600,,akshare.stock_zh_index_daily,week1_data_engineer_20260707_20260707T140842,2026-07-07T14:09:03
000001,2025-09-23,3830.138,3838.606,3774.528,3821.833,70190286800,,akshare.stock_zh_index_daily,week1_data_engineer_20260707_20260707T140842,2026-07-07T14:09:03
000001,2025-09-24,3804.483,3854.923,3804.328,3853.642,60205667000,,akshare.stock_zh_index_daily,week1_data_engineer_20260707_20260707T140842,2026-07-07T14:09:03
000001,2025-09-25,3852.431,3866.106,3840.459,3853.302,58995053100,,akshare.stock_zh_index_daily,week1_data_engineer_20260707_20260707T140842,2026-07-07T14:09:03
000001,2025-09-26,3839.855,3856.606,3828.106,3828.106,55127533500,,akshare.stock_zh_index_daily,week1_data_engineer_20260707_20260707T140842,2026-07-07T14:09:03
000001,2025-09-29,3828.166,3881.002,3809.535,3862.532,60846639900,,akshare.stock_zh_index_daily,week1_data_engineer_20260707_20260707T140842,2026-07-07T14:09:03
000001,2025-09-30,3869.705,3887.57,3866.281,3882.777,56973463100,,akshare.stock_zh_index_daily,week1_data_engineer_20260707_20260707T140842,2026-07-07T14:09:03
000001,2025-10-09,3898.307,3936.576,3885.744,3933.972,72521850100,,akshare.stock_zh_index_daily,week1_data_engineer_20260707_20260707T140842,2026-07-07T14:09:03
000001,2025-10-10,3915.475,3933.005,3886.305,3897.028,71891767300,,akshare.stock_zh_index_daily,week1_data_engineer_20260707_20260707T140842,2026-07-07T14:09:03
000001,2025-10-13,3800.106,3895.83,3800.106,3889.502,70950610100,,akshare.stock_zh_index_daily,week1_data_engineer_20260707_20260707T140842,2026-07-07T14:09:03
000001,2025-10-14,3910.783,3918.436,3851.121,3865.229,80083963100,,akshare.stock_zh_index_daily,week1_data_engineer_20260707_20260707T140842,2026-07-07T14:09:03
000001,2025-10-15,3867.536,3912.291,3857.667,3912.21,64501295500,,akshare.stock_zh_index_daily,week1_data_engineer_20260707_20260707T140842,2026-07-07T14:09:03
000001,2025-10-16,3900.683,3931.05,3899.167,3916.228,59545149100,,akshare.stock_zh_index_daily,week1_data_engineer_20260707_20260707T140842,2026-07-07T14:09:03
000001,2025-10-17,3912.04,3921.065,3835.365,3839.755,61756301800,,akshare.stock_zh_index_daily,week1_data_engineer_20260707_20260707T140842,2026-07-07T14:09:03
000001,2025-10-20,3865.552,3877.722,3850.367,3863.893,54926171200,,akshare.stock_zh_index_daily,week1_data_engineer_20260707_20260707T140842,2026-07-07T14:09:03
000001,2025-10-21,3870.749,3919.318,3868.145,3916.332,59941571300,,akshare.stock_zh_index_daily,week1_data_engineer_20260707_20260707T140842,2026-07-07T14:09:03
000001,2025-10-22,3896.074,3918.592,3893.325,3913.758,54311734400,,akshare.stock_zh_index_daily,week1_data_engineer_20260707_20260707T140842,2026-07-07T14:09:03
000001,2025-10-23,3904.159,3926.217,3877.529,3922.41,56518926400,,akshare.stock_zh_index_daily,week1_data_engineer_20260707_20260707T140842,2026-07-07T14:09:03
000001,2025-10-24,3929.115,3950.312,3928.96,3950.312,56785844300,,akshare.stock_zh_index_daily,week1_data_engineer_20260707_20260707T140842,2026-07-07T14:09:03
000001,2025-10-27,3969.22,3999.067,3963.102,3996.945,63758954500,,akshare.stock_zh_index_daily,week1_data_engineer_20260707_20260707T140842,2026-07-07T14:09:03
000001,2025-10-28,3986.891,4010.728,3976.833,3988.224,57735768400,,akshare.stock_zh_index_daily,week1_data_engineer_20260707_20260707T140842,2026-07-07T14:09:03
000001,2025-10-29,3990.266,4016.331,3986.941,4016.331,61291746600,,akshare.stock_zh_index_daily,week1_data_engineer_20260707_20260707T140842,2026-07-07T14:09:03
000001,2025-10-30,4007.821,4025.705,3984.828,3986.901,66848560900,,akshare.stock_zh_index_daily,week1_data_engineer_20260707_20260707T140842,2026-07-07T14:09:03
000001,2025-10-31,3985.064,3986.743,3951.731,3954.79,67561540600,,akshare.stock_zh_index_daily,week1_data_engineer_20260707_20260707T140842,2026-07-07T14:09:03
000001,2025-11-03,3954.078,3977.305,3937.022,3976.521,64124594500,,akshare.stock_zh_index_daily,week1_data_engineer_20260707_20260707T140842,2026-07-07T14:09:03
000001,2025-11-04,3973.458,3985.882,3938.52,3960.186,61549379200,,akshare.stock_zh_index_daily,week1_data_engineer_20260707_20260707T140842,2026-07-07T14:09:03
000001,2025-11-05,3922.584,3979.754,3922.584,3969.248,61499161800,,akshare.stock_zh_index_daily,week1_data_engineer_20260707_20260707T140842,2026-07-07T14:09:03
000001,2025-11-06,3973.349,4008.799,3973.349,4007.76,62736754700,,akshare.stock_zh_index_daily,week1_data_engineer_20260707_20260707T140842,2026-07-07T14:09:03
000001,2025-11-07,3994.317,4012.005,3993.691,3997.556,59650703400,,akshare.stock_zh_index_daily,week1_data_engineer_20260707_20260707T140842,2026-07-07T14:09:03
000001,2025-11-10,4001.794,4018.696,3990.836,4018.597,63404999300,,akshare.stock_zh_index_daily,week1_data_engineer_20260707_20260707T140842,2026-07-07T14:09:03
000001,2025-11-11,4023.877,4024.939,3991.516,4002.758,58199492100,,akshare.stock_zh_index_daily,week1_data_engineer_20260707_20260707T140842,2026-07-07T14:09:03
000001,2025-11-12,3996.565,4020.378,3980.676,4000.14,58619322800,,akshare.stock_zh_index_daily,week1_data_engineer_20260707_20260707T140842,2026-07-07T14:09:03
000001,2025-11-13,3996.514,4030.398,3994.771,4029.501,61303106100,,akshare.stock_zh_index_daily,week1_data_engineer_20260707_20260707T140842,2026-07-07T14:09:03
000001,2025-11-14,4007.126,4034.079,3990.307,3990.492,62201711800,,akshare.stock_zh_index_daily,week1_data_engineer_20260707_20260707T140842,2026-07-07T14:09:03
000001,2025-11-17,3988.556,3992.404,3958.948,3972.035,59201795000,,akshare.stock_zh_index_daily,week1_data_engineer_20260707_20260707T140842,2026-07-07T14:09:03
000001,2025-11-18,3962.444,3966.885,3926.589,3939.813,59441104600,,akshare.stock_zh_index_daily,week1_data_engineer_20260707_20260707T140842,2026-07-07T14:09:03
000001,2025-11-19,3937.92,3960.052,3930.075,3946.742,53114960100,,akshare.stock_zh_index_daily,week1_data_engineer_20260707_20260707T140842,2026-07-07T14:09:03
000001,2025-11-20,3960.699,3967.971,3927.512,3931.051,53474954000,,akshare.stock_zh_index_daily,week1_data_engineer_20260707_20260707T140842,2026-07-07T14:09:03
000001,2025-11-21,3896.665,3912.006,3834.749,3834.891,63164625100,,akshare.stock_zh_index_daily,week1_data_engineer_20260707_20260707T140842,2026-07-07T14:09:03
000001,2025-11-24,3848.657,3854.331,3816.576,3836.766,50460171600,,akshare.stock_zh_index_daily,week1_data_engineer_20260707_20260707T140842,2026-07-07T14:09:03
000001,2025-11-25,3850.571,3882.03,3845.138,3870.023,47872761100,,akshare.stock_zh_index_daily,week1_data_engineer_20260707_20260707T140842,2026-07-07T14:09:03
000001,2025-11-26,3867.429,3879.923,3861.177,3864.184,45758975500,,akshare.stock_zh_index_daily,week1_data_engineer_20260707_20260707T140842,2026-07-07T14:09:03
000001,2025-11-27,3867.197,3895.589,3864.131,3875.259,44402194700,,akshare.stock_zh_index_daily,week1_data_engineer_20260707_20260707T140842,2026-07-07T14:09:03
000001,2025-11-28,3870.944,3888.889,3856.25,3888.596,44993197300,,akshare.stock_zh_index_daily,week1_data_engineer_20260707_20260707T140842,2026-07-07T14:09:03
000001,2025-12-01,3894.213,3914.464,3890.949,3914.006,53755413300,,akshare.stock_zh_index_daily,week1_data_engineer_20260707_20260707T140842,2026-07-07T14:09:03
000001,2025-12-02,3908.456,3908.769,3888.328,3897.712,45558449400,,akshare.stock_zh_index_daily,week1_data_engineer_20260707_20260707T140842,2026-07-07T14:09:03
000001,2025-12-03,3894.156,3901.696,3869.953,3878.0,48561727000,,akshare.stock_zh_index_daily,week1_data_engineer_20260707_20260707T140842,2026-07-07T14:09:03
000001,2025-12-04,3879.742,3888.86,3859.049,3875.793,44504029000,,akshare.stock_zh_index_daily,week1_data_engineer_20260707_20260707T140842,2026-07-07T14:09:03
000001,2025-12-05,3873.121,3907.782,3863.314,3902.808,50036876800,,akshare.stock_zh_index_daily,week1_data_engineer_20260707_20260707T140842,2026-07-07T14:09:03
000001,2025-12-08,3909.226,3936.311,3904.738,3924.078,54734978900,,akshare.stock_zh_index_daily,week1_data_engineer_20260707_20260707T140842,2026-07-07T14:09:03
000001,2025-12-09,3916.509,3923.899,3902.128,3909.522,52453825600,,akshare.stock_zh_index_daily,week1_data_engineer_20260707_20260707T140842,2026-07-07T14:09:03
000001,2025-12-10,3901.128,3906.116,3876.475,3900.496,49733150400,,akshare.stock_zh_index_daily,week1_data_engineer_20260707_20260707T140842,2026-07-07T14:09:03
000001,2025-12-11,3903.895,3904.963,3862.821,3873.318,52565860000,,akshare.stock_zh_index_daily,week1_data_engineer_20260707_20260707T140842,2026-07-07T14:09:03
000001,2025-12-12,3869.413,3891.807,3850.597,3889.346,57394713000,,akshare.stock_zh_index_daily,week1_data_engineer_20260707_20260707T140842,2026-07-07T14:09:03
000001,2025-12-15,3865.402,3896.977,3863.63,3867.921,50092279000,,akshare.stock_zh_index_daily,week1_data_engineer_20260707_20260707T140842,2026-07-07T14:09:03
000001,2025-12-16,3861.515,3862.427,3815.844,3824.812,51249482700,,akshare.stock_zh_index_daily,week1_data_engineer_20260707_20260707T140842,2026-07-07T14:09:03
000001,2025-12-17,3822.509,3881.752,3817.996,3870.278,51231369200,,akshare.stock_zh_index_daily,week1_data_engineer_20260707_20260707T140842,2026-07-07T14:09:03
000001,2025-12-18,3857.257,3888.285,3856.423,3876.371,46117262500,,akshare.stock_zh_index_daily,week1_data_engineer_20260707_20260707T140842,2026-07-07T14:09:03
000001,2025-12-19,3878.227,3902.671,3871.777,3890.448,51351189300,,akshare.stock_zh_index_daily,week1_data_engineer_20260707_20260707T140842,2026-07-07T14:09:03
000001,2025-12-22,3900.535,3920.012,3900.515,3917.364,52293899200,,akshare.stock_zh_index_daily,week1_data_engineer_20260707_20260707T140842,2026-07-07T14:09:03
000001,2025-12-23,3919.106,3937.127,3910.745,3919.979,52115695200,,akshare.stock_zh_index_daily,week1_data_engineer_20260707_20260707T140842,2026-07-07T14:09:03
000001,2025-12-24,3920.347,3947.041,3912.311,3940.947,47489644700,,akshare.stock_zh_index_daily,week1_data_engineer_20260707_20260707T140842,2026-07-07T14:09:03
000001,2025-12-25,3937.72,3964.073,3936.078,3959.621,46931309300,,akshare.stock_zh_index_daily,week1_data_engineer_20260707_20260707T140842,2026-07-07T14:09:03
000001,2025-12-26,3957.833,3977.706,3945.524,3963.679,55548959200,,akshare.stock_zh_index_daily,week1_data_engineer_20260707_20260707T140842,2026-07-07T14:09:03
000001,2025-12-29,3964.651,3983.979,3956.946,3965.28,56368719700,,akshare.stock_zh_index_daily,week1_data_engineer_20260707_20260707T140842,2026-07-07T14:09:03
000001,2025-12-30,3947.871,3979.99,3947.419,3965.116,52593258800,,akshare.stock_zh_index_daily,week1_data_engineer_20260707_20260707T140842,2026-07-07T14:09:03
000001,2025-12-31,3968.726,3977.536,3955.487,3968.84,49075149000,,akshare.stock_zh_index_daily,week1_data_engineer_20260707_20260707T140842,2026-07-07T14:09:03
000001,2026-01-05,3986.972,4025.263,3983.576,4023.417,59695045500,,akshare.stock_zh_index_daily,week1_data_engineer_20260707_20260707T140842,2026-07-07T14:09:03
000001,2026-01-06,4026.016,4083.667,4025.088,4083.667,70247227000,,akshare.stock_zh_index_daily,week1_data_engineer_20260707_20260707T140842,2026-07-07T14:09:03
000001,2026-01-07,4083.843,4098.777,4069.436,4085.772,68338435200,,akshare.stock_zh_index_daily,week1_data_engineer_20260707_20260707T140842,2026-07-07T14:09:03
000001,2026-01-08,4077.715,4093.872,4067.122,4082.979,66613133700,,akshare.stock_zh_index_daily,week1_data_engineer_20260707_20260707T140842,2026-07-07T14:09:03
000001,2026-01-09,4086.762,4121.723,4083.616,4120.426,72983798500,,akshare.stock_zh_index_daily,week1_data_engineer_20260707_20260707T140842,2026-07-07T14:09:03
000001,2026-01-12,4134.893,4168.357,4119.879,4165.287,83945608900,,akshare.stock_zh_index_daily,week1_data_engineer_20260707_20260707T140842,2026-07-07T14:09:03
000001,2026-01-13,4169.704,4179.702,4126.234,4138.759,86838271700,,akshare.stock_zh_index_daily,week1_data_engineer_20260707_20260707T140842,2026-07-07T14:09:03
000001,2026-01-14,4138.645,4190.866,4103.621,4126.093,95255128900,,akshare.stock_zh_index_daily,week1_data_engineer_20260707_20260707T140842,2026-07-07T14:09:03
000001,2026-01-15,4106.224,4133.073,4096.85,4112.601,68025079100,,akshare.stock_zh_index_daily,week1_data_engineer_20260707_20260707T140842,2026-07-07T14:09:03
000001,2026-01-16,4127.063,4140.225,4091.811,4101.913,76358846500,,akshare.stock_zh_index_daily,week1_data_engineer_20260707_20260707T140842,2026-07-07T14:09:03
000001,2026-01-19,4090.719,4126.518,4090.057,4114.0,68890587000,,akshare.stock_zh_index_daily,week1_data_engineer_20260707_20260707T140842,2026-07-07T14:09:03
000001,2026-01-20,4116.366,4128.93,4080.294,4113.649,73436249600,,akshare.stock_zh_index_daily,week1_data_engineer_20260707_20260707T140842,2026-07-07T14:09:03
000001,2026-01-21,4103.529,4135.959,4103.529,4116.94,66698950700,,akshare.stock_zh_index_daily,week1_data_engineer_20260707_20260707T140842,2026-07-07T14:09:03
000001,2026-01-22,4126.072,4140.838,4109.923,4122.576,70969540900,,akshare.stock_zh_index_daily,week1_data_engineer_20260707_20260707T140842,2026-07-07T14:09:03
000001,2026-01-23,4130.108,4143.75,4120.204,4136.164,78211545400,,akshare.stock_zh_index_daily,week1_data_engineer_20260707_20260707T140842,2026-07-07T14:09:03
000001,2026-01-26,4144.778,4160.985,4124.7,4132.605,88743973100,,akshare.stock_zh_index_daily,week1_data_engineer_20260707_20260707T140842,2026-07-07T14:09:03
000001,2026-01-27,4125.216,4158.802,4101.83,4139.904,75499086900,,akshare.stock_zh_index_daily,week1_data_engineer_20260707_20260707T140842,2026-07-07T14:09:03
000001,2026-01-28,4150.215,4170.147,4138.019,4151.238,82302674800,,akshare.stock_zh_index_daily,week1_data_engineer_20260707_20260707T140842,2026-07-07T14:09:03
000001,2026-01-29,4155.919,4170.214,4138.299,4157.985,90590837100,,akshare.stock_zh_index_daily,week1_data_engineer_20260707_20260707T140842,2026-07-07T14:09:03
000001,2026-01-30,4131.993,4152.85,4064.777,4117.948,80434274600,,akshare.stock_zh_index_daily,week1_data_engineer_20260707_20260707T140842,2026-07-07T14:09:03
000001,2026-02-02,4079.708,4103.407,4013.656,4015.746,73295369800,,akshare.stock_zh_index_daily,week1_data_engineer_20260707_20260707T140842,2026-07-07T14:09:03
000001,2026-02-03,4043.906,4069.418,4002.782,4067.738,63768424900,,akshare.stock_zh_index_daily,week1_data_engineer_20260707_20260707T140842,2026-07-07T14:09:03
000001,2026-02-04,4064.677,4104.621,4062.683,4102.202,67425424400,,akshare.stock_zh_index_daily,week1_data_engineer_20260707_20260707T140842,2026-07-07T14:09:03
000001,2026-02-05,4075.025,4088.904,4048.939,4075.917,59672223600,,akshare.stock_zh_index_daily,week1_data_engineer_20260707_20260707T140842,2026-07-07T14:09:03
000001,2026-02-06,4040.299,4095.03,4029.973,4065.583,55670980100,,akshare.stock_zh_index_daily,week1_data_engineer_20260707_20260707T140842,2026-07-07T14:09:03
000001,2026-02-09,4103.54,4123.159,4093.056,4123.09,57263258200,,akshare.stock_zh_index_daily,week1_data_engineer_20260707_20260707T140842,2026-07-07T14:09:03
000001,2026-02-10,4127.766,4134.338,4117.564,4128.373,52462096900,,akshare.stock_zh_index_daily,week1_data_engineer_20260707_20260707T140842,2026-07-07T14:09:03
000001,2026-02-11,4124.428,4142.561,4122.428,4131.985,50068527800,,akshare.stock_zh_index_daily,week1_data_engineer_20260707_20260707T140842,2026-07-07T14:09:03
000001,2026-02-12,4136.99,4140.593,4124.131,4134.018,52937011600,,akshare.stock_zh_index_daily,week1_data_engineer_20260707_20260707T140842,2026-07-07T14:09:03
000001,2026-02-13,4115.924,4123.844,4079.77,4082.073,50079947200,,akshare.stock_zh_index_daily,week1_data_engineer_20260707_20260707T140842,2026-07-07T14:09:03
000001,2026-02-24,4129.134,4131.55,4105.937,4117.409,56632224900,,akshare.stock_zh_index_daily,week1_data_engineer_20260707_20260707T140842,2026-07-07T14:09:03
000001,2026-02-25,4123.781,4167.844,4122.699,4147.231,72478721400,,akshare.stock_zh_index_daily,week1_data_engineer_20260707_20260707T140842,2026-07-07T14:09:03
000001,2026-02-26,4151.068,4152.193,4127.153,4146.631,65170282600,,akshare.stock_zh_index_daily,week1_data_engineer_20260707_20260707T140842,2026-07-07T14:09:03
000001,2026-02-27,4128.897,4166.234,4128.36,4162.882,68204764600,,akshare.stock_zh_index_daily,week1_data_engineer_20260707_20260707T140842,2026-07-07T14:09:03
000001,2026-03-02,4151.801,4188.77,4131.368,4182.591,86157921800,,akshare.stock_zh_index_daily,week1_data_engineer_20260707_20260707T140842,2026-07-07T14:09:03
000001,2026-03-03,4189.408,4197.228,4116.011,4122.676,92113917000,,akshare.stock_zh_index_daily,week1_data_engineer_20260707_20260707T140842,2026-07-07T14:09:03
000001,2026-03-04,4087.632,4106.04,4055.413,4082.474,76516953100,,akshare.stock_zh_index_daily,week1_data_engineer_20260707_20260707T140842,2026-07-07T14:09:03
000001,2026-03-05,4109.777,4125.617,4090.621,4108.567,68974653500,,akshare.stock_zh_index_daily,week1_data_engineer_20260707_20260707T140842,2026-07-07T14:09:03
000001,2026-03-06,4085.895,4129.465,4085.895,4124.194,64676576000,,akshare.stock_zh_index_daily,week1_data_engineer_20260707_20260707T140842,2026-07-07T14:09:03
000001,2026-03-09,4098.699,4106.534,4052.545,4096.602,79780355600,,akshare.stock_zh_index_daily,week1_data_engineer_20260707_20260707T140842,2026-07-07T14:09:03
000001,2026-03-10,4098.587,4123.958,4098.587,4123.138,67492219400,,akshare.stock_zh_index_daily,week1_data_engineer_20260707_20260707T140842,2026-07-07T14:09:03
000001,2026-03-11,4123.666,4135.839,4112.8,4133.433,70772716900,,akshare.stock_zh_index_daily,week1_data_engineer_20260707_20260707T140842,2026-07-07T14:09:03
000001,2026-03-12,4133.2,4141.649,4103.164,4129.103,78615118200,,akshare.stock_zh_index_daily,week1_data_engineer_20260707_20260707T140842,2026-07-07T14:09:03
000001,2026-03-13,4117.574,4134.079,4086.847,4095.449,79205476400,,akshare.stock_zh_index_daily,week1_data_engineer_20260707_20260707T140842,2026-07-07T14:09:03
000001,2026-03-16,4092.249,4096.133,4048.087,4084.786,73222709800,,akshare.stock_zh_index_daily,week1_data_engineer_20260707_20260707T140842,2026-07-07T14:09:03
000001,2026-03-17,4086.295,4108.4,4049.58,4049.907,67877122400,,akshare.stock_zh_index_daily,week1_data_engineer_20260707_20260707T140842,2026-07-07T14:09:03
000001,2026-03-18,4053.305,4065.373,4023.03,4062.984,62387310200,,akshare.stock_zh_index_daily,week1_data_engineer_20260707_20260707T140842,2026-07-07T14:09:03
000001,2026-03-19,4028.542,4042.022,3994.165,4006.552,66725542200,,akshare.stock_zh_index_daily,week1_data_engineer_20260707_20260707T140842,2026-07-07T14:09:03
000001,2026-03-20,4004.573,4022.703,3955.711,3957.053,66679838700,,akshare.stock_zh_index_daily,week1_data_engineer_20260707_20260707T140842,2026-07-07T14:09:03
000001,2026-03-23,3904.951,3906.622,3794.684,3813.283,80473885000,,akshare.stock_zh_index_daily,week1_data_engineer_20260707_20260707T140842,2026-07-07T14:09:03
000001,2026-03-24,3849.631,3881.424,3807.994,3881.28,68062203900,,akshare.stock_zh_index_daily,week1_data_engineer_20260707_20260707T140842,2026-07-07T14:09:03
000001,2026-03-25,3892.269,3933.061,3891.816,3931.838,68834362600,,akshare.stock_zh_index_daily,week1_data_engineer_20260707_20260707T140842,2026-07-07T14:09:03
000001,2026-03-26,3924.962,3937.104,3880.573,3889.084,61597398100,,akshare.stock_zh_index_daily,week1_data_engineer_20260707_20260707T140842,2026-07-07T14:09:03
000001,2026-03-27,3852.094,3924.108,3852.094,3913.724,56134296300,,akshare.stock_zh_index_daily,week1_data_engineer_20260707_20260707T140842,2026-07-07T14:09:03
000001,2026-03-30,3884.277,3924.289,3872.776,3923.287,59558947900,,akshare.stock_zh_index_daily,week1_data_engineer_20260707_20260707T140842,2026-07-07T14:09:03
000001,2026-03-31,3924.067,3948.811,3891.861,3891.861,60670498300,,akshare.stock_zh_index_daily,week1_data_engineer_20260707_20260707T140842,2026-07-07T14:09:03
000001,2026-04-01,3939.566,3955.943,3929.921,3948.552,56461159800,,akshare.stock_zh_index_daily,week1_data_engineer_20260707_20260707T140842,2026-07-07T14:09:03
000001,2026-04-02,3940.799,3952.576,3900.116,3919.285,54421283500,,akshare.stock_zh_index_daily,week1_data_engineer_20260707_20260707T140842,2026-07-07T14:09:03
000001,2026-04-03,3927.592,3929.529,3871.3,3880.097,49269908200,,akshare.stock_zh_index_daily,week1_data_engineer_20260707_20260707T140842,2026-07-07T14:09:03
000001,2026-04-07,3884.151,3902.607,3875.684,3890.165,47361507600,,akshare.stock_zh_index_daily,week1_data_engineer_20260707_20260707T140842,2026-07-07T14:09:03
000001,2026-04-08,3930.251,3994.998,3926.249,3994.998,64413535200,,akshare.stock_zh_index_daily,week1_data_engineer_20260707_20260707T140842,2026-07-07T14:09:03
000001,2026-04-09,3967.63,3979.127,3955.246,3966.171,54156980100,,akshare.stock_zh_index_daily,week1_data_engineer_20260707_20260707T140842,2026-07-07T14:09:03
000001,2026-04-10,3985.464,4011.024,3979.814,3986.225,54641554100,,akshare.stock_zh_index_daily,week1_data_engineer_20260707_20260707T140842,2026-07-07T14:09:03
000001,2026-04-13,3971.199,3991.262,3966.198,3988.558,54578176800,,akshare.stock_zh_index_daily,week1_data_engineer_20260707_20260707T140842,2026-07-07T14:09:03
000001,2026-04-14,4006.727,4026.626,3992.407,4026.626,57025900300,,akshare.stock_zh_index_daily,week1_data_engineer_20260707_20260707T140842,2026-07-07T14:09:03
000001,2026-04-15,4039.471,4050.621,4020.904,4027.21,56945858900,,akshare.stock_zh_index_daily,week1_data_engineer_20260707_20260707T140842,2026-07-07T14:09:03
000001,2026-04-16,4030.138,4057.831,4028.909,4055.547,54587696700,,akshare.stock_zh_index_daily,week1_data_engineer_20260707_20260707T140842,2026-07-07T14:09:03
000001,2026-04-17,4043.381,4058.604,4038.429,4051.425,54879140600,,akshare.stock_zh_index_daily,week1_data_engineer_20260707_20260707T140842,2026-07-07T14:09:03
000001,2026-04-20,4053.375,4083.19,4051.685,4082.127,58984137900,,akshare.stock_zh_index_daily,week1_data_engineer_20260707_20260707T140842,2026-07-07T14:09:03
000001,2026-04-21,4075.845,4086.637,4062.133,4085.077,57668945000,,akshare.stock_zh_index_daily,week1_data_engineer_20260707_20260707T140842,2026-07-07T14:09:03
000001,2026-04-22,4074.813,4106.844,4074.68,4106.258,58246634600,,akshare.stock_zh_index_daily,week1_data_engineer_20260707_20260707T140842,2026-07-07T14:09:03
000001,2026-04-23,4110.788,4114.844,4070.46,4093.25,67116609200,,akshare.stock_zh_index_daily,week1_data_engineer_20260707_20260707T140842,2026-07-07T14:09:03
000001,2026-04-24,4081.033,4092.613,4061.145,4079.9,60503179800,,akshare.stock_zh_index_daily,week1_data_engineer_20260707_20260707T140842,2026-07-07T14:09:03
000001,2026-04-27,4074.811,4092.831,4071.08,4086.344,58995086700,,akshare.stock_zh_index_daily,week1_data_engineer_20260707_20260707T140842,2026-07-07T14:09:03
000001,2026-04-28,4076.143,4090.201,4062.872,4078.637,60050749800,,akshare.stock_zh_index_daily,week1_data_engineer_20260707_20260707T140842,2026-07-07T14:09:03
000001,2026-04-29,4061.822,4112.152,4061.822,4107.514,61422145100,,akshare.stock_zh_index_daily,week1_data_engineer_20260707_20260707T140842,2026-07-07T14:09:03
000001,2026-04-30,4107.297,4118.755,4100.966,4112.159,65691272800,,akshare.stock_zh_index_daily,week1_data_engineer_20260707_20260707T140842,2026-07-07T14:09:03
000001,2026-05-06,4135.451,4166.147,4129.911,4160.174,70117748000,,akshare.stock_zh_index_daily,week1_data_engineer_20260707_20260707T140842,2026-07-07T14:09:03
000001,2026-05-07,4168.447,4180.21,4163.137,4180.092,68557424900,,akshare.stock_zh_index_daily,week1_data_engineer_20260707_20260707T140842,2026-07-07T14:09:03
000001,2026-05-08,4163.854,4183.063,4154.246,4179.952,69701909400,,akshare.stock_zh_index_daily,week1_data_engineer_20260707_20260707T140842,2026-07-07T14:09:03
000001,2026-05-11,4201.347,4229.58,4186.082,4225.021,76273628700,,akshare.stock_zh_index_daily,week1_data_engineer_20260707_20260707T140842,2026-07-07T14:09:03
000001,2026-05-12,4229.283,4230.184,4199.344,4214.489,71898400200,,akshare.stock_zh_index_daily,week1_data_engineer_20260707_20260707T140842,2026-07-07T14:09:03
000001,2026-05-13,4192.315,4245.068,4192.315,4242.572,70501873900,,akshare.stock_zh_index_daily,week1_data_engineer_20260707_20260707T140842,2026-07-07T14:09:03
000001,2026-05-14,4256.157,4258.863,4177.918,4177.918,76423500400,,akshare.stock_zh_index_daily,week1_data_engineer_20260707_20260707T140842,2026-07-07T14:09:03
000001,2026-05-15,4174.175,4191.807,4114.086,4135.389,73316235700,,akshare.stock_zh_index_daily,week1_data_engineer_20260707_20260707T140842,2026-07-07T14:09:03
000001,2026-05-18,4120.14,4145.661,4108.604,4131.528,62723313700,,akshare.stock_zh_index_daily,week1_data_engineer_20260707_20260707T140842,2026-07-07T14:09:03
000001,2026-05-19,4122.961,4170.289,4107.994,4169.538,61761106700,,akshare.stock_zh_index_daily,week1_data_engineer_20260707_20260707T140842,2026-07-07T14:09:03
000001,2026-05-20,4152.698,4169.847,4139.974,4162.185,62415203500,,akshare.stock_zh_index_daily,week1_data_engineer_20260707_20260707T140842,2026-07-07T14:09:03
000001,2026-05-21,4174.377,4199.527,4074.217,4077.277,72721870100,,akshare.stock_zh_index_daily,week1_data_engineer_20260707_20260707T140842,2026-07-07T14:09:03
000001,2026-05-22,4096.172,4120.088,4067.747,4112.9,58945964400,,akshare.stock_zh_index_daily,week1_data_engineer_20260707_20260707T140842,2026-07-07T14:09:03
000001,2026-05-25,4126.338,4153.879,4119.8,4152.569,61593086100,,akshare.stock_zh_index_daily,week1_data_engineer_20260707_20260707T140842,2026-07-07T14:09:03
000001,2026-05-26,4137.32,4150.289,4104.459,4145.373,65477775600,,akshare.stock_zh_index_daily,week1_data_engineer_20260707_20260707T140842,2026-07-07T14:09:03
000001,2026-05-27,4138.805,4153.561,4077.616,4093.727,66046739900,,akshare.stock_zh_index_daily,week1_data_engineer_20260707_20260707T140842,2026-07-07T14:09:03
000001,2026-05-28,4080.304,4110.782,4055.828,4098.636,62117995000,,akshare.stock_zh_index_daily,week1_data_engineer_20260707_20260707T140842,2026-07-07T14:09:03
000001,2026-05-29,4110.521,4112.955,4055.886,4068.569,73159771000,,akshare.stock_zh_index_daily,week1_data_engineer_20260707_20260707T140842,2026-07-07T14:09:03
000001,2026-06-01,4067.158,4093.041,4045.69,4057.74,67602580600,,akshare.stock_zh_index_daily,week1_data_engineer_20260707_20260707T140842,2026-07-07T14:09:03
000001,2026-06-02,4061.463,4089.575,4032.583,4075.102,64224465600,,akshare.stock_zh_index_daily,week1_data_engineer_20260707_20260707T140842,2026-07-07T14:09:03
000001,2026-06-03,4068.341,4107.046,4059.907,4083.974,66845258300,,akshare.stock_zh_index_daily,week1_data_engineer_20260707_20260707T140842,2026-07-07T14:09:03
000001,2026-06-04,4053.67,4080.718,4043.433,4057.781,62119477400,,akshare.stock_zh_index_daily,week1_data_engineer_20260707_20260707T140842,2026-07-07T14:09:03
000001,2026-06-05,4044.829,4078.932,4015.063,4027.736,66291857700,,akshare.stock_zh_index_daily,week1_data_engineer_20260707_20260707T140842,2026-07-07T14:09:03
000001,2026-06-08,3938.709,4007.493,3927.853,3959.338,65929355500,,akshare.stock_zh_index_daily,week1_data_engineer_20260707_20260707T140842,2026-07-07T14:09:03
000001,2026-06-09,3977.539,4010.872,3955.908,4010.031,57657009000,,akshare.stock_zh_index_daily,week1_data_engineer_20260707_20260707T140842,2026-07-07T14:09:03
000001,2026-06-10,3985.124,4006.313,3963.442,3993.226,59869473900,,akshare.stock_zh_index_daily,week1_data_engineer_20260707_20260707T140842,2026-07-07T14:09:03
000001,2026-06-11,3979.706,3997.478,3958.437,3987.015,56854524400,,akshare.stock_zh_index_daily,week1_data_engineer_20260707_20260707T140842,2026-07-07T14:09:03
000001,2026-06-12,4017.865,4060.271,4008.177,4031.513,74313109200,,akshare.stock_zh_index_daily,week1_data_engineer_20260707_20260707T140842,2026-07-07T14:09:03
000001,2026-06-15,4053.582,4097.166,4051.065,4096.472,67890781100,,akshare.stock_zh_index_daily,week1_data_engineer_20260707_20260707T140842,2026-07-07T14:09:03
000001,2026-06-16,4094.212,4103.926,4077.87,4091.892,61566829600,,akshare.stock_zh_index_daily,week1_data_engineer_20260707_20260707T140842,2026-07-07T14:09:03
000001,2026-06-17,4074.291,4109.958,4073.732,4108.076,60807741300,,akshare.stock_zh_index_daily,week1_data_engineer_20260707_20260707T140842,2026-07-07T14:09:03
000001,2026-06-18,4094.23,4117.451,4080.294,4090.481,65811606800,,akshare.stock_zh_index_daily,week1_data_engineer_20260707_20260707T140842,2026-07-07T14:09:03
000001,2026-06-22,4093.955,4164.418,4070.172,4163.097,74369935500,,akshare.stock_zh_index_daily,week1_data_engineer_20260707_20260707T140842,2026-07-07T14:09:03
000001,2026-06-23,4153.593,4175.348,4085.591,4106.252,70900391300,,akshare.stock_zh_index_daily,week1_data_engineer_20260707_20260707T140842,2026-07-07T14:09:03
000001,2026-06-24,4090.1,4117.285,4075.492,4110.813,64452751800,,akshare.stock_zh_index_daily,week1_data_engineer_20260707_20260707T140842,2026-07-07T14:09:03
000001,2026-06-25,4103.482,4133.098,4093.009,4120.281,67045991700,,akshare.stock_zh_index_daily,week1_data_engineer_20260707_20260707T140842,2026-07-07T14:09:03
000001,2026-06-26,4098.686,4099.78,4007.859,4027.265,66010866600,,akshare.stock_zh_index_daily,week1_data_engineer_20260707_20260707T140842,2026-07-07T14:09:03
000001,2026-06-29,4026.686,4075.334,3992.552,4073.902,65919993600,,akshare.stock_zh_index_daily,week1_data_engineer_20260707_20260707T140842,2026-07-07T14:09:03
000001,2026-06-30,4058.17,4097.415,4052.17,4094.397,59841220300,,akshare.stock_zh_index_daily,week1_data_engineer_20260707_20260707T140842,2026-07-07T14:09:03
000001,2026-07-01,4090.76,4143.314,4087.535,4112.445,67233179100,,akshare.stock_zh_index_daily,week1_data_engineer_20260707_20260707T140842,2026-07-07T14:09:03
000001,2026-07-02,4054.086,4093.678,4019.215,4028.904,65623361200,,akshare.stock_zh_index_daily,week1_data_engineer_20260707_20260707T140842,2026-07-07T14:09:03
000001,2026-07-03,4031.335,4073.88,4027.255,4043.643,60200973800,,akshare.stock_zh_index_daily,week1_data_engineer_20260707_20260707T140842,2026-07-07T14:09:03
000001,2026-07-06,4059.194,4060.069,4005.414,4041.238,59036490300,,akshare.stock_zh_index_daily,week1_data_engineer_20260707_20260707T140842,2026-07-07T14:09:03
